2026-06-10T18:15:20.991Z [league] grinder up — pace 30s/pairing, resuming at cycle 0
2026-06-10T18:15:22.854Z [league] new round-robin pass: 14 engines, 91 pairings
2026-06-10T18:15:22.870Z [league] datasets/ at 0.47 GB
2026-06-10T18:15:25.246Z [league] classic vs pilot · seed 50001 · arena #5 · classic 0W 21K dom -2.0 | pilot 1W 46K dom 35.0
2026-06-10T18:15:53.713Z [league] classic vs reaper · seed 50002 · arena #11 · classic 0W 25K dom 5.5 | reaper 1W 39K dom 25.5
2026-06-10T18:16:23.604Z [league] classic vs matador · seed 50003 · arena #19 · classic 0W 19K dom -5.5 | matador 1W 49K dom 38.5
2026-06-10T18:16:53.555Z [league] classic vs kestrel · seed 50004 · arena #23 · classic 0W 19K dom -2.5 | kestrel 1W 43K dom 33.5
2026-06-10T18:17:23.294Z [league] classic vs wolf · seed 50005 · arena #31 · classic 0W 20K dom -3.5 | wolf 1W 47K dom 37.0
2026-06-10T18:17:53.262Z [league] classic vs plover · seed 50006 · arena #41 · classic 0W 19K dom -3.5 | plover 1W 44K dom 34.5
2026-06-10T18:18:23.349Z [league] classic vs hydra · seed 50007 · arena #53 · classic 0W 16K dom -3.5 | hydra 1W 38K dom 30.0
2026-06-10T18:18:53.579Z [league] classic vs shrike · seed 50008 · arena #67 · classic 0W 17K dom -1.5 | shrike 1W 37K dom 28.5
2026-06-10T18:19:23.698Z [league] classic vs cuadrilla · seed 50009 · arena #88 · classic 0W 15K dom -7.0 | cuadrilla 1W 44K dom 36.5
2026-06-10T18:19:54.237Z [league] classic vs orca · seed 50010 · arena #0 · classic 0W 21K dom 1.0 | orca 1W 40K dom 29.5
2026-06-10T18:20:23.358Z [league] classic vs neural · seed 50011 · arena #5 · classic 1W 33K dom 29.5 | neural 0W 7K dom -9.5
2026-06-10T18:20:53.355Z [league] classic vs angler · seed 50012 · arena #11 · classic 0W 20K dom -2.0 | angler 1W 44K dom 34.0
2026-06-10T18:21:23.597Z [league] classic vs disciple · seed 50013 · arena #19 · classic 1W 25K dom 20.0 | disciple 0W 10K dom -3.0
2026-06-10T18:21:53.476Z [league] pilot vs reaper · seed 50014 · arena #23 · pilot 1W 38K dom 22.5 | reaper 0W 30K dom 11.0
2026-06-10T18:22:23.603Z [league] pilot vs matador · seed 50015 · arena #31 · pilot 0W 29K dom 12.5 | matador 1W 33K dom 18.5
2026-06-10T18:22:53.220Z [league] pilot vs kestrel · seed 50016 · arena #41 · pilot 1W 34K dom 17.5 | kestrel 0W 32K dom 15.0
2026-06-10T18:23:23.692Z [league] pilot vs wolf · seed 50017 · arena #53 · pilot 0W 31K dom 8.5 | wolf 1W 45K dom 29.5
2026-06-10T18:23:53.368Z [league] pilot vs plover · seed 50018 · arena #67 · pilot 1W 31K dom 16.5 | plover 0W 29K dom 13.5
2026-06-10T18:24:23.308Z [league] pilot vs hydra · seed 50019 · arena #88 · pilot 0W 33K dom 12.0 | hydra 1W 42K dom 25.5
2026-06-10T18:24:53.656Z [league] pilot vs shrike · seed 50020 · arena #0 · pilot 0W 39K dom 16.0 | shrike 1W 46K dom 26.5
2026-06-10T18:25:23.223Z [league] pilot vs cuadrilla · seed 50021 · arena #5 · pilot 0W 28K dom 5.5 | cuadrilla 1W 45K dom 31.0
2026-06-10T18:25:53.664Z [league] pilot vs orca · seed 50022 · arena #11 · pilot 0W 27K dom 7.5 | orca 1W 38K dom 24.5
2026-06-10T18:26:23.330Z [league] pilot vs neural · seed 50023 · arena #19 · pilot 1W 35K dom 31.5 | neural 0W 6K dom -12.0
2026-06-10T18:26:53.573Z [league] pilot vs angler · seed 50024 · arena #23 · pilot 0W 26K dom 2.0 | angler 1W 48K dom 35.0
2026-06-10T18:27:23.846Z [league] pilot vs disciple · seed 50025 · arena #31 · pilot 1W 31K dom 29.0 | disciple 0W 3K dom -12.5
2026-06-10T18:27:53.287Z [league] reaper vs matador · seed 50026 · arena #41 · reaper 0W 29K dom 14.0 | matador 1W 30K dom 15.5
2026-06-10T18:28:23.111Z [league] reaper vs kestrel · seed 50027 · arena #53 · reaper 0W 32K dom 14.5 | kestrel 1W 35K dom 19.0
2026-06-10T18:28:53.065Z [league] reaper vs wolf · seed 50028 · arena #67 · reaper 0W 19K dom 1.0 | wolf 1W 36K dom 26.5
2026-06-10T18:29:23.631Z [league] reaper vs plover · seed 50029 · arena #88 · reaper 0W 30K dom 10.5 | plover 1W 39K dom 24.0
2026-06-10T18:29:53.513Z [league] reaper vs hydra · seed 50030 · arena #0 · reaper 0W 27K dom 5.5 | hydra 1W 43K dom 29.0
2026-06-10T18:30:23.646Z [league] reaper vs shrike · seed 50031 · arena #5 · reaper 0W 25K dom 8.0 | shrike 1W 34K dom 21.5
2026-06-10T18:30:53.532Z [league] reaper vs cuadrilla · seed 50032 · arena #11 · reaper 0W 18K dom 0.5 | cuadrilla 1W 35K dom 26.0
2026-06-10T18:31:23.610Z [league] reaper vs orca · seed 50033 · arena #19 · reaper 0W 20K dom 2.0 | orca 1W 36K dom 26.0
2026-06-10T18:31:53.257Z [league] reaper vs neural · seed 50034 · arena #23 · reaper 1W 29K dom 25.5 | neural 0W 5K dom -9.5
2026-06-10T18:32:23.642Z [league] reaper vs angler · seed 50035 · arena #31 · reaper 0W 18K dom 1.0 | angler 1W 33K dom 24.0
2026-06-10T18:32:53.324Z [league] reaper vs disciple · seed 50036 · arena #41 · reaper 1W 41K dom 37.0 | disciple 0W 8K dom -12.5
2026-06-10T18:33:23.373Z [league] matador vs kestrel · seed 50037 · arena #53 · matador 1W 47K dom 28.0 | kestrel 0W 38K dom 14.5
2026-06-10T18:33:53.067Z [league] matador vs wolf · seed 50038 · arena #67 · matador 0W 35K dom 15.0 | wolf 1W 39K dom 21.5
2026-06-10T18:34:23.520Z [league] matador vs plover · seed 50039 · arena #88 · matador 1W 29K dom 16.0 | plover 0W 26K dom 11.5
2026-06-10T18:34:53.289Z [league] matador vs hydra · seed 50040 · arena #0 · matador 1W 38K dom 22.0 | hydra 0W 32K dom 13.0
2026-06-10T18:35:23.823Z [league] matador vs shrike · seed 50041 · arena #5 · matador 0W 33K dom 14.5 | shrike 1W 37K dom 20.5
2026-06-10T18:35:53.832Z [league] matador vs cuadrilla · seed 50042 · arena #11 · matador 0W 20K dom 5.5 | cuadrilla 1W 29K dom 19.0
2026-06-10T18:36:23.723Z [league] matador vs orca · seed 50043 · arena #19 · matador 0W 37K dom 17.0 | orca 1W 40K dom 21.5
2026-06-10T18:36:53.308Z [league] matador vs neural · seed 50044 · arena #23 · matador 1W 42K dom 41.0 | neural 0W 1K dom -20.0
2026-06-10T18:37:23.225Z [league] matador vs angler · seed 50045 · arena #31 · matador 0W 44K dom 20.5 | angler 1W 47K dom 25.0
2026-06-10T18:37:53.712Z [league] matador vs disciple · seed 50046 · arena #41 · matador 1W 55K dom 54.0 | disciple 0W 1K dom -26.5
2026-06-10T18:38:23.266Z [league] kestrel vs wolf · seed 50047 · arena #53 · kestrel 0W 37K dom 17.5 | wolf 1W 39K dom 20.5
2026-06-10T18:38:53.835Z [league] kestrel vs plover · seed 50048 · arena #67 · kestrel 0W 38K dom 18.0 | plover 1W 39K dom 20.0
2026-06-10T18:39:23.351Z [league] kestrel vs hydra · seed 50049 · arena #88 · kestrel 0W 30K dom 12.0 | hydra 1W 36K dom 21.0
2026-06-10T18:39:53.731Z [league] kestrel vs shrike · seed 50050 · arena #0 · kestrel 0W 33K dom 16.5 | shrike 0W 33K dom 16.5
2026-06-10T18:40:23.479Z [league] kestrel vs cuadrilla · seed 50051 · arena #5 · kestrel 0W 20K dom 6.0 | cuadrilla 1W 28K dom 18.0
2026-06-10T18:40:53.828Z [league] kestrel vs orca · seed 50052 · arena #11 · kestrel 0W 32K dom 10.0 | orca 1W 42K dom 26.0
2026-06-10T18:41:23.893Z [league] kestrel vs neural · seed 50053 · arena #19 · kestrel 1W 37K dom 34.5 | neural 0W 3K dom -15.5
2026-06-10T18:41:53.482Z [league] kestrel vs angler · seed 50054 · arena #23 · kestrel 0W 28K dom 10.5 | angler 1W 35K dom 21.0
2026-06-10T18:42:23.403Z [league] kestrel vs disciple · seed 50055 · arena #31 · kestrel 1W 53K dom 50.0 | disciple 0W 6K dom -20.5
2026-06-10T18:42:53.826Z [league] wolf vs plover · seed 50056 · arena #41 · wolf 1W 34K dom 21.0 | plover 0W 26K dom 9.0
2026-06-10T18:43:23.285Z [league] wolf vs hydra · seed 50057 · arena #53 · wolf 1W 44K dom 26.0 | hydra 0W 36K dom 14.0
2026-06-10T18:43:53.382Z [league] wolf vs shrike · seed 50058 · arena #67 · wolf 0W 33K dom 16.5 | shrike 0W 33K dom 16.5
2026-06-10T18:44:23.312Z [league] wolf vs cuadrilla · seed 50059 · arena #88 · wolf 1W 41K dom 21.0 | cuadrilla 0W 40K dom 19.0
2026-06-10T18:44:53.844Z [league] wolf vs orca · seed 50060 · arena #0 · wolf 1W 41K dom 23.5 | orca 0W 35K dom 14.5
2026-06-10T18:45:23.423Z [league] wolf vs neural · seed 50061 · arena #5 · wolf 1W 46K dom 41.5 | neural 0W 7K dom -16.0
2026-06-10T18:45:53.650Z [league] wolf vs angler · seed 50062 · arena #11 · wolf 0W 33K dom 15.0 | angler 1W 36K dom 19.5
2026-06-10T18:46:23.261Z [league] wolf vs disciple · seed 50063 · arena #19 · wolf 1W 52K dom 51.0 | disciple 0W 2K dom -24.0
2026-06-10T18:46:53.565Z [league] plover vs hydra · seed 50064 · arena #23 · plover 1W 28K dom 15.0 | hydra 0W 26K dom 12.0
2026-06-10T18:47:23.706Z [league] plover vs shrike · seed 50065 · arena #31 · plover 0W 30K dom 9.5 | shrike 1W 41K dom 26.0
2026-06-10T18:47:53.407Z [league] plover vs cuadrilla · seed 50066 · arena #41 · plover 0W 28K dom 9.5 | cuadrilla 1W 37K dom 23.0
2026-06-10T18:48:23.939Z [league] plover vs orca · seed 50067 · arena #53 · plover 0W 29K dom 8.0 | orca 1W 42K dom 27.5
2026-06-10T18:48:53.423Z [league] plover vs neural · seed 50068 · arena #67 · plover 1W 54K dom 52.5 | neural 0W 3K dom -24.0
2026-06-10T18:49:23.527Z [league] plover vs angler · seed 50069 · arena #88 · plover 0W 27K dom 6.5 | angler 1W 41K dom 27.5
2026-06-10T18:49:54.142Z [league] plover vs disciple · seed 50070 · arena #0 · plover 1W 24K dom 22.0 | disciple 0W 4K dom -8.0
2026-06-10T18:50:23.545Z [league] hydra vs shrike · seed 50071 · arena #5 · hydra 0W 35K dom 17.5 | shrike 0W 35K dom 17.5
2026-06-10T18:50:53.676Z [league] hydra vs cuadrilla · seed 50072 · arena #11 · hydra 0W 30K dom 13.0 | cuadrilla 1W 33K dom 18.0
2026-06-10T18:51:23.783Z [league] hydra vs orca · seed 50073 · arena #19 · hydra 0W 33K dom 15.0 | orca 1W 36K dom 19.5
2026-06-10T18:51:53.457Z [league] hydra vs neural · seed 50074 · arena #23 · hydra 1W 49K dom 46.5 | neural 0W 5K dom -19.5
2026-06-10T18:52:23.606Z [league] hydra vs angler · seed 50075 · arena #31 · hydra 0W 35K dom 11.5 | angler 1W 47K dom 29.5
2026-06-10T18:52:53.790Z [league] hydra vs disciple · seed 50076 · arena #41 · hydra 1W 47K dom 45.0 | disciple 0W 4K dom -19.5
2026-06-10T18:53:23.816Z [league] shrike vs cuadrilla · seed 50077 · arena #53 · shrike 0W 22K dom 10.5 | cuadrilla 1W 23K dom 12.0
2026-06-10T18:53:53.764Z [league] shrike vs orca · seed 50078 · arena #67 · shrike 0W 40K dom 20.0 | orca 0W 40K dom 20.0
2026-06-10T18:54:23.775Z [league] shrike vs neural · seed 50079 · arena #88 · shrike 1W 54K dom 51.5 | neural 0W 5K dom -22.0
2026-06-10T18:54:53.695Z [league] shrike vs angler · seed 50080 · arena #0 · shrike 0W 25K dom 5.5 | angler 1W 38K dom 25.0
2026-06-10T18:55:24.156Z [league] shrike vs disciple · seed 50081 · arena #5 · shrike 1W 46K dom 43.5 | disciple 0W 4K dom -19.0
2026-06-10T18:55:53.963Z [league] cuadrilla vs orca · seed 50082 · arena #11 · cuadrilla 0W 37K dom 18.0 | orca 1W 38K dom 19.5
2026-06-10T18:56:23.754Z [league] cuadrilla vs neural · seed 50083 · arena #19 · cuadrilla 1W 42K dom 40.0 | neural 0W 4K dom -17.0
2026-06-10T18:56:53.376Z [league] cuadrilla vs angler · seed 50084 · arena #23 · cuadrilla 0W 35K dom 14.0 | angler 1W 41K dom 23.5
2026-06-10T18:57:23.718Z [league] cuadrilla vs disciple · seed 50085 · arena #31 · cuadrilla 1W 15K dom 15.0 | disciple 0W 0K dom -7.5
2026-06-10T18:57:53.935Z [league] orca vs neural · seed 50086 · arena #41 · orca 1W 45K dom 43.0 | neural 0W 4K dom -19.0
2026-06-10T18:58:23.769Z [league] orca vs angler · seed 50087 · arena #53 · orca 0W 32K dom 13.5 | angler 1W 37K dom 20.5
2026-06-10T18:58:53.881Z [league] orca vs disciple · seed 50088 · arena #67 · orca 1W 34K dom 33.5 | disciple 0W 1K dom -16.0
2026-06-10T18:59:23.913Z [league] neural vs angler · seed 50089 · arena #88 · neural 0W 4K dom -23.0 | angler 1W 54K dom 52.0
2026-06-10T18:59:53.709Z [league] neural vs disciple · seed 50090 · arena #0 · neural 0W 4K dom 1.5 | disciple 1W 4K dom 2.0
2026-06-10T19:00:23.665Z [league] angler vs disciple · seed 50091 · arena #5 · angler 1W 51K dom 50.0 | disciple 0W 2K dom -23.5
2026-06-10T19:00:52.711Z [league] new round-robin pass: 14 engines, 91 pairings
2026-06-10T19:00:52.836Z [league] datasets/ at 4.56 GB
2026-06-10T19:00:55.064Z [league] classic vs pilot · seed 50092 · arena #11 · classic 0W 20K dom -1.5 | pilot 1W 43K dom 32.0
2026-06-10T19:01:23.482Z [league] classic vs reaper · seed 50093 · arena #19 · classic 0W 25K dom 6.5 | reaper 1W 37K dom 24.5
2026-06-10T19:01:53.425Z [league] classic vs matador · seed 50094 · arena #23 · classic 0W 16K dom -11.0 | matador 1W 54K dom 45.5
2026-06-10T19:02:23.508Z [league] classic vs kestrel · seed 50095 · arena #31 · classic 0W 17K dom -3.5 | kestrel 1W 40K dom 31.5
2026-06-10T19:02:53.296Z [league] classic vs wolf · seed 50096 · arena #41 · classic 0W 16K dom -9.0 | wolf 1W 50K dom 41.5
2026-06-10T19:03:23.628Z [league] classic vs plover · seed 50097 · arena #53 · classic 0W 20K dom 0.0 | plover 1W 40K dom 29.5
2026-06-10T19:03:53.795Z [league] classic vs hydra · seed 50098 · arena #67 · classic 0W 16K dom -2.0 | hydra 1W 36K dom 28.0
2026-06-10T19:04:23.741Z [league] classic vs shrike · seed 50099 · arena #88 · classic 0W 14K dom -10.5 | shrike 1W 48K dom 40.5
2026-06-10T19:04:53.605Z [league] classic vs cuadrilla · seed 50100 · arena #0 · classic 0W 17K dom -9.0 | cuadrilla 1W 52K dom 43.5
2026-06-10T19:05:24.107Z [league] classic vs orca · seed 50101 · arena #5 · classic 0W 18K dom -4.0 | orca 1W 44K dom 35.0
2026-06-10T19:05:53.662Z [league] classic vs neural · seed 50102 · arena #11 · classic 1W 28K dom 25.0 | neural 0W 6K dom -8.0
2026-06-10T19:06:23.730Z [league] classic vs angler · seed 50103 · arena #19 · classic 0W 21K dom -2.0 | angler 1W 46K dom 35.5
2026-06-10T19:06:53.642Z [league] classic vs disciple · seed 50104 · arena #23 · classic 1W 22K dom 18.0 | disciple 0W 8K dom -3.0
2026-06-10T19:07:23.522Z [league] pilot vs reaper · seed 50105 · arena #31 · pilot 1W 31K dom 17.5 | reaper 0W 26K dom 10.0
2026-06-10T19:07:53.469Z [league] pilot vs matador · seed 50106 · arena #41 · pilot 0W 31K dom 13.5 | matador 1W 35K dom 19.0
2026-06-10T19:08:23.597Z [league] pilot vs kestrel · seed 50107 · arena #53 · pilot 0W 32K dom 14.0 | kestrel 1W 35K dom 19.0
2026-06-10T19:08:53.285Z [league] pilot vs wolf · seed 50108 · arena #67 · pilot 0W 28K dom 4.5 | wolf 1W 47K dom 33.0
2026-06-10T19:09:23.324Z [league] pilot vs plover · seed 50109 · arena #88 · pilot 0W 33K dom 12.5 | plover 1W 39K dom 22.5
2026-06-10T19:09:53.477Z [league] pilot vs hydra · seed 50110 · arena #0 · pilot 0W 31K dom 9.5 | hydra 1W 43K dom 27.5
2026-06-10T19:10:23.704Z [league] pilot vs shrike · seed 50111 · arena #5 · pilot 0W 28K dom 9.0 | shrike 1W 37K dom 22.5
2026-06-10T19:10:53.367Z [league] pilot vs cuadrilla · seed 50112 · arena #11 · pilot 0W 20K dom 3.5 | cuadrilla 1W 33K dom 23.0
2026-06-10T19:11:23.567Z [league] pilot vs orca · seed 50113 · arena #19 · pilot 0W 31K dom 8.0 | orca 1W 46K dom 30.5
2026-06-10T19:11:53.317Z [league] pilot vs neural · seed 50114 · arena #23 · pilot 1W 31K dom 29.0 | neural 0W 4K dom -11.5
2026-06-10T19:12:23.463Z [league] pilot vs angler · seed 50115 · arena #31 · pilot 0W 30K dom 4.5 | angler 1W 51K dom 35.5
2026-06-10T19:12:53.824Z [league] pilot vs disciple · seed 50116 · arena #41 · pilot 1W 48K dom 46.0 | disciple 0W 4K dom -21.0
2026-06-10T19:13:23.460Z [league] reaper vs matador · seed 50117 · arena #53 · reaper 0W 27K dom 4.0 | matador 1W 46K dom 32.5
2026-06-10T19:13:53.487Z [league] reaper vs kestrel · seed 50118 · arena #67 · reaper 0W 30K dom 11.5 | kestrel 1W 37K dom 22.0
2026-06-10T19:14:23.753Z [league] reaper vs wolf · seed 50119 · arena #88 · reaper 0W 24K dom 5.5 | wolf 1W 37K dom 24.5
2026-06-10T19:14:53.451Z [league] reaper vs plover · seed 50120 · arena #0 · reaper 0W 33K dom 14.5 | plover 1W 36K dom 19.5
2026-06-10T19:15:23.727Z [league] reaper vs hydra · seed 50121 · arena #5 · reaper 0W 26K dom 8.5 | hydra 1W 32K dom 19.0
2026-06-10T19:15:53.493Z [league] reaper vs shrike · seed 50122 · arena #11 · reaper 0W 28K dom 11.5 | shrike 1W 33K dom 19.0
2026-06-10T19:16:23.432Z [league] reaper vs cuadrilla · seed 50123 · arena #19 · reaper 0W 21K dom 1.5 | cuadrilla 1W 39K dom 28.5
2026-06-10T19:16:53.924Z [league] reaper vs orca · seed 50124 · arena #23 · reaper 0W 25K dom 7.0 | orca 1W 35K dom 22.5
2026-06-10T19:17:23.513Z [league] reaper vs neural · seed 50125 · arena #31 · reaper 1W 38K dom 35.5 | neural 0W 5K dom -14.0
2026-06-10T19:17:53.953Z [league] reaper vs angler · seed 50126 · arena #41 · reaper 0W 26K dom 6.5 | angler 1W 38K dom 25.0
2026-06-10T19:18:23.697Z [league] reaper vs disciple · seed 50127 · arena #53 · reaper 1W 30K dom 28.0 | disciple 0W 3K dom -12.5
2026-06-10T19:18:53.582Z [league] matador vs kestrel · seed 50128 · arena #67 · matador 1W 43K dom 26.5 | kestrel 0W 32K dom 10.5
2026-06-10T19:19:23.384Z [league] matador vs wolf · seed 50129 · arena #88 · matador 0W 30K dom 10.0 | wolf 1W 39K dom 24.0
2026-06-10T19:19:53.881Z [league] matador vs plover · seed 50130 · arena #0 · matador 1W 33K dom 18.5 | plover 0W 29K dom 12.5
2026-06-10T19:20:23.815Z [league] matador vs hydra · seed 50131 · arena #5 · matador 1W 43K dom 23.5 | hydra 0W 39K dom 17.5
2026-06-10T19:20:53.681Z [league] matador vs shrike · seed 50132 · arena #11 · matador 1W 42K dom 22.0 | shrike 0W 40K dom 19.0
2026-06-10T19:21:24.266Z [league] matador vs cuadrilla · seed 50133 · arena #19 · matador 0W 36K dom 17.0 | cuadrilla 1W 38K dom 20.0
2026-06-10T19:21:53.640Z [league] matador vs orca · seed 50134 · arena #23 · matador 1W 40K dom 23.5 | orca 0W 32K dom 12.0
2026-06-10T19:22:23.817Z [league] matador vs neural · seed 50135 · arena #31 · matador 1W 50K dom 47.0 | neural 0W 4K dom -21.0
2026-06-10T19:22:53.695Z [league] matador vs angler · seed 50136 · arena #41 · matador 0W 39K dom 17.5 | angler 1W 43K dom 23.5
2026-06-10T19:23:23.830Z [league] matador vs disciple · seed 50137 · arena #53 · matador 1W 42K dom 40.0 | disciple 0W 2K dom -19.0
2026-06-10T19:23:53.645Z [league] kestrel vs wolf · seed 50138 · arena #67 · kestrel 0W 24K dom 4.0 | wolf 1W 40K dom 28.0
2026-06-10T19:24:23.581Z [league] kestrel vs plover · seed 50139 · arena #88 · kestrel 0W 33K dom 16.0 | plover 1W 34K dom 17.5
2026-06-10T19:24:53.557Z [league] kestrel vs hydra · seed 50140 · arena #0 · kestrel 0W 33K dom 11.0 | hydra 1W 44K dom 27.5
2026-06-10T19:25:23.880Z [league] kestrel vs shrike · seed 50141 · arena #5 · kestrel 0W 36K dom 14.5 | shrike 1W 42K dom 24.0
2026-06-10T19:25:53.458Z [league] kestrel vs cuadrilla · seed 50142 · arena #11 · kestrel 0W 26K dom 7.5 | cuadrilla 1W 36K dom 23.0
2026-06-10T19:26:23.928Z [league] kestrel vs orca · seed 50143 · arena #19 · kestrel 0W 29K dom 8.0 | orca 1W 42K dom 27.5
2026-06-10T19:26:53.739Z [league] kestrel vs neural · seed 50144 · arena #23 · kestrel 1W 49K dom 46.5 | neural 0W 5K dom -20.5
2026-06-10T19:27:23.635Z [league] kestrel vs angler · seed 50145 · arena #31 · kestrel 0W 32K dom 11.5 | angler 1W 41K dom 25.0
2026-06-10T19:27:53.650Z [league] kestrel vs disciple · seed 50146 · arena #41 · kestrel 1W 50K dom 48.5 | disciple 0W 3K dom -22.0
2026-06-10T19:28:23.751Z [league] wolf vs plover · seed 50147 · arena #53 · wolf 1W 43K dom 25.0 | plover 0W 36K dom 14.5
2026-06-10T19:28:53.809Z [league] wolf vs hydra · seed 50148 · arena #67 · wolf 1W 36K dom 21.5 | hydra 0W 29K dom 11.0
2026-06-10T19:29:23.554Z [league] wolf vs shrike · seed 50149 · arena #88 · wolf 0W 38K dom 18.5 | shrike 1W 39K dom 20.0
2026-06-10T19:29:53.731Z [league] wolf vs cuadrilla · seed 50150 · arena #0 · wolf 0W 40K dom 20.0 | cuadrilla 0W 40K dom 20.0
2026-06-10T19:30:24.408Z [league] wolf vs orca · seed 50151 · arena #5 · wolf 0W 35K dom 17.0 | orca 1W 36K dom 18.5
2026-06-10T19:30:53.551Z [league] wolf vs neural · seed 50152 · arena #11 · wolf 1W 48K dom 46.5 | neural 0W 2K dom -22.0
2026-06-10T19:31:23.734Z [league] wolf vs angler · seed 50153 · arena #19 · wolf 0W 30K dom 14.0 | angler 1W 32K dom 16.5
2026-06-10T19:31:53.763Z [league] wolf vs disciple · seed 50154 · arena #23 · wolf 1W 56K dom 54.0 | disciple 0W 4K dom -24.5
2026-06-10T19:32:23.846Z [league] plover vs hydra · seed 50155 · arena #31 · plover 0W 25K dom 12.0 | hydra 1W 25K dom 12.5
2026-06-10T19:32:54.212Z [league] plover vs shrike · seed 50156 · arena #41 · plover 0W 25K dom 9.5 | shrike 1W 31K dom 18.5
2026-06-10T19:33:23.560Z [league] plover vs cuadrilla · seed 50157 · arena #53 · plover 0W 29K dom 11.5 | cuadrilla 1W 35K dom 20.5
2026-06-10T19:33:53.750Z [league] plover vs orca · seed 50158 · arena #67 · plover 0W 23K dom 2.0 | orca 1W 42K dom 30.5
2026-06-10T19:34:23.666Z [league] plover vs neural · seed 50159 · arena #88 · plover 1W 53K dom 51.5 | neural 0W 3K dom -24.0
2026-06-10T19:34:53.718Z [league] plover vs angler · seed 50160 · arena #0 · plover 0W 31K dom 7.5 | angler 1W 47K dom 31.5
2026-06-10T19:35:23.594Z [league] plover vs disciple · seed 50161 · arena #5 · plover 1W 44K dom 42.5 | disciple 0W 3K dom -19.0
2026-06-10T19:35:53.924Z [league] hydra vs shrike · seed 50162 · arena #11 · hydra 0W 32K dom 11.0 | shrike 1W 42K dom 25.5
2026-06-10T19:36:23.869Z [league] hydra vs cuadrilla · seed 50163 · arena #19 · hydra 0W 22K dom 6.5 | cuadrilla 1W 31K dom 20.0
2026-06-10T19:36:53.851Z [league] hydra vs orca · seed 50164 · arena #23 · hydra 0W 26K dom 12.0 | orca 1W 28K dom 15.0
2026-06-10T19:37:23.542Z [league] hydra vs neural · seed 50165 · arena #31 · hydra 1W 50K dom 48.0 | neural 0W 3K dom -22.0
2026-06-10T19:37:53.654Z [league] hydra vs angler · seed 50166 · arena #41 · hydra 0W 39K dom 18.0 | angler 1W 42K dom 22.5
2026-06-10T19:38:23.568Z [league] hydra vs disciple · seed 50167 · arena #53 · hydra 1W 56K dom 55.0 | disciple 0W 2K dom -26.0
2026-06-10T19:38:53.643Z [league] shrike vs cuadrilla · seed 50168 · arena #67 · shrike 0W 25K dom 8.5 | cuadrilla 1W 33K dom 20.5
2026-06-10T19:39:23.901Z [league] shrike vs orca · seed 50169 · arena #88 · shrike 1W 39K dom 21.0 | orca 0W 36K dom 16.5
2026-06-10T19:39:53.709Z [league] shrike vs neural · seed 50170 · arena #0 · shrike 1W 49K dom 45.5 | neural 0W 6K dom -18.5
2026-06-10T19:40:23.561Z [league] shrike vs angler · seed 50171 · arena #5 · shrike 0W 32K dom 14.5 | angler 1W 35K dom 19.0
2026-06-10T19:40:53.933Z [league] shrike vs disciple · seed 50172 · arena #11 · shrike 1W 38K dom 37.0 | disciple 0W 2K dom -17.0
2026-06-10T19:41:24.130Z [league] cuadrilla vs orca · seed 50173 · arena #19 · cuadrilla 1W 34K dom 17.5 | orca 0W 33K dom 16.0
2026-06-10T19:41:53.501Z [league] cuadrilla vs neural · seed 50174 · arena #23 · cuadrilla 1W 35K dom 33.5 | neural 0W 3K dom -14.5
2026-06-10T19:42:23.791Z [league] cuadrilla vs angler · seed 50175 · arena #31 · cuadrilla 1W 42K dom 21.0 | angler 0W 41K dom 20.0
2026-06-10T19:42:53.825Z [league] cuadrilla vs disciple · seed 50176 · arena #41 · cuadrilla 1W 28K dom 27.0 | disciple 0W 2K dom -12.0
2026-06-10T19:43:23.885Z [league] orca vs neural · seed 50177 · arena #53 · orca 1W 45K dom 42.5 | neural 0W 5K dom -17.5
2026-06-10T19:43:54.089Z [league] orca vs angler · seed 50178 · arena #67 · orca 0W 41K dom 19.0 | angler 1W 43K dom 22.5
2026-06-10T19:44:24.177Z [league] orca vs disciple · seed 50179 · arena #88 · orca 1W 45K dom 43.5 | disciple 0W 3K dom -19.5
2026-06-10T19:44:53.558Z [league] neural vs angler · seed 50180 · arena #0 · neural 0W 4K dom -21.5 | angler 1W 51K dom 49.0
2026-06-10T19:45:24.046Z [league] neural vs disciple · seed 50181 · arena #5 · neural 0W 2K dom -0.5 | disciple 1W 3K dom 2.0
2026-06-10T19:45:53.651Z [league] angler vs disciple · seed 50182 · arena #11 · angler 1W 50K dom 48.5 | disciple 0W 3K dom -22.0
2026-06-10T19:46:23.014Z [league] new round-robin pass: 14 engines, 91 pairings
2026-06-10T19:46:23.257Z [league] datasets/ at 8.84 GB — OVER WARN THRESHOLD, consider archiving
2026-06-10T19:46:25.643Z [league] classic vs pilot · seed 50183 · arena #19 · classic 0W 21K dom 2.5 | pilot 1W 37K dom 26.0
2026-06-10T19:46:53.553Z [league] classic vs reaper · seed 50184 · arena #23 · classic 0W 18K dom -3.5 | reaper 1W 43K dom 33.5
2026-06-10T19:47:23.453Z [league] classic vs matador · seed 50185 · arena #31 · classic 0W 22K dom -2.5 | matador 1W 49K dom 37.0
2026-06-10T19:47:53.481Z [league] classic vs kestrel · seed 50186 · arena #41 · classic 0W 19K dom 2.5 | kestrel 1W 33K dom 23.5
2026-06-10T19:48:23.509Z [league] classic vs wolf · seed 50187 · arena #53 · classic 0W 16K dom -8.0 | wolf 1W 48K dom 39.0
2026-06-10T19:48:53.467Z [league] classic vs plover · seed 50188 · arena #67 · classic 0W 17K dom -5.5 | plover 1W 45K dom 35.5
2026-06-10T19:49:23.914Z [league] classic vs hydra · seed 50189 · arena #88 · classic 0W 19K dom -5.5 | hydra 1W 49K dom 39.5
2026-06-10T19:49:53.477Z [league] classic vs shrike · seed 50190 · arena #0 · classic 0W 21K dom -2.5 | shrike 1W 47K dom 36.5
2026-06-10T19:50:23.756Z [league] classic vs cuadrilla · seed 50191 · arena #5 · classic 0W 17K dom 0.0 | cuadrilla 1W 34K dom 25.5
2026-06-10T19:50:53.939Z [league] classic vs orca · seed 50192 · arena #11 · classic 0W 19K dom -6.5 | orca 1W 51K dom 41.0
2026-06-10T19:51:23.487Z [league] classic vs neural · seed 50193 · arena #19 · classic 1W 32K dom 27.0 | neural 0W 9K dom -7.0
2026-06-10T19:51:53.458Z [league] classic vs angler · seed 50194 · arena #23 · classic 0W 21K dom -2.0 | angler 1W 46K dom 35.0
2026-06-10T19:52:24.292Z [league] classic vs disciple · seed 50195 · arena #31 · classic 1W 29K dom 24.0 | disciple 0W 9K dom -5.5
2026-06-10T19:52:53.697Z [league] pilot vs reaper · seed 50196 · arena #41 · pilot 0W 31K dom 15.0 | reaper 1W 32K dom 16.5
2026-06-10T19:53:24.043Z [league] pilot vs matador · seed 50197 · arena #53 · pilot 0W 29K dom 6.0 | matador 1W 46K dom 31.5
2026-06-10T19:53:53.464Z [league] pilot vs kestrel · seed 50198 · arena #67 · pilot 0W 30K dom 11.5 | kestrel 1W 36K dom 21.0
2026-06-10T19:54:23.551Z [league] pilot vs wolf · seed 50199 · arena #88 · pilot 0W 24K dom 6.0 | wolf 1W 34K dom 22.0
2026-06-10T19:54:53.419Z [league] pilot vs plover · seed 50200 · arena #0 · pilot 0W 31K dom 10.5 | plover 1W 39K dom 23.5
2026-06-10T19:55:26.829Z [league] pilot vs hydra · seed 50201 · arena #5 · pilot 0W 20K dom 6.5 | hydra 1W 26K dom 16.0
2026-06-10T19:55:54.181Z [league] pilot vs shrike · seed 50202 · arena #11 · pilot 0W 24K dom 6.0 | shrike 1W 36K dom 24.0
2026-06-10T19:56:24.309Z [league] pilot vs cuadrilla · seed 50203 · arena #19 · pilot 0W 28K dom 5.0 | cuadrilla 1W 46K dom 32.0
2026-06-10T19:56:54.488Z [league] pilot vs orca · seed 50204 · arena #23 · pilot 0W 25K dom 4.0 | orca 1W 42K dom 29.5
2026-06-10T19:57:24.109Z [league] pilot vs neural · seed 50205 · arena #31 · pilot 1W 39K dom 35.5 | neural 0W 7K dom -13.0
2026-06-10T19:57:54.414Z [league] pilot vs angler · seed 50206 · arena #41 · pilot 0W 32K dom 7.5 | angler 1W 49K dom 33.0
2026-06-10T19:58:30.072Z [league] pilot vs disciple · seed 50207 · arena #53 · pilot 1W 33K dom 31.5 | disciple 0W 3K dom -13.5
2026-06-10T19:58:59.133Z [league] reaper vs matador · seed 50208 · arena #67 · reaper 0W 30K dom 5.5 | matador 1W 49K dom 34.0
2026-06-10T19:59:27.613Z [league] reaper vs kestrel · seed 50209 · arena #88 · reaper 0W 24K dom 6.0 | kestrel 1W 34K dom 22.0
2026-06-10T19:59:56.030Z [league] reaper vs wolf · seed 50210 · arena #0 · reaper 0W 18K dom -0.5 | wolf 1W 37K dom 27.5
2026-06-10T20:00:28.935Z [league] reaper vs plover · seed 50211 · arena #5 · reaper 0W 23K dom 4.5 | plover 1W 37K dom 25.0
2026-06-10T20:00:56.718Z [league] reaper vs hydra · seed 50212 · arena #11 · reaper 0W 26K dom 6.0 | hydra 1W 40K dom 27.0
2026-06-10T20:01:26.681Z [league] reaper vs shrike · seed 50213 · arena #19 · reaper 0W 24K dom 3.5 | shrike 1W 41K dom 29.0
2026-06-10T20:01:59.219Z [league] reaper vs cuadrilla · seed 50214 · arena #23 · reaper 0W 23K dom 3.0 | cuadrilla 1W 40K dom 28.5
2026-06-10T20:02:26.433Z [league] reaper vs orca · seed 50215 · arena #31 · reaper 0W 27K dom 7.0 | orca 1W 40K dom 26.5
2026-06-10T20:02:56.596Z [league] reaper vs neural · seed 50216 · arena #41 · reaper 1W 38K dom 34.0 | neural 0W 8K dom -11.5
2026-06-10T20:03:27.322Z [league] reaper vs angler · seed 50217 · arena #53 · reaper 0W 25K dom 7.5 | angler 1W 34K dom 21.5
2026-06-10T20:03:55.969Z [league] reaper vs disciple · seed 50218 · arena #67 · reaper 1W 19K dom 17.0 | disciple 0W 4K dom -6.0
2026-06-10T20:04:24.898Z [league] matador vs kestrel · seed 50219 · arena #88 · matador 1W 47K dom 29.5 | kestrel 0W 35K dom 11.5
2026-06-10T20:04:56.852Z [league] matador vs wolf · seed 50220 · arena #0 · matador 0W 31K dom 10.5 | wolf 1W 40K dom 24.5
2026-06-10T20:05:30.421Z [league] matador vs plover · seed 50221 · arena #5 · matador 1W 44K dom 27.5 | plover 0W 33K dom 11.0
2026-06-10T20:05:55.419Z [league] matador vs hydra · seed 50222 · arena #11 · matador 1W 45K dom 26.5 | hydra 0W 37K dom 14.5
2026-06-10T20:06:25.703Z [league] matador vs shrike · seed 50223 · arena #19 · matador 0W 37K dom 16.0 | shrike 1W 41K dom 22.5
2026-06-10T20:06:56.050Z [league] matador vs cuadrilla · seed 50224 · arena #23 · matador 0W 39K dom 17.5 | cuadrilla 1W 43K dom 23.5
2026-06-10T20:07:25.957Z [league] matador vs orca · seed 50225 · arena #31 · matador 0W 24K dom 7.5 | orca 1W 30K dom 18.0
2026-06-10T20:07:55.442Z [league] matador vs neural · seed 50226 · arena #41 · matador 1W 56K dom 52.5 | neural 0W 6K dom -22.0
2026-06-10T20:08:25.844Z [league] matador vs angler · seed 50227 · arena #53 · matador 0W 32K dom 10.5 | angler 1W 43K dom 27.0
2026-06-10T20:08:56.175Z [league] matador vs disciple · seed 50228 · arena #67 · matador 1W 36K dom 35.0 | disciple 0W 2K dom -16.0
2026-06-10T20:09:24.788Z [league] kestrel vs wolf · seed 50229 · arena #88 · kestrel 0W 33K dom 10.5 | wolf 1W 45K dom 28.5
2026-06-10T20:09:54.802Z [league] kestrel vs plover · seed 50230 · arena #0 · kestrel 0W 38K dom 19.0 | plover 0W 38K dom 19.0
2026-06-10T20:10:25.125Z [league] kestrel vs hydra · seed 50231 · arena #5 · kestrel 0W 30K dom 10.5 | hydra 1W 39K dom 24.0
2026-06-10T20:10:54.939Z [league] kestrel vs shrike · seed 50232 · arena #11 · kestrel 0W 30K dom 9.5 | shrike 1W 41K dom 26.0
2026-06-10T20:11:25.775Z [league] kestrel vs cuadrilla · seed 50233 · arena #19 · kestrel 0W 28K dom 8.5 | cuadrilla 1W 39K dom 25.0
2026-06-10T20:11:56.070Z [league] kestrel vs orca · seed 50234 · arena #23 · kestrel 0W 27K dom 9.5 | orca 1W 34K dom 20.5
2026-06-10T20:12:25.874Z [league] kestrel vs neural · seed 50235 · arena #31 · kestrel 1W 41K dom 40.0 | neural 0W 2K dom -18.5
2026-06-10T20:12:55.722Z [league] kestrel vs angler · seed 50236 · arena #41 · kestrel 0W 26K dom 5.5 | angler 1W 40K dom 26.5
2026-06-10T20:13:25.027Z [league] kestrel vs disciple · seed 50237 · arena #53 · kestrel 1W 43K dom 40.5 | disciple 0W 5K dom -16.5
2026-06-10T20:13:55.923Z [league] wolf vs plover · seed 50238 · arena #67 · wolf 1W 47K dom 29.5 | plover 0W 35K dom 11.5
2026-06-10T20:14:26.053Z [league] wolf vs hydra · seed 50239 · arena #88 · wolf 1W 41K dom 25.0 | hydra 0W 32K dom 11.5
2026-06-10T20:14:55.608Z [league] wolf vs shrike · seed 50240 · arena #0 · wolf 0W 38K dom 19.0 | shrike 0W 38K dom 19.0
2026-06-10T20:15:25.901Z [league] wolf vs cuadrilla · seed 50241 · arena #5 · wolf 0W 22K dom 10.0 | cuadrilla 1W 24K dom 13.0
2026-06-10T20:16:01.439Z [league] wolf vs orca · seed 50242 · arena #11 · wolf 1W 34K dom 18.5 | orca 0W 31K dom 14.0
2026-06-10T20:16:29.274Z [league] wolf vs neural · seed 50243 · arena #19 · wolf 1W 54K dom 53.0 | neural 0W 2K dom -25.0
2026-06-10T20:17:02.320Z [league] wolf vs angler · seed 50244 · arena #23 · wolf 0W 28K dom 10.5 | angler 1W 35K dom 21.0
2026-06-10T20:17:30.842Z [league] wolf vs disciple · seed 50245 · arena #31 · wolf 1W 52K dom 50.0 | disciple 0W 3K dom -23.0
2026-06-10T20:18:05.829Z [league] plover vs hydra · seed 50246 · arena #41 · plover 0W 30K dom 15.0 | hydra 0W 30K dom 15.0
2026-06-10T20:18:36.537Z [league] plover vs shrike · seed 50247 · arena #53 · plover 0W 25K dom 7.0 | shrike 1W 36K dom 23.0
2026-06-10T20:19:07.659Z [league] plover vs cuadrilla · seed 50248 · arena #67 · plover 0W 28K dom 11.0 | cuadrilla 1W 34K dom 19.5
2026-06-10T20:19:33.835Z [league] plover vs orca · seed 50249 · arena #88 · plover 0W 23K dom 3.5 | orca 1W 39K dom 27.0
2026-06-10T20:20:01.212Z [league] plover vs neural · seed 50250 · arena #0 · plover 1W 47K dom 43.5 | neural 0W 7K dom -17.0
2026-06-10T20:20:40.640Z [league] plover vs angler · seed 50251 · arena #5 · plover 0W 26K dom 7.5 | angler 1W 37K dom 23.5
2026-06-10T20:21:08.054Z [league] plover vs disciple · seed 50252 · arena #11 · plover 1W 33K dom 30.5 | disciple 0W 5K dom -11.5
2026-06-10T20:21:30.966Z [league] hydra vs shrike · seed 50253 · arena #19 · hydra 0W 33K dom 13.5 | shrike 1W 39K dom 22.5
2026-06-10T20:21:58.552Z [league] hydra vs cuadrilla · seed 50254 · arena #23 · hydra 0W 33K dom 15.0 | cuadrilla 1W 36K dom 19.5
2026-06-10T20:22:32.541Z [league] hydra vs orca · seed 50255 · arena #31 · hydra 0W 35K dom 16.5 | orca 1W 37K dom 19.5
2026-06-10T20:22:57.550Z [league] hydra vs neural · seed 50256 · arena #41 · hydra 1W 51K dom 49.0 | neural 0W 4K dom -22.0
2026-06-10T20:23:30.286Z [league] hydra vs angler · seed 50257 · arena #53 · hydra 0W 34K dom 9.5 | angler 1W 49K dom 31.5
2026-06-10T20:23:55.800Z [league] hydra vs disciple · seed 50258 · arena #67 · hydra 1W 49K dom 47.0 | disciple 0W 4K dom -20.5
2026-06-10T20:24:26.650Z [league] shrike vs cuadrilla · seed 50259 · arena #88 · shrike 0W 21K dom 7.0 | cuadrilla 1W 28K dom 17.5
2026-06-10T20:25:00.302Z [league] shrike vs orca · seed 50260 · arena #0 · shrike 0W 29K dom 14.0 | orca 1W 30K dom 15.5
2026-06-10T20:25:26.879Z [league] shrike vs neural · seed 50261 · arena #5 · shrike 1W 45K dom 42.5 | neural 0W 5K dom -17.5
2026-06-10T20:25:56.387Z [league] shrike vs angler · seed 50262 · arena #11 · shrike 0W 38K dom 15.0 | angler 1W 46K dom 27.0
2026-06-10T20:26:26.707Z [league] shrike vs disciple · seed 50263 · arena #19 · shrike 1W 48K dom 45.5 | disciple 0W 3K dom -21.0
2026-06-10T20:26:58.149Z [league] cuadrilla vs orca · seed 50264 · arena #23 · cuadrilla 1W 37K dom 19.0 | orca 0W 36K dom 17.5
2026-06-10T20:27:27.905Z [league] cuadrilla vs neural · seed 50265 · arena #31 · cuadrilla 1W 48K dom 45.5 | neural 0W 5K dom -19.0
2026-06-10T20:27:56.793Z [league] cuadrilla vs angler · seed 50266 · arena #41 · cuadrilla 0W 34K dom 13.0 | angler 1W 42K dom 25.0
2026-06-10T20:28:29.200Z [league] cuadrilla vs disciple · seed 50267 · arena #53 · cuadrilla 1W 29K dom 25.5 | disciple 0W 6K dom -8.5
2026-06-10T20:28:58.582Z [league] orca vs neural · seed 50268 · arena #67 · orca 1W 43K dom 40.5 | neural 0W 5K dom -16.5
2026-06-10T20:29:31.025Z [league] orca vs angler · seed 50269 · arena #88 · orca 0W 30K dom 13.0 | angler 1W 34K dom 18.5
2026-06-10T20:30:03.869Z [league] orca vs disciple · seed 50270 · arena #0 · orca 1W 45K dom 43.0 | disciple 0W 4K dom -18.5
2026-06-10T20:30:26.428Z [league] neural vs angler · seed 50271 · arena #5 · neural 0W 4K dom -23.5 | angler 1W 55K dom 53.0
2026-06-10T20:30:55.970Z [league] neural vs disciple · seed 50272 · arena #11 · neural 0W 5K dom 2.0 | disciple 1W 6K dom 3.0
2026-06-10T20:31:27.944Z [league] angler vs disciple · seed 50273 · arena #19 · angler 1W 55K dom 52.0 | disciple 0W 5K dom -22.5
2026-06-10T20:31:57.030Z [league] new round-robin pass: 14 engines, 91 pairings
2026-06-10T20:31:57.596Z [league] datasets/ at 11.37 GB — OVER WARN THRESHOLD, consider archiving
2026-06-10T20:32:03.131Z [league] classic vs pilot · seed 50274 · arena #23 · classic 0W 25K dom 4.5 | pilot 1W 41K dom 28.0
2026-06-10T20:32:25.371Z [league] classic vs reaper · seed 50275 · arena #31 · classic 0W 22K dom 6.0 | reaper 1W 32K dom 20.0
2026-06-10T20:32:55.110Z [league] classic vs matador · seed 50276 · arena #41 · classic 0W 18K dom -6.0 | matador 1W 48K dom 38.5
2026-06-10T20:33:24.459Z [league] classic vs kestrel · seed 50277 · arena #53 · classic 0W 20K dom -6.0 | kestrel 1W 52K dom 42.0
2026-06-10T20:33:55.960Z [league] classic vs wolf · seed 50278 · arena #67 · classic 0W 10K dom -10.0 | wolf 1W 40K dom 35.0
2026-06-10T20:34:25.768Z [league] classic vs plover · seed 50279 · arena #88 · classic 0W 17K dom -5.0 | plover 1W 44K dom 35.5
2026-06-10T20:34:56.162Z [league] classic vs hydra · seed 50280 · arena #0 · classic 0W 21K dom -5.5 | hydra 1W 52K dom 41.5
2026-06-10T20:35:24.772Z [league] classic vs shrike · seed 50281 · arena #5 · classic 0W 16K dom -9.5 | shrike 1W 51K dom 43.0
2026-06-10T20:35:56.233Z [league] classic vs cuadrilla · seed 50282 · arena #11 · classic 0W 16K dom -6.5 | cuadrilla 1W 45K dom 37.0
2026-06-10T20:36:25.401Z [league] classic vs orca · seed 50283 · arena #19 · classic 0W 21K dom -0.5 | orca 1W 42K dom 30.5
2026-06-10T20:36:55.219Z [league] classic vs neural · seed 50284 · arena #23 · classic 1W 21K dom 18.0 | neural 0W 6K dom -4.5
2026-06-10T20:37:24.693Z [league] classic vs angler · seed 50285 · arena #31 · classic 0W 21K dom -1.5 | angler 1W 45K dom 34.0
2026-06-10T20:37:54.003Z [league] classic vs disciple · seed 50286 · arena #41 · classic 1W 20K dom 16.5 | disciple 0W 7K dom -3.0
2026-06-10T20:38:23.572Z [league] pilot vs reaper · seed 50287 · arena #53 · pilot 1W 38K dom 20.5 | reaper 0W 34K dom 15.0
2026-06-10T20:38:54.042Z [league] pilot vs matador · seed 50288 · arena #67 · pilot 1W 28K dom 15.5 | matador 0W 25K dom 11.0
2026-06-10T20:39:23.751Z [league] pilot vs kestrel · seed 50289 · arena #88 · pilot 1W 38K dom 20.0 | kestrel 0W 35K dom 16.0
2026-06-10T20:39:53.905Z [league] pilot vs wolf · seed 50290 · arena #0 · pilot 0W 32K dom 9.0 | wolf 1W 46K dom 30.0
2026-06-10T20:40:23.903Z [league] pilot vs plover · seed 50291 · arena #5 · pilot 0W 35K dom 15.0 | plover 1W 40K dom 22.5
2026-06-10T20:40:53.733Z [league] pilot vs hydra · seed 50292 · arena #11 · pilot 0W 36K dom 14.5 | hydra 1W 42K dom 24.0
2026-06-10T20:41:24.086Z [league] pilot vs shrike · seed 50293 · arena #19 · pilot 0W 24K dom 7.0 | shrike 1W 34K dom 21.5
2026-06-10T20:41:53.641Z [league] pilot vs cuadrilla · seed 50294 · arena #23 · pilot 0W 22K dom 4.5 | cuadrilla 1W 35K dom 23.5
2026-06-10T20:42:23.995Z [league] pilot vs orca · seed 50295 · arena #31 · pilot 0W 28K dom 7.0 | orca 1W 41K dom 27.0
2026-06-10T20:42:53.759Z [league] pilot vs neural · seed 50296 · arena #41 · pilot 1W 30K dom 27.5 | neural 0W 5K dom -10.0
2026-06-10T20:43:24.018Z [league] pilot vs angler · seed 50297 · arena #53 · pilot 0W 28K dom 5.0 | angler 1W 46K dom 32.0
2026-06-10T20:43:53.767Z [league] pilot vs disciple · seed 50298 · arena #67 · pilot 1W 45K dom 43.0 | disciple 0W 3K dom -19.5
2026-06-10T20:44:23.807Z [league] reaper vs matador · seed 50299 · arena #88 · reaper 0W 31K dom 5.5 | matador 1W 51K dom 35.5
2026-06-10T20:44:53.700Z [league] reaper vs kestrel · seed 50300 · arena #0 · reaper 0W 28K dom 9.0 | kestrel 1W 38K dom 23.5
2026-06-10T20:45:23.938Z [league] reaper vs wolf · seed 50301 · arena #5 · reaper 0W 19K dom 1.5 | wolf 1W 34K dom 24.5
2026-06-10T20:45:53.997Z [league] reaper vs plover · seed 50302 · arena #11 · reaper 0W 25K dom 11.5 | plover 1W 27K dom 14.5
2026-06-10T20:46:24.009Z [league] reaper vs hydra · seed 50303 · arena #19 · reaper 0W 28K dom 8.0 | hydra 1W 40K dom 26.0
2026-06-10T20:46:53.891Z [league] reaper vs shrike · seed 50304 · arena #23 · reaper 0W 24K dom 2.5 | shrike 1W 43K dom 31.0
2026-06-10T20:47:23.857Z [league] reaper vs cuadrilla · seed 50305 · arena #31 · reaper 0W 12K dom 1.5 | cuadrilla 1W 20K dom 14.0
2026-06-10T20:47:53.998Z [league] reaper vs orca · seed 50306 · arena #41 · reaper 0W 31K dom 13.0 | orca 1W 35K dom 19.5
2026-06-10T20:48:23.689Z [league] reaper vs neural · seed 50307 · arena #53 · reaper 1W 41K dom 38.0 | neural 0W 6K dom -14.5
2026-06-10T20:48:53.967Z [league] reaper vs angler · seed 50308 · arena #67 · reaper 0W 19K dom 0.0 | angler 1W 38K dom 28.5
2026-06-10T20:49:24.005Z [league] reaper vs disciple · seed 50309 · arena #88 · reaper 1W 39K dom 36.5 | disciple 0W 5K dom -15.0
2026-06-10T20:49:53.943Z [league] matador vs kestrel · seed 50310 · arena #0 · matador 1W 48K dom 32.0 | kestrel 0W 32K dom 8.0
2026-06-10T20:50:23.977Z [league] matador vs wolf · seed 50311 · arena #5 · matador 0W 27K dom 6.5 | wolf 1W 41K dom 27.5
2026-06-10T20:50:53.649Z [league] matador vs plover · seed 50312 · arena #11 · matador 1W 45K dom 27.0 | plover 0W 36K dom 13.5
2026-06-10T20:51:24.315Z [league] matador vs hydra · seed 50313 · arena #19 · matador 1W 34K dom 17.5 | hydra 0W 32K dom 15.0
2026-06-10T20:51:54.537Z [league] matador vs shrike · seed 50314 · arena #23 · matador 0W 32K dom 11.5 | shrike 1W 40K dom 24.0
2026-06-10T20:52:23.673Z [league] matador vs cuadrilla · seed 50315 · arena #31 · matador 0W 37K dom 15.5 | cuadrilla 1W 43K dom 24.5
2026-06-10T20:52:54.039Z [league] matador vs orca · seed 50316 · arena #41 · matador 0W 38K dom 19.0 | orca 0W 38K dom 19.0
2026-06-10T20:53:23.786Z [league] matador vs neural · seed 50317 · arena #53 · matador 1W 56K dom 52.5 | neural 0W 7K dom -21.0
2026-06-10T20:53:54.166Z [league] matador vs angler · seed 50318 · arena #67 · matador 0W 45K dom 20.0 | angler 1W 50K dom 27.5
2026-06-10T20:54:23.789Z [league] matador vs disciple · seed 50319 · arena #88 · matador 1W 50K dom 48.5 | disciple 0W 1K dom -24.0
2026-06-10T20:54:53.858Z [league] kestrel vs wolf · seed 50320 · arena #0 · kestrel 0W 31K dom 11.5 | wolf 1W 39K dom 23.5
2026-06-10T20:55:23.835Z [league] kestrel vs plover · seed 50321 · arena #5 · kestrel 0W 25K dom 11.5 | plover 1W 27K dom 14.5
2026-06-10T20:55:53.769Z [league] kestrel vs hydra · seed 50322 · arena #11 · kestrel 0W 31K dom 12.5 | hydra 1W 36K dom 20.0
2026-06-10T20:56:23.960Z [league] kestrel vs shrike · seed 50323 · arena #19 · kestrel 0W 33K dom 14.0 | shrike 1W 38K dom 21.5
2026-06-10T20:56:53.812Z [league] kestrel vs cuadrilla · seed 50324 · arena #23 · kestrel 0W 21K dom 7.5 | cuadrilla 1W 27K dom 16.5
2026-06-10T20:57:24.157Z [league] kestrel vs orca · seed 50325 · arena #31 · kestrel 0W 26K dom 7.5 | orca 1W 37K dom 23.5
2026-06-10T20:57:53.744Z [league] kestrel vs neural · seed 50326 · arena #41 · kestrel 1W 54K dom 52.0 | neural 0W 4K dom -23.0
2026-06-10T20:58:24.079Z [league] kestrel vs angler · seed 50327 · arena #53 · kestrel 0W 34K dom 12.5 | angler 1W 43K dom 26.0
2026-06-10T20:58:54.358Z [league] kestrel vs disciple · seed 50328 · arena #67 · kestrel 1W 52K dom 50.0 | disciple 0W 4K dom -22.0
2026-06-10T20:59:24.176Z [league] wolf vs plover · seed 50329 · arena #88 · wolf 1W 29K dom 16.5 | plover 0W 25K dom 10.5
2026-06-10T20:59:53.845Z [league] wolf vs hydra · seed 50330 · arena #0 · wolf 1W 43K dom 25.0 | hydra 0W 35K dom 13.5
2026-06-10T21:00:24.474Z [league] wolf vs shrike · seed 50331 · arena #5 · wolf 0W 31K dom 14.5 | shrike 1W 33K dom 17.5
2026-06-10T21:00:54.398Z [league] wolf vs cuadrilla · seed 50332 · arena #11 · wolf 1W 28K dom 15.5 | cuadrilla 0W 25K dom 11.0
2026-06-10T21:01:24.631Z [league] wolf vs orca · seed 50333 · arena #19 · wolf 1W 42K dom 21.5 | orca 0W 41K dom 20.0
2026-06-10T21:01:54.262Z [league] wolf vs neural · seed 50334 · arena #23 · wolf 1W 54K dom 51.5 | neural 0W 5K dom -22.0
2026-06-10T21:02:24.354Z [league] wolf vs angler · seed 50335 · arena #31 · wolf 0W 34K dom 13.5 | angler 1W 41K dom 24.0
2026-06-10T21:02:54.522Z [league] wolf vs disciple · seed 50336 · arena #41 · wolf 1W 54K dom 53.5 | disciple 0W 1K dom -26.0
2026-06-10T21:03:24.827Z [league] plover vs hydra · seed 50337 · arena #53 · plover 1W 38K dom 21.5 | hydra 0W 33K dom 14.0
2026-06-10T21:03:54.675Z [league] plover vs shrike · seed 50338 · arena #67 · plover 0W 28K dom 7.5 | shrike 1W 39K dom 25.0
2026-06-10T21:04:24.490Z [league] plover vs cuadrilla · seed 50339 · arena #88 · plover 0W 22K dom 8.5 | cuadrilla 1W 27K dom 16.0
2026-06-10T21:04:55.117Z [league] plover vs orca · seed 50340 · arena #0 · plover 0W 29K dom 12.0 | orca 1W 34K dom 19.5
2026-06-10T21:05:24.655Z [league] plover vs neural · seed 50341 · arena #5 · plover 1W 48K dom 45.0 | neural 0W 6K dom -18.0
2026-06-10T21:05:54.500Z [league] plover vs angler · seed 50342 · arena #11 · plover 0W 29K dom 8.5 | angler 1W 41K dom 26.5
2026-06-10T21:51:44.465Z [league] plover vs disciple · seed 50343 · arena #19 · plover 1W 45K dom 44.5 | disciple 0W 1K dom -21.5
2026-06-10T21:52:14.240Z [league] hydra vs shrike · seed 50344 · arena #23 · hydra 0W 34K dom 14.0 | shrike 1W 40K dom 23.0
2026-06-10T21:52:42.840Z [league] hydra vs cuadrilla · seed 50345 · arena #31 · hydra 0W 30K dom 12.5 | cuadrilla 1W 35K dom 19.5
2026-06-10T21:53:15.890Z [league] hydra vs orca · seed 50346 · arena #41 · hydra 1W 34K dom 17.5 | orca 0W 33K dom 16.0
2026-06-10T21:53:45.440Z [league] hydra vs neural · seed 50347 · arena #53 · hydra 1W 40K dom 39.0 | neural 0W 2K dom -18.0
2026-06-10T21:54:14.938Z [league] hydra vs angler · seed 50348 · arena #67 · hydra 0W 28K dom 9.5 | angler 1W 37K dom 23.0
2026-06-10T21:54:45.575Z [league] hydra vs disciple · seed 50349 · arena #88 · hydra 1W 48K dom 45.5 | disciple 0W 5K dom -19.0
2026-06-10T21:55:16.351Z [league] shrike vs cuadrilla · seed 50350 · arena #0 · shrike 0W 24K dom 8.5 | cuadrilla 1W 31K dom 19.0
2026-06-10T21:55:45.144Z [league] shrike vs orca · seed 50351 · arena #5 · shrike 1W 42K dom 25.0 | orca 0W 34K dom 13.0
2026-06-10T21:56:14.417Z [league] shrike vs neural · seed 50352 · arena #11 · shrike 1W 52K dom 50.0 | neural 0W 4K dom -22.0
2026-06-10T21:56:42.968Z [league] shrike vs angler · seed 50353 · arena #19 · shrike 0W 34K dom 14.0 | angler 1W 39K dom 22.0
2026-06-10T21:57:12.981Z [league] shrike vs disciple · seed 50354 · arena #23 · shrike 1W 48K dom 46.0 | disciple 0W 4K dom -20.0
2026-06-10T21:57:43.676Z [league] cuadrilla vs orca · seed 50355 · arena #31 · cuadrilla 1W 29K dom 16.0 | orca 0W 26K dom 11.5
2026-06-10T21:58:13.371Z [league] cuadrilla vs neural · seed 50356 · arena #41 · cuadrilla 1W 46K dom 42.0 | neural 0W 6K dom -17.0
2026-06-10T21:58:43.319Z [league] cuadrilla vs angler · seed 50357 · arena #53 · cuadrilla 0W 23K dom 8.5 | angler 1W 29K dom 17.5
2026-06-10T21:59:13.125Z [league] cuadrilla vs disciple · seed 50358 · arena #67 · cuadrilla 1W 28K dom 27.0 | disciple 0W 2K dom -12.0
2026-06-10T21:59:43.100Z [league] orca vs neural · seed 50359 · arena #88 · orca 1W 54K dom 52.5 | neural 0W 3K dom -24.5
2026-06-10T22:00:13.327Z [league] orca vs angler · seed 50360 · arena #0 · orca 0W 32K dom 12.5 | angler 1W 39K dom 23.0
2026-06-10T22:00:44.047Z [league] orca vs disciple · seed 50361 · arena #5 · orca 1W 53K dom 49.5 | disciple 0W 6K dom -20.5
2026-06-10T22:01:12.995Z [league] neural vs angler · seed 50362 · arena #11 · neural 0W 3K dom -25.0 | angler 1W 56K dom 54.5
2026-06-10T22:01:44.178Z [league] neural vs disciple · seed 50363 · arena #19 · neural 1W 5K dom 3.0 | disciple 0W 4K dom 1.0
2026-06-10T22:02:13.058Z [league] angler vs disciple · seed 50364 · arena #23 · angler 1W 57K dom 55.0 | disciple 0W 4K dom -24.5
2026-06-10T22:02:42.259Z [league] new round-robin pass: 14 engines, 91 pairings
2026-06-10T22:02:42.589Z [league] datasets/ at 15.44 GB — OVER WARN THRESHOLD, consider archiving
2026-06-10T22:02:45.041Z [league] classic vs pilot · seed 50365 · arena #31 · classic 0W 24K dom 7.5 | pilot 1W 33K dom 20.5
2026-06-10T22:03:13.398Z [league] classic vs reaper · seed 50366 · arena #41 · classic 0W 17K dom 0.5 | reaper 1W 33K dom 24.0
2026-06-10T22:03:43.087Z [league] classic vs matador · seed 50367 · arena #53 · classic 0W 23K dom -3.0 | matador 1W 52K dom 40.5
2026-06-10T22:04:13.111Z [league] classic vs kestrel · seed 50368 · arena #67 · classic 0W 18K dom -2.5 | kestrel 1W 41K dom 30.5
2026-06-10T22:04:44.248Z [league] classic vs wolf · seed 50369 · arena #88 · classic 0W 21K dom -3.0 | wolf 1W 48K dom 37.5
2026-06-10T22:05:14.675Z [league] classic vs plover · seed 50370 · arena #0 · classic 0W 14K dom -9.5 | plover 1W 47K dom 40.0
2026-06-10T22:05:43.900Z [league] classic vs hydra · seed 50371 · arena #5 · classic 0W 15K dom -7.0 | hydra 1W 44K dom 36.5
2026-06-10T22:06:14.235Z [league] classic vs shrike · seed 50372 · arena #11 · classic 0W 16K dom -3.5 | shrike 1W 39K dom 30.5
2026-06-10T22:06:44.167Z [league] classic vs cuadrilla · seed 50373 · arena #19 · classic 0W 12K dom -10.0 | cuadrilla 1W 44K dom 38.0
2026-06-10T22:07:14.355Z [league] classic vs orca · seed 50374 · arena #23 · classic 0W 21K dom 1.0 | orca 1W 40K dom 29.0
2026-06-10T22:07:42.919Z [league] classic vs neural · seed 50375 · arena #31 · classic 1W 38K dom 34.5 | neural 0W 7K dom -13.0
2026-06-10T22:08:13.135Z [league] classic vs angler · seed 50376 · arena #41 · classic 0W 19K dom -9.0 | angler 1W 56K dom 46.5
2026-06-10T22:08:43.411Z [league] classic vs disciple · seed 50377 · arena #53 · classic 1W 30K dom 24.5 | disciple 0W 11K dom -4.5
2026-06-10T22:09:13.229Z [league] pilot vs reaper · seed 50378 · arena #67 · pilot 1W 37K dom 19.0 | reaper 0W 36K dom 17.5
2026-06-10T22:09:42.836Z [league] pilot vs matador · seed 50379 · arena #88 · pilot 0W 30K dom 13.0 | matador 1W 33K dom 17.0
2026-06-10T22:10:13.195Z [league] pilot vs kestrel · seed 50380 · arena #0 · pilot 0W 31K dom 11.0 | kestrel 1W 38K dom 22.0
2026-06-10T22:10:43.086Z [league] pilot vs wolf · seed 50381 · arena #5 · pilot 0W 24K dom 0.0 | wolf 1W 47K dom 35.0
2026-06-10T22:11:13.416Z [league] pilot vs plover · seed 50382 · arena #11 · pilot 0W 27K dom 13.0 | plover 1W 28K dom 14.5
2026-06-10T22:11:43.420Z [league] pilot vs hydra · seed 50383 · arena #19 · pilot 0W 31K dom 11.5 | hydra 1W 39K dom 23.5
2026-06-10T22:12:13.729Z [league] pilot vs shrike · seed 50384 · arena #23 · pilot 0W 26K dom 3.0 | shrike 1W 45K dom 32.0
2026-06-10T22:12:43.081Z [league] pilot vs cuadrilla · seed 50385 · arena #31 · pilot 0W 26K dom 6.0 | cuadrilla 1W 40K dom 27.0
2026-06-10T22:13:13.895Z [league] pilot vs orca · seed 50386 · arena #41 · pilot 0W 27K dom 7.0 | orca 1W 40K dom 26.5
2026-06-10T22:13:43.321Z [league] pilot vs neural · seed 50387 · arena #53 · pilot 1W 42K dom 39.5 | neural 0W 4K dom -17.0
2026-06-10T22:14:13.151Z [league] pilot vs angler · seed 50388 · arena #67 · pilot 0W 26K dom 1.5 | angler 1W 49K dom 36.0
2026-06-10T22:14:43.038Z [league] pilot vs disciple · seed 50389 · arena #88 · pilot 1W 36K dom 34.0 | disciple 0W 4K dom -14.0
2026-06-10T22:15:13.360Z [league] reaper vs matador · seed 50390 · arena #0 · reaper 0W 29K dom 11.0 | matador 1W 35K dom 20.5
2026-06-10T22:15:42.982Z [league] reaper vs kestrel · seed 50391 · arena #5 · reaper 0W 31K dom 11.5 | kestrel 1W 38K dom 22.5
2026-06-10T22:16:13.153Z [league] reaper vs wolf · seed 50392 · arena #11 · reaper 0W 28K dom 10.0 | wolf 1W 36K dom 22.0
2026-06-10T22:16:42.949Z [league] reaper vs plover · seed 50393 · arena #19 · reaper 0W 26K dom 8.0 | plover 1W 36K dom 23.0
2026-06-10T22:17:13.069Z [league] reaper vs hydra · seed 50394 · arena #23 · reaper 0W 26K dom 4.5 | hydra 1W 41K dom 28.0
2026-06-10T22:17:43.187Z [league] reaper vs shrike · seed 50395 · arena #31 · reaper 0W 31K dom 7.0 | shrike 1W 48K dom 32.0
2026-06-10T22:18:12.906Z [league] reaper vs cuadrilla · seed 50396 · arena #41 · reaper 0W 25K dom 4.0 | cuadrilla 1W 42K dom 29.5
2026-06-10T22:18:43.260Z [league] reaper vs orca · seed 50397 · arena #53 · reaper 0W 18K dom 1.0 | orca 1W 33K dom 24.0
2026-06-10T22:18:46.072Z [league] grinder up — pace 30s/pairing, resuming at cycle 397
2026-06-10T22:18:46.935Z [league] new round-robin pass: 14 engines, 91 pairings
2026-06-10T22:18:47.325Z [league] datasets/ at 18.04 GB — OVER WARN THRESHOLD, consider archiving
2026-06-10T22:18:48.926Z [league] classic vs pilot · seed 50398 · arena #67 · classic 0W 19K dom 1.0 | pilot 1W 36K dom 25.5
2026-06-10T22:19:17.746Z [league] classic vs reaper · seed 50399 · arena #88 · classic 0W 25K dom 5.5 | reaper 1W 39K dom 26.5
2026-06-10T22:19:48.614Z [league] classic vs matador · seed 50400 · arena #0 · classic 0W 15K dom -5.5 | matador 1W 40K dom 31.5
2026-06-10T22:20:17.815Z [league] classic vs kestrel · seed 50401 · arena #5 · classic 0W 19K dom -4.0 | kestrel 1W 46K dom 36.5
2026-06-10T22:20:47.815Z [league] classic vs wolf · seed 50402 · arena #11 · classic 0W 17K dom -10.0 | wolf 1W 54K dom 45.0
2026-06-10T22:21:17.660Z [league] classic vs plover · seed 50403 · arena #19 · classic 0W 16K dom -8.5 | plover 1W 49K dom 41.0
2026-06-10T22:21:56.820Z [league] classic vs hydra · seed 50404 · arena #23 · classic 0W 13K dom -11.0 | hydra 1W 48K dom 40.5
2026-06-10T22:22:26.740Z [league] classic vs shrike · seed 50405 · arena #31 · classic 0W 22K dom -1.5 | shrike 1W 46K dom 35.0
2026-06-10T22:22:54.313Z [league] classic vs cuadrilla · seed 50406 · arena #41 · classic 0W 10K dom -8.5 | cuadrilla 1W 36K dom 30.5
2026-06-10T22:23:18.000Z [league] classic vs orca · seed 50407 · arena #53 · classic 0W 16K dom -6.5 | orca 1W 45K dom 37.0
2026-06-10T22:23:47.680Z [league] classic vs neural · seed 50408 · arena #67 · classic 1W 31K dom 27.0 | neural 0W 8K dom -7.5
2026-06-10T22:24:18.045Z [league] classic vs angler · seed 50409 · arena #88 · classic 0W 15K dom -11.0 | angler 1W 52K dom 44.5
2026-06-10T22:27:19.672Z [league] grinder up — pace 30s/pairing, resuming at cycle 409
2026-06-10T22:27:20.670Z [league] new round-robin pass: 14 engines, 91 pairings
2026-06-10T22:27:21.074Z [league] datasets/ at 19.17 GB — OVER WARN THRESHOLD, consider archiving
2026-06-10T22:27:22.789Z [league] classic vs pilot · seed 50410 · arena #0 · classic 0W 20K dom -2.5 | pilot 1W 44K dom 33.5
2026-06-10T22:27:51.705Z [league] classic vs reaper · seed 50411 · arena #5 · classic 0W 23K dom 4.5 | reaper 1W 37K dom 25.5
2026-06-10T22:28:21.288Z [league] classic vs matador · seed 50412 · arena #11 · classic 0W 24K dom -1.0 | matador 1W 50K dom 37.5
2026-06-10T22:28:51.618Z [league] classic vs kestrel · seed 50413 · arena #19 · classic 0W 19K dom -3.0 | kestrel 1W 41K dom 31.5
2026-06-10T22:29:21.717Z [league] classic vs wolf · seed 50414 · arena #23 · classic 0W 15K dom -10.5 | wolf 1W 51K dom 42.0
2026-06-10T22:29:51.742Z [league] classic vs plover · seed 50415 · arena #31 · classic 0W 19K dom 0.0 | plover 1W 38K dom 28.5
2026-06-10T22:30:21.282Z [league] classic vs hydra · seed 50416 · arena #41 · classic 0W 17K dom -6.0 | hydra 1W 46K dom 37.5
2026-06-10T22:30:51.510Z [league] classic vs shrike · seed 50417 · arena #53 · classic 0W 17K dom -5.0 | shrike 1W 43K dom 34.5
2026-06-10T22:31:21.465Z [league] classic vs cuadrilla · seed 50418 · arena #67 · classic 0W 11K dom -2.5 | cuadrilla 1W 27K dom 21.5
2026-06-10T22:31:51.485Z [league] classic vs orca · seed 50419 · arena #88 · classic 0W 20K dom -5.0 | orca 1W 50K dom 40.0
2026-06-10T22:32:21.362Z [league] classic vs neural · seed 50420 · arena #0 · classic 1W 34K dom 29.5 | neural 0W 9K dom -9.0
2026-06-10T22:32:51.422Z [league] classic vs angler · seed 50421 · arena #5 · classic 0W 17K dom -6.0 | angler 1W 46K dom 37.5
2026-06-10T22:33:21.462Z [league] classic vs disciple · seed 50422 · arena #11 · classic 1W 30K dom 24.5 | disciple 0W 9K dom -6.0
2026-06-10T22:33:51.313Z [league] pilot vs reaper · seed 50423 · arena #19 · pilot 1W 32K dom 16.5 | reaper 0W 30K dom 14.0
2026-06-10T22:34:21.244Z [league] pilot vs matador · seed 50424 · arena #23 · pilot 0W 27K dom 6.5 | matador 1W 41K dom 27.0
2026-06-10T22:34:51.435Z [league] pilot vs kestrel · seed 50425 · arena #31 · pilot 0W 24K dom 9.5 | kestrel 1W 29K dom 17.0
2026-06-10T22:35:21.275Z [league] pilot vs wolf · seed 50426 · arena #41 · pilot 0W 31K dom 11.0 | wolf 1W 40K dom 24.0
2026-06-10T22:35:51.391Z [league] pilot vs plover · seed 50427 · arena #53 · pilot 0W 31K dom 11.0 | plover 1W 39K dom 23.5
2026-06-10T22:36:21.521Z [league] pilot vs hydra · seed 50428 · arena #67 · pilot 0W 28K dom 6.0 | hydra 1W 44K dom 30.0
2026-06-10T22:36:51.813Z [league] pilot vs shrike · seed 50429 · arena #88 · pilot 0W 28K dom 7.5 | shrike 1W 41K dom 27.0
2026-06-10T22:37:21.310Z [league] pilot vs cuadrilla · seed 50430 · arena #0 · pilot 0W 27K dom 6.5 | cuadrilla 1W 41K dom 27.0
2026-06-10T22:37:51.600Z [league] pilot vs orca · seed 50431 · arena #5 · pilot 0W 27K dom 10.5 | orca 1W 33K dom 19.5
2026-06-10T22:38:21.431Z [league] pilot vs neural · seed 50432 · arena #11 · pilot 1W 44K dom 41.0 | neural 0W 5K dom -17.0
2026-06-10T22:38:51.509Z [league] pilot vs angler · seed 50433 · arena #19 · pilot 0W 28K dom 10.0 | angler 1W 36K dom 22.0
2026-06-10T22:39:21.508Z [league] pilot vs disciple · seed 50434 · arena #23 · pilot 1W 48K dom 45.5 | disciple 0W 4K dom -20.0
2026-06-10T22:39:51.280Z [league] reaper vs matador · seed 50435 · arena #31 · reaper 0W 23K dom 3.5 | matador 1W 37K dom 25.0
2026-06-10T22:40:21.617Z [league] reaper vs kestrel · seed 50436 · arena #41 · reaper 0W 26K dom 12.5 | kestrel 0W 26K dom 12.5
2026-06-10T22:40:51.441Z [league] reaper vs wolf · seed 50437 · arena #53 · reaper 0W 27K dom 6.0 | wolf 1W 42K dom 28.5
2026-06-10T22:41:21.508Z [league] reaper vs plover · seed 50438 · arena #67 · reaper 0W 25K dom 7.0 | plover 1W 36K dom 23.5
2026-06-10T22:41:51.401Z [league] reaper vs hydra · seed 50439 · arena #88 · reaper 0W 29K dom 6.5 | hydra 1W 45K dom 30.5
2026-06-10T22:42:21.412Z [league] reaper vs shrike · seed 50440 · arena #0 · reaper 0W 30K dom 10.0 | shrike 1W 40K dom 25.0
2026-06-10T22:42:52.214Z [league] reaper vs cuadrilla · seed 50441 · arena #5 · reaper 0W 26K dom 6.5 | cuadrilla 1W 39K dom 26.0
2026-06-10T22:43:22.522Z [league] reaper vs orca · seed 50442 · arena #11 · reaper 0W 24K dom 5.5 | orca 1W 37K dom 25.0
2026-06-10T22:43:52.639Z [league] reaper vs neural · seed 50443 · arena #19 · reaper 1W 36K dom 33.0 | neural 0W 5K dom -13.0
2026-06-10T22:44:22.817Z [league] reaper vs angler · seed 50444 · arena #23 · reaper 0W 27K dom 9.0 | angler 1W 36K dom 22.5
2026-06-10T22:44:53.551Z [league] reaper vs disciple · seed 50445 · arena #31 · reaper 1W 33K dom 31.0 | disciple 0W 4K dom -12.5
2026-06-10T22:45:23.130Z [league] matador vs kestrel · seed 50446 · arena #41 · matador 1W 49K dom 31.0 | kestrel 0W 36K dom 11.0
2026-06-10T22:45:52.535Z [league] matador vs wolf · seed 50447 · arena #53 · matador 0W 41K dom 18.5 | wolf 1W 45K dom 24.5
2026-06-10T22:46:22.474Z [league] matador vs plover · seed 50448 · arena #67 · matador 1W 42K dom 24.5 | plover 0W 35K dom 14.0
2026-06-10T22:46:53.096Z [league] matador vs hydra · seed 50449 · arena #88 · matador 0W 40K dom 19.0 | hydra 1W 42K dom 22.0
2026-06-10T22:47:22.957Z [league] matador vs shrike · seed 50450 · arena #0 · matador 1W 41K dom 21.5 | shrike 0W 38K dom 17.5
2026-06-10T22:47:52.766Z [league] matador vs cuadrilla · seed 50451 · arena #5 · matador 0W 27K dom 11.0 | cuadrilla 1W 32K dom 18.5
2026-06-10T22:48:23.331Z [league] matador vs orca · seed 50452 · arena #11 · matador 0W 29K dom 12.0 | orca 1W 34K dom 19.5
2026-06-10T22:48:52.670Z [league] matador vs neural · seed 50453 · arena #19 · matador 1W 55K dom 54.0 | neural 0W 2K dom -26.0
2026-06-10T22:49:21.282Z [league] pairing matador vs angler FAILED (continuing): Command failed: pnpm arena --teams matador vs angler --matches 1 --round 120 --seed 50454 --arena 23
2026-06-10T22:49:53.215Z [league] matador vs disciple · seed 50455 · arena #31 · matador 1W 58K dom 56.5 | disciple 0W 2K dom -27.0
2026-06-10T22:50:22.630Z [league] kestrel vs wolf · seed 50456 · arena #41 · kestrel 0W 30K dom 9.0 | wolf 1W 42K dom 27.0
2026-06-10T22:50:53.822Z [league] kestrel vs plover · seed 50457 · arena #53 · kestrel 0W 31K dom 14.0 | plover 1W 33K dom 17.5
2026-06-10T22:51:23.887Z [league] kestrel vs hydra · seed 50458 · arena #67 · kestrel 0W 36K dom 17.0 | hydra 1W 38K dom 20.0
2026-06-10T22:51:53.797Z [league] kestrel vs shrike · seed 50459 · arena #88 · kestrel 0W 27K dom 10.0 | shrike 1W 34K dom 20.5
2026-06-10T22:52:23.236Z [league] kestrel vs cuadrilla · seed 50460 · arena #0 · kestrel 0W 28K dom 10.5 | cuadrilla 1W 35K dom 21.0
2026-06-10T22:52:50.889Z [league] pairing kestrel vs orca FAILED (continuing): Command failed: pnpm arena --teams kestrel vs orca --matches 1 --round 120 --seed 50461 --arena 5
2026-06-10T22:53:20.888Z [league] pairing kestrel vs neural FAILED (continuing): Command failed: pnpm arena --teams kestrel vs neural --matches 1 --round 120 --seed 50462 --arena 11
2026-06-10T22:53:51.628Z [league] pairing kestrel vs angler FAILED (continuing): Command failed: pnpm arena --teams kestrel vs angler --matches 1 --round 120 --seed 50463 --arena 19
2026-06-10T22:54:23.150Z [league] kestrel vs disciple · seed 50464 · arena #23 · kestrel 1W 31K dom 30.0 | disciple 0W 2K dom -13.5
2026-06-10T22:54:52.572Z [league] wolf vs plover · seed 50465 · arena #31 · wolf 1W 46K dom 30.0 | plover 0W 31K dom 8.0
2026-06-10T22:55:23.145Z [league] wolf vs hydra · seed 50466 · arena #41 · wolf 0W 36K dom 17.0 | hydra 1W 38K dom 20.0
2026-06-10T22:55:53.058Z [league] wolf vs shrike · seed 50467 · arena #53 · wolf 1W 39K dom 21.5 | shrike 0W 35K dom 15.5
2026-06-10T22:56:22.698Z [league] wolf vs cuadrilla · seed 50468 · arena #67 · wolf 0W 35K dom 16.5 | cuadrilla 1W 37K dom 19.5
2026-06-10T22:56:53.276Z [league] wolf vs orca · seed 50469 · arena #88 · wolf 1W 34K dom 18.5 | orca 0W 31K dom 14.0
2026-06-10T22:57:23.048Z [league] wolf vs neural · seed 50470 · arena #0 · wolf 1W 46K dom 43.5 | neural 0W 4K dom -19.5
2026-06-10T22:57:51.075Z [league] pairing wolf vs angler FAILED (continuing): Command failed: pnpm arena --teams wolf vs angler --matches 1 --round 120 --seed 50471 --arena 5
2026-06-10T22:58:22.852Z [league] wolf vs disciple · seed 50472 · arena #11 · wolf 1W 42K dom 40.0 | disciple 0W 2K dom -19.0
2026-06-10T22:58:53.392Z [league] plover vs hydra · seed 50473 · arena #19 · plover 0W 32K dom 15.5 | hydra 1W 33K dom 17.0
2026-06-10T22:59:22.859Z [league] plover vs shrike · seed 50474 · arena #23 · plover 0W 38K dom 17.0 | shrike 1W 42K dom 23.0
2026-06-10T22:59:53.429Z [league] plover vs cuadrilla · seed 50475 · arena #31 · plover 0W 30K dom 10.5 | cuadrilla 1W 39K dom 23.5
2026-06-10T23:00:23.696Z [league] plover vs orca · seed 50476 · arena #41 · plover 0W 31K dom 12.5 | orca 1W 37K dom 21.5
2026-06-10T23:00:54.479Z [league] plover vs neural · seed 50477 · arena #53 · plover 1W 40K dom 35.0 | neural 0W 10K dom -10.5
2026-06-10T23:01:34.946Z [league] plover vs angler · seed 50478 · arena #67 · plover 0W 30K dom 12.0 | angler 1W 36K dom 21.0
2026-06-10T23:01:53.348Z [league] plover vs disciple · seed 50479 · arena #88 · plover 1W 50K dom 48.5 | disciple 0W 3K dom -22.0
2026-06-10T23:02:24.917Z [league] hydra vs shrike · seed 50480 · arena #0 · hydra 0W 25K dom 12.0 | shrike 0W 25K dom 12.0
2026-06-10T23:02:53.573Z [league] hydra vs cuadrilla · seed 50481 · arena #5 · hydra 0W 28K dom 8.5 | cuadrilla 1W 39K dom 25.0
2026-06-10T23:03:23.319Z [league] hydra vs orca · seed 50482 · arena #11 · hydra 0W 35K dom 16.0 | orca 1W 38K dom 20.5
2026-06-10T23:03:52.358Z [league] hydra vs neural · seed 50483 · arena #19 · hydra 1W 48K dom 44.5 | neural 0W 6K dom -18.0
2026-06-10T23:04:22.861Z [league] hydra vs angler · seed 50484 · arena #23 · hydra 0W 38K dom 14.5 | angler 1W 47K dom 28.0
2026-06-10T23:04:53.395Z [league] hydra vs disciple · seed 50485 · arena #31 · hydra 1W 39K dom 37.0 | disciple 0W 4K dom -15.5
2026-06-10T23:05:23.206Z [league] shrike vs cuadrilla · seed 50486 · arena #41 · shrike 0W 34K dom 12.5 | cuadrilla 1W 43K dom 26.0
2026-06-10T23:05:53.533Z [league] shrike vs orca · seed 50487 · arena #53 · shrike 0W 26K dom 8.0 | orca 1W 35K dom 22.0
2026-06-10T23:06:23.134Z [league] shrike vs neural · seed 50488 · arena #67 · shrike 1W 45K dom 40.5 | neural 0W 9K dom -13.5
2026-06-10T23:06:53.291Z [league] shrike vs angler · seed 50489 · arena #88 · shrike 0W 34K dom 13.5 | angler 1W 41K dom 23.5
2026-06-10T23:07:23.456Z [league] shrike vs disciple · seed 50490 · arena #0 · shrike 1W 50K dom 48.5 | disciple 0W 3K dom -22.0
2026-06-10T23:07:53.597Z [league] cuadrilla vs orca · seed 50491 · arena #5 · cuadrilla 1W 36K dom 21.0 | orca 0W 30K dom 12.0
2026-06-10T23:08:22.592Z [league] cuadrilla vs neural · seed 50492 · arena #11 · cuadrilla 1W 46K dom 43.0 | neural 0W 6K dom -17.0
2026-06-10T23:08:53.089Z [league] cuadrilla vs angler · seed 50493 · arena #19 · cuadrilla 0W 23K dom 11.5 | angler 0W 23K dom 11.5
2026-06-10T23:09:23.156Z [league] cuadrilla vs disciple · seed 50494 · arena #23 · cuadrilla 1W 48K dom 46.0 | disciple 0W 3K dom -21.0
2026-06-10T23:09:53.547Z [league] orca vs neural · seed 50495 · arena #31 · orca 1W 38K dom 36.0 | neural 0W 4K dom -15.0
2026-06-10T23:10:23.310Z [league] orca vs angler · seed 50496 · arena #41 · orca 0W 27K dom 6.5 | angler 1W 41K dom 27.0
2026-06-10T23:10:52.998Z [league] orca vs disciple · seed 50497 · arena #53 · orca 1W 51K dom 49.0 | disciple 0W 4K dom -21.5
2026-06-10T23:11:23.308Z [league] neural vs angler · seed 50498 · arena #67 · neural 0W 6K dom -19.0 | angler 1W 50K dom 47.0
2026-06-10T23:11:53.425Z [league] neural vs disciple · seed 50499 · arena #88 · neural 0W 6K dom 3.0 | disciple 0W 6K dom 3.0
2026-06-10T23:12:22.803Z [league] angler vs disciple · seed 50500 · arena #0 · angler 1W 56K dom 53.5 | disciple 0W 4K dom -24.0
2026-06-10T23:12:51.744Z [league] new round-robin pass: 14 engines, 91 pairings
2026-06-10T23:12:52.805Z [league] datasets/ at 23.57 GB — OVER WARN THRESHOLD, consider archiving
2026-06-10T23:12:55.665Z [league] classic vs pilot · seed 50501 · arena #5 · classic 0W 19K dom 0.0 | pilot 1W 38K dom 28.0
2026-06-10T23:13:23.264Z [league] classic vs reaper · seed 50502 · arena #11 · classic 0W 21K dom 1.0 | reaper 1W 39K dom 27.5
2026-06-10T23:13:53.516Z [league] classic vs matador · seed 50503 · arena #19 · classic 0W 19K dom -7.0 | matador 1W 52K dom 42.5
2026-06-10T23:14:23.672Z [league] classic vs kestrel · seed 50504 · arena #23 · classic 0W 20K dom -3.0 | kestrel 1W 46K dom 36.0
2026-06-10T23:14:52.408Z [league] classic vs wolf · seed 50505 · arena #31 · classic 0W 17K dom -7.5 | wolf 1W 49K dom 40.5
2026-06-10T23:15:23.045Z [league] classic vs plover · seed 50506 · arena #41 · classic 0W 19K dom -5.0 | plover 1W 47K dom 37.5
2026-06-10T23:15:52.946Z [league] classic vs hydra · seed 50507 · arena #53 · classic 0W 17K dom -5.0 | hydra 1W 43K dom 34.5
2026-06-10T23:16:33.811Z [league] classic vs shrike · seed 50508 · arena #67 · classic 0W 16K dom -5.0 | shrike 1W 42K dom 33.5
2026-06-10T23:16:55.437Z [league] classic vs cuadrilla · seed 50509 · arena #88 · classic 0W 14K dom -1.0 | cuadrilla 1W 30K dom 23.0
2026-06-10T23:17:33.748Z [league] classic vs orca · seed 50510 · arena #0 · classic 0W 20K dom -1.0 | orca 1W 42K dom 32.0
2026-06-10T23:17:53.193Z [league] classic vs neural · seed 50511 · arena #5 · classic 1W 30K dom 26.0 | neural 0W 8K dom -7.0
2026-06-10T23:18:23.104Z [league] classic vs angler · seed 50512 · arena #11 · classic 0W 22K dom -1.0 | angler 1W 45K dom 34.0
2026-06-10T23:18:54.072Z [league] classic vs disciple · seed 50513 · arena #19 · classic 1W 30K dom 27.0 | disciple 0W 6K dom -9.0
2026-06-10T23:19:41.987Z [league] pilot vs reaper · seed 50514 · arena #23 · pilot 1W 35K dom 18.0 | reaper 0W 34K dom 16.0
2026-06-10T23:19:58.331Z [league] pilot vs matador · seed 50515 · arena #31 · pilot 0W 32K dom 6.5 | matador 1W 51K dom 34.5
2026-06-10T23:20:26.054Z [league] pilot vs kestrel · seed 50516 · arena #41 · pilot 0W 28K dom 12.0 | kestrel 1W 32K dom 18.0
2026-06-10T23:21:05.129Z [league] pilot vs wolf · seed 50517 · arena #53 · pilot 0W 24K dom 9.0 | wolf 1W 29K dom 16.5
2026-06-10T23:21:25.629Z [league] pilot vs plover · seed 50518 · arena #67 · pilot 0W 35K dom 13.5 | plover 1W 43K dom 25.5
2026-06-10T23:21:55.467Z [league] pilot vs hydra · seed 50519 · arena #88 · pilot 0W 31K dom 14.5 | hydra 1W 33K dom 17.5
2026-06-10T23:22:26.576Z [league] pilot vs shrike · seed 50520 · arena #0 · pilot 0W 19K dom 3.0 | shrike 1W 31K dom 21.5
2026-06-10T23:22:56.489Z [league] pilot vs cuadrilla · seed 50521 · arena #5 · pilot 0W 32K dom 10.0 | cuadrilla 1W 44K dom 28.0
2026-06-10T23:23:24.926Z [league] pilot vs orca · seed 50522 · arena #11 · pilot 0W 22K dom 6.0 | orca 1W 31K dom 19.5
2026-06-10T23:23:54.303Z [league] pilot vs neural · seed 50523 · arena #19 · pilot 1W 37K dom 33.5 | neural 0W 7K dom -12.0
2026-06-10T23:24:24.348Z [league] pilot vs angler · seed 50524 · arena #23 · pilot 0W 31K dom 6.5 | angler 1W 48K dom 32.5
2026-06-10T23:24:54.881Z [league] pilot vs disciple · seed 50525 · arena #31 · pilot 1W 47K dom 43.0 | disciple 0W 7K dom -16.5
2026-06-10T23:25:24.080Z [league] reaper vs matador · seed 50526 · arena #41 · reaper 0W 32K dom 8.0 | matador 1W 48K dom 32.0
2026-06-11T03:19:01.290Z [league] reaper vs kestrel · seed 50527 · arena #53 · reaper 0W 22K dom 6.5 | kestrel 1W 31K dom 20.0
2026-06-11T03:19:27.973Z [league] reaper vs wolf · seed 50528 · arena #67 · reaper 0W 29K dom 7.0 | wolf 1W 43K dom 28.5
2026-06-11T03:19:57.435Z [league] reaper vs plover · seed 50529 · arena #88 · reaper 0W 20K dom 3.5 | plover 1W 28K dom 18.0
2026-06-11T03:20:27.210Z [league] reaper vs hydra · seed 50530 · arena #0 · reaper 0W 23K dom 6.5 | hydra 1W 31K dom 19.5
2026-06-11T03:20:57.209Z [league] reaper vs shrike · seed 50531 · arena #5 · reaper 0W 27K dom 6.5 | shrike 1W 41K dom 27.5
2026-06-11T03:21:26.576Z [league] reaper vs cuadrilla · seed 50532 · arena #11 · reaper 0W 27K dom 9.0 | cuadrilla 1W 36K dom 22.5
2026-06-11T03:21:59.374Z [league] reaper vs orca · seed 50533 · arena #19 · reaper 0W 21K dom 0.0 | orca 1W 42K dom 31.5
2026-06-11T03:22:28.574Z [league] reaper vs neural · seed 50534 · arena #23 · reaper 1W 44K dom 41.0 | neural 0W 6K dom -16.0
2026-06-11T03:22:58.449Z [league] reaper vs angler · seed 50535 · arena #31 · reaper 0W 21K dom 5.0 | angler 1W 32K dom 21.5
2026-06-11T03:23:27.846Z [league] reaper vs disciple · seed 50536 · arena #41 · reaper 1W 36K dom 34.5 | disciple 0W 3K dom -15.0
2026-06-11T03:23:56.898Z [league] matador vs kestrel · seed 50537 · arena #53 · matador 1W 39K dom 20.0 | kestrel 0W 38K dom 18.5
2026-06-11T03:24:26.671Z [league] matador vs wolf · seed 50538 · arena #67 · matador 0W 29K dom 12.0 | wolf 1W 33K dom 18.5
2026-06-11T03:24:56.748Z [league] matador vs plover · seed 50539 · arena #88 · matador 1W 49K dom 31.5 | plover 0W 35K dom 10.5
2026-06-11T03:25:27.155Z [league] matador vs hydra · seed 50540 · arena #0 · matador 1W 44K dom 27.5 | hydra 0W 33K dom 11.0
2026-06-11T03:25:57.100Z [league] matador vs shrike · seed 50541 · arena #5 · matador 1W 46K dom 26.5 | shrike 0W 39K dom 16.0
2026-06-11T03:26:26.909Z [league] matador vs cuadrilla · seed 50542 · arena #11 · matador 0W 38K dom 17.0 | cuadrilla 1W 42K dom 23.0
2026-06-11T03:26:57.484Z [league] matador vs orca · seed 50543 · arena #19 · matador 0W 29K dom 10.5 | orca 1W 37K dom 22.5
2026-06-11T03:27:26.972Z [league] matador vs neural · seed 50544 · arena #23 · matador 1W 49K dom 47.5 | neural 0W 3K dom -21.5
2026-06-11T03:27:56.983Z [league] matador vs angler · seed 50545 · arena #31 · matador 0W 35K dom 12.0 | angler 1W 46K dom 28.5
2026-06-11T03:28:26.116Z [league] matador vs disciple · seed 50546 · arena #41 · matador 1W 48K dom 46.0 | disciple 0W 4K dom -20.0
2026-06-11T03:28:55.951Z [league] kestrel vs wolf · seed 50547 · arena #53 · kestrel 0W 39K dom 15.5 | wolf 1W 47K dom 27.5
2026-06-11T03:29:26.386Z [league] kestrel vs plover · seed 50548 · arena #67 · kestrel 1W 33K dom 20.5 | plover 0W 25K dom 8.5
2026-06-11T03:29:56.217Z [league] kestrel vs hydra · seed 50549 · arena #88 · kestrel 0W 29K dom 11.5 | hydra 1W 35K dom 20.5
2026-06-11T03:30:26.414Z [league] kestrel vs shrike · seed 50550 · arena #0 · kestrel 0W 37K dom 17.0 | shrike 1W 40K dom 21.5
2026-06-11T03:30:56.454Z [league] kestrel vs cuadrilla · seed 50551 · arena #5 · kestrel 0W 29K dom 10.5 | cuadrilla 1W 36K dom 21.5
2026-06-11T03:31:26.523Z [league] kestrel vs orca · seed 50552 · arena #11 · kestrel 0W 31K dom 11.0 | orca 1W 40K dom 24.5
2026-06-11T03:31:57.870Z [league] kestrel vs neural · seed 50553 · arena #19 · kestrel 1W 47K dom 44.0 | neural 0W 6K dom -17.5
2026-06-11T03:32:33.657Z [league] kestrel vs angler · seed 50554 · arena #23 · kestrel 0W 29K dom 5.5 | angler 1W 47K dom 32.5
2026-06-11T03:33:03.598Z [league] kestrel vs disciple · seed 50555 · arena #31 · kestrel 1W 49K dom 46.5 | disciple 0W 4K dom -20.5
2026-06-11T03:33:29.444Z [league] wolf vs plover · seed 50556 · arena #41 · wolf 1W 35K dom 22.5 | plover 0W 25K dom 7.0
2026-06-11T03:34:03.511Z [league] wolf vs hydra · seed 50557 · arena #53 · wolf 1W 42K dom 25.5 | hydra 0W 32K dom 11.0
2026-06-11T03:34:33.231Z [league] wolf vs shrike · seed 50558 · arena #67 · wolf 1W 37K dom 19.5 | shrike 0W 34K dom 15.5
2026-06-11T03:35:02.988Z [league] wolf vs cuadrilla · seed 50559 · arena #88 · wolf 0W 33K dom 14.5 | cuadrilla 1W 37K dom 20.5
2026-06-11T03:35:33.177Z [league] wolf vs orca · seed 50560 · arena #0 · wolf 1W 38K dom 20.5 | orca 0W 35K dom 15.5
2026-06-11T03:36:03.244Z [league] wolf vs neural · seed 50561 · arena #5 · wolf 1W 53K dom 51.0 | neural 0W 4K dom -22.5
2026-06-11T03:36:32.949Z [league] wolf vs angler · seed 50562 · arena #11 · wolf 0W 35K dom 13.5 | angler 1W 43K dom 25.5
2026-06-11T03:37:03.389Z [league] wolf vs disciple · seed 50563 · arena #19 · wolf 1W 46K dom 44.5 | disciple 0W 3K dom -20.0
2026-06-11T03:37:27.826Z [league] plover vs hydra · seed 50564 · arena #23 · plover 0W 27K dom 7.5 | hydra 1W 38K dom 24.5
2026-06-11T03:38:03.080Z [league] plover vs shrike · seed 50565 · arena #31 · plover 0W 27K dom 8.0 | shrike 1W 38K dom 24.5
2026-06-11T03:38:33.844Z [league] plover vs cuadrilla · seed 50566 · arena #41 · plover 0W 24K dom 9.0 | cuadrilla 1W 30K dom 18.0
2026-06-11T03:39:04.781Z [league] plover vs orca · seed 50567 · arena #53 · plover 0W 31K dom 14.5 | orca 1W 33K dom 17.0
2026-06-11T03:39:32.557Z [league] plover vs neural · seed 50568 · arena #67 · plover 1W 37K dom 35.0 | neural 0W 4K dom -14.5
2026-06-11T03:40:03.114Z [league] plover vs angler · seed 50569 · arena #88 · plover 0W 29K dom 6.5 | angler 1W 45K dom 30.5
2026-06-11T03:40:33.600Z [league] plover vs disciple · seed 50570 · arena #0 · plover 1W 51K dom 48.5 | disciple 0W 5K dom -20.5
2026-06-11T03:41:02.678Z [league] hydra vs shrike · seed 50571 · arena #5 · hydra 1W 39K dom 20.5 | shrike 0W 37K dom 17.5
2026-06-11T03:41:27.218Z [league] hydra vs cuadrilla · seed 50572 · arena #11 · hydra 0W 38K dom 17.5 | cuadrilla 1W 40K dom 21.0
2026-06-11T03:42:05.096Z [league] hydra vs orca · seed 50573 · arena #19 · hydra 0W 24K dom 11.0 | orca 1W 26K dom 14.0
2026-06-11T03:42:33.270Z [league] hydra vs neural · seed 50574 · arena #23 · hydra 1W 47K dom 44.5 | neural 0W 4K dom -20.0
2026-06-11T03:43:03.825Z [league] hydra vs angler · seed 50575 · arena #31 · hydra 0W 33K dom 13.5 | angler 1W 39K dom 22.0
2026-06-11T03:43:34.531Z [league] hydra vs disciple · seed 50576 · arena #41 · hydra 1W 37K dom 36.5 | disciple 0W 1K dom -17.5
2026-06-11T03:44:04.122Z [league] shrike vs cuadrilla · seed 50577 · arena #53 · shrike 0W 34K dom 15.5 | cuadrilla 1W 37K dom 20.0
2026-06-11T03:44:34.646Z [league] shrike vs orca · seed 50578 · arena #67 · shrike 1W 36K dom 20.0 | orca 0W 32K dom 14.0
2026-06-11T03:45:01.795Z [league] shrike vs neural · seed 50579 · arena #88 · shrike 1W 49K dom 47.5 | neural 0W 3K dom -22.0
2026-06-11T03:45:29.644Z [league] shrike vs angler · seed 50580 · arena #0 · shrike 0W 33K dom 13.5 | angler 1W 39K dom 22.5
2026-06-11T03:46:05.682Z [league] shrike vs disciple · seed 50581 · arena #5 · shrike 1W 38K dom 37.5 | disciple 0W 1K dom -18.0
2026-06-11T03:46:35.754Z [league] cuadrilla vs orca · seed 50582 · arena #11 · cuadrilla 0W 26K dom 12.5 | orca 1W 27K dom 14.0
2026-06-11T03:47:04.683Z [league] cuadrilla vs neural · seed 50583 · arena #19 · cuadrilla 1W 44K dom 42.5 | neural 0W 3K dom -19.0
2026-06-11T03:47:36.339Z [league] cuadrilla vs angler · seed 50584 · arena #23 · cuadrilla 0W 28K dom 11.0 | angler 1W 34K dom 20.0
2026-06-11T03:48:06.328Z [league] cuadrilla vs disciple · seed 50585 · arena #31 · cuadrilla 1W 39K dom 37.5 | disciple 0W 3K dom -17.0
2026-06-11T03:48:36.224Z [league] orca vs neural · seed 50586 · arena #41 · orca 1W 54K dom 51.5 | neural 0W 5K dom -22.0
2026-06-11T03:49:06.494Z [league] orca vs angler · seed 50587 · arena #53 · orca 0W 34K dom 15.0 | angler 1W 38K dom 21.0
2026-06-11T03:49:34.570Z [league] orca vs disciple · seed 50588 · arena #67 · orca 1W 52K dom 50.5 | disciple 0W 3K dom -23.5
2026-06-11T03:50:04.408Z [league] neural vs angler · seed 50589 · arena #88 · neural 0W 3K dom -24.5 | angler 1W 54K dom 52.5
2026-06-11T03:50:35.482Z [league] neural vs disciple · seed 50590 · arena #0 · neural 1W 6K dom 4.5 | disciple 0W 3K dom 0.0
2026-06-11T03:51:03.988Z [league] angler vs disciple · seed 50591 · arena #5 · angler 1W 34K dom 31.0 | disciple 0W 6K dom -11.0
2026-06-11T03:51:27.844Z [league] new round-robin pass: 14 engines, 91 pairings
2026-06-11T03:51:32.150Z [league] datasets/ at 30.34 GB — OVER WARN THRESHOLD, consider archiving
2026-06-11T03:51:41.444Z [league] classic vs pilot · seed 50592 · arena #11 · classic 0W 16K dom -3.0 | pilot 1W 38K dom 29.5
2026-06-11T03:52:03.292Z [league] classic vs reaper · seed 50593 · arena #19 · classic 0W 20K dom -1.5 | reaper 1W 43K dom 32.5
2026-06-11T03:52:33.604Z [league] classic vs matador · seed 50594 · arena #23 · classic 0W 19K dom -3.5 | matador 1W 45K dom 35.5
2026-06-11T03:53:02.942Z [league] classic vs kestrel · seed 50595 · arena #31 · classic 0W 18K dom -2.0 | kestrel 1W 40K dom 31.0
2026-06-11T03:53:33.170Z [league] classic vs wolf · seed 50596 · arena #41 · classic 0W 17K dom -5.5 | wolf 1W 45K dom 36.5
2026-06-11T03:54:03.283Z [league] classic vs plover · seed 50597 · arena #53 · classic 0W 16K dom -2.5 | plover 1W 36K dom 27.5
2026-06-11T03:54:33.458Z [league] classic vs hydra · seed 50598 · arena #67 · classic 0W 15K dom -8.5 | hydra 1W 46K dom 38.0
2026-06-11T03:55:04.373Z [league] classic vs shrike · seed 50599 · arena #88 · classic 0W 13K dom -4.5 | shrike 1W 35K dom 28.0
2026-06-11T03:55:33.145Z [league] classic vs cuadrilla · seed 50600 · arena #0 · classic 0W 14K dom -4.0 | cuadrilla 1W 36K dom 29.0
2026-06-11T03:56:04.238Z [league] classic vs orca · seed 50601 · arena #5 · classic 0W 20K dom -5.0 | orca 1W 50K dom 40.0
2026-06-11T03:56:32.462Z [league] classic vs neural · seed 50602 · arena #11 · classic 1W 32K dom 28.0 | neural 0W 8K dom -10.0
2026-06-11T03:57:03.510Z [league] classic vs angler · seed 50603 · arena #19 · classic 0W 13K dom -10.0 | angler 1W 46K dom 39.0
2026-06-11T03:57:33.521Z [league] classic vs disciple · seed 50604 · arena #23 · classic 1W 23K dom 19.5 | disciple 0W 6K dom -5.5
2026-06-11T03:58:02.897Z [league] pilot vs reaper · seed 50605 · arena #31 · pilot 1W 34K dom 19.0 | reaper 0W 30K dom 13.0
2026-06-11T03:58:33.233Z [league] pilot vs matador · seed 50606 · arena #41 · pilot 0W 32K dom 10.0 | matador 1W 44K dom 28.0
2026-06-11T03:59:04.456Z [league] pilot vs kestrel · seed 50607 · arena #53 · pilot 0W 21K dom 7.5 | kestrel 1W 27K dom 16.0
2026-06-11T03:59:32.718Z [league] pilot vs wolf · seed 50608 · arena #67 · pilot 0W 34K dom 12.0 | wolf 1W 44K dom 27.0
2026-06-11T04:00:05.201Z [league] pilot vs plover · seed 50609 · arena #88 · pilot 0W 34K dom 16.5 | plover 1W 35K dom 18.0
2026-06-11T04:00:34.539Z [league] pilot vs hydra · seed 50610 · arena #0 · pilot 0W 23K dom 8.5 | hydra 1W 28K dom 16.5
2026-06-11T04:01:05.784Z [league] pilot vs shrike · seed 50611 · arena #5 · pilot 0W 31K dom 8.0 | shrike 1W 46K dom 30.5
2026-06-11T04:01:34.845Z [league] pilot vs cuadrilla · seed 50612 · arena #11 · pilot 0W 35K dom 12.0 | cuadrilla 1W 46K dom 28.5
2026-06-11T04:02:04.954Z [league] pilot vs orca · seed 50613 · arena #19 · pilot 0W 27K dom 5.0 | orca 1W 43K dom 29.5
2026-06-11T04:02:32.805Z [league] pilot vs neural · seed 50614 · arena #23 · pilot 1W 45K dom 42.0 | neural 0W 6K dom -16.5
2026-06-11T04:03:03.580Z [league] pilot vs angler · seed 50615 · arena #31 · pilot 0W 25K dom 5.0 | angler 1W 38K dom 25.5
2026-06-11T04:03:33.567Z [league] pilot vs disciple · seed 50616 · arena #41 · pilot 1W 42K dom 39.0 | disciple 0W 6K dom -15.5
2026-06-11T04:04:02.877Z [league] reaper vs matador · seed 50617 · arena #53 · reaper 0W 17K dom 0.0 | matador 1W 33K dom 24.5
2026-06-11T04:04:34.627Z [league] reaper vs kestrel · seed 50618 · arena #67 · reaper 0W 22K dom 3.0 | kestrel 1W 37K dom 26.0
2026-06-11T04:05:02.946Z [league] reaper vs wolf · seed 50619 · arena #88 · reaper 0W 30K dom 8.5 | wolf 1W 42K dom 27.0
2026-06-11T04:05:32.775Z [league] reaper vs plover · seed 50620 · arena #0 · reaper 0W 27K dom 9.0 | plover 1W 36K dom 22.5
2026-06-11T04:06:03.486Z [league] reaper vs hydra · seed 50621 · arena #5 · reaper 0W 25K dom 8.0 | hydra 1W 34K dom 21.5
2026-06-11T04:06:33.329Z [league] reaper vs shrike · seed 50622 · arena #11 · reaper 0W 24K dom 5.0 | shrike 1W 38K dom 25.5
2026-06-11T04:06:59.595Z [league] reaper vs cuadrilla · seed 50623 · arena #19 · reaper 0W 17K dom 2.5 | cuadrilla 1W 29K dom 20.5
2026-06-11T04:07:34.413Z [league] reaper vs orca · seed 50624 · arena #23 · reaper 0W 24K dom 6.0 | orca 1W 36K dom 24.0
2026-06-11T04:08:02.899Z [league] reaper vs neural · seed 50625 · arena #31 · reaper 1W 36K dom 32.5 | neural 0W 5K dom -13.0
2026-06-11T04:08:28.060Z [league] reaper vs angler · seed 50626 · arena #41 · reaper 0W 24K dom 4.0 | angler 1W 40K dom 28.0
2026-06-11T04:09:00.424Z [league] reaper vs disciple · seed 50627 · arena #53 · reaper 1W 33K dom 31.0 | disciple 0W 4K dom -13.0
2026-06-11T04:09:28.801Z [league] matador vs kestrel · seed 50628 · arena #67 · matador 1W 49K dom 33.0 | kestrel 0W 32K dom 7.5
2026-06-11T04:09:58.594Z [league] matador vs wolf · seed 50629 · arena #88 · matador 0W 39K dom 19.0 | wolf 1W 40K dom 20.5
2026-06-11T04:10:28.368Z [league] matador vs plover · seed 50630 · arena #0 · matador 1W 41K dom 28.0 | plover 0W 26K dom 5.5
2026-06-11T04:10:57.707Z [league] matador vs hydra · seed 50631 · arena #5 · matador 1W 35K dom 21.0 | hydra 0W 28K dom 10.5
2026-06-11T04:11:30.130Z [league] matador vs shrike · seed 50632 · arena #11 · matador 0W 38K dom 16.5 | shrike 1W 43K dom 24.0
2026-06-11T04:11:59.428Z [league] matador vs cuadrilla · seed 50633 · arena #19 · matador 0W 26K dom 8.0 | cuadrilla 1W 35K dom 22.0
2026-06-11T04:12:29.027Z [league] matador vs orca · seed 50634 · arena #23 · matador 0W 34K dom 16.5 | orca 1W 34K dom 17.0
2026-06-11T04:12:58.007Z [league] matador vs neural · seed 50635 · arena #31 · matador 1W 54K dom 50.5 | neural 0W 7K dom -20.0
2026-06-11T04:13:27.069Z [league] matador vs angler · seed 50636 · arena #41 · matador 0W 36K dom 14.0 | angler 1W 44K dom 26.0
2026-06-11T04:13:59.036Z [league] matador vs disciple · seed 50637 · arena #53 · matador 1W 58K dom 56.0 | disciple 0W 4K dom -25.0
2026-06-11T04:14:28.488Z [league] kestrel vs wolf · seed 50638 · arena #67 · kestrel 0W 33K dom 9.0 | wolf 1W 48K dom 31.5
2026-06-11T04:14:59.103Z [league] kestrel vs plover · seed 50639 · arena #88 · kestrel 1W 32K dom 19.0 | plover 0W 26K dom 10.0
2026-06-11T04:15:28.739Z [league] kestrel vs hydra · seed 50640 · arena #0 · kestrel 0W 30K dom 12.0 | hydra 1W 35K dom 19.5
2026-06-11T04:15:58.057Z [league] kestrel vs shrike · seed 50641 · arena #5 · kestrel 1W 31K dom 16.5 | shrike 0W 29K dom 13.5
2026-06-11T04:16:30.158Z [league] kestrel vs cuadrilla · seed 50642 · arena #11 · kestrel 0W 21K dom 6.5 | cuadrilla 1W 29K dom 18.5
2026-06-11T04:16:59.913Z [league] kestrel vs orca · seed 50643 · arena #19 · kestrel 0W 30K dom 11.5 | orca 1W 37K dom 22.0
2026-06-11T04:17:28.602Z [league] kestrel vs neural · seed 50644 · arena #23 · kestrel 1W 41K dom 39.0 | neural 0W 4K dom -16.5
2026-06-11T04:17:58.660Z [league] kestrel vs angler · seed 50645 · arena #31 · kestrel 0W 28K dom 7.5 | angler 1W 41K dom 27.0
2026-06-11T04:18:27.596Z [league] kestrel vs disciple · seed 50646 · arena #41 · kestrel 1W 47K dom 45.5 | disciple 0W 3K dom -20.5
2026-06-11T04:19:03.644Z [league] wolf vs plover · seed 50647 · arena #53 · wolf 1W 40K dom 26.5 | plover 0W 27K dom 7.0
2026-06-11T04:19:34.002Z [league] wolf vs hydra · seed 50648 · arena #67 · wolf 1W 46K dom 26.5 | hydra 0W 39K dom 16.0
2026-06-11T04:20:04.745Z [league] wolf vs shrike · seed 50649 · arena #88 · wolf 1W 33K dom 17.5 | shrike 0W 30K dom 13.0
2026-06-11T04:20:34.022Z [league] wolf vs cuadrilla · seed 50650 · arena #0 · wolf 0W 25K dom 12.0 | cuadrilla 1W 26K dom 13.0
2026-06-11T04:21:00.333Z [league] wolf vs orca · seed 50651 · arena #5 · wolf 1W 41K dom 21.5 | orca 0W 38K dom 17.5
2026-06-11T04:21:31.600Z [league] wolf vs neural · seed 50652 · arena #11 · wolf 1W 38K dom 35.5 | neural 0W 5K dom -14.0
2026-06-11T04:22:03.735Z [league] wolf vs angler · seed 50653 · arena #19 · wolf 1W 40K dom 21.5 | angler 0W 37K dom 17.0
2026-06-11T04:22:33.707Z [league] wolf vs disciple · seed 50654 · arena #23 · wolf 1W 54K dom 52.5 | disciple 0W 3K dom -24.5
2026-06-11T04:23:04.395Z [league] plover vs hydra · seed 50655 · arena #31 · plover 0W 34K dom 15.5 | hydra 1W 37K dom 20.0
2026-06-11T04:23:33.867Z [league] plover vs shrike · seed 50656 · arena #41 · plover 0W 35K dom 17.0 | shrike 1W 36K dom 18.5
2026-06-11T04:24:03.111Z [league] plover vs cuadrilla · seed 50657 · arena #53 · plover 0W 24K dom 6.0 | cuadrilla 1W 35K dom 23.0
2026-06-11T04:24:30.823Z [league] plover vs orca · seed 50658 · arena #67 · plover 0W 32K dom 14.0 | orca 1W 36K dom 19.5
2026-06-11T04:25:05.708Z [league] plover vs neural · seed 50659 · arena #88 · plover 1W 28K dom 25.0 | neural 0W 6K dom -8.5
2026-06-11T04:25:33.683Z [league] plover vs angler · seed 50660 · arena #0 · plover 0W 28K dom 8.0 | angler 1W 40K dom 26.0
2026-06-11T04:25:58.632Z [league] plover vs disciple · seed 50661 · arena #5 · plover 1W 53K dom 50.5 | disciple 0W 3K dom -23.5
2026-06-11T04:26:27.708Z [league] hydra vs shrike · seed 50662 · arena #11 · hydra 0W 35K dom 15.0 | shrike 1W 40K dom 22.5
2026-06-11T04:27:01.455Z [league] hydra vs cuadrilla · seed 50663 · arena #19 · hydra 0W 27K dom 7.5 | cuadrilla 1W 39K dom 25.5
2026-06-11T04:27:31.409Z [league] hydra vs orca · seed 50664 · arena #23 · hydra 0W 35K dom 15.0 | orca 1W 40K dom 22.5
2026-06-11T04:27:59.909Z [league] hydra vs neural · seed 50665 · arena #31 · hydra 1W 46K dom 42.5 | neural 0W 7K dom -16.5
2026-06-11T04:28:29.669Z [league] hydra vs angler · seed 50666 · arena #41 · hydra 0W 36K dom 12.0 | angler 1W 48K dom 30.0
2026-06-11T04:28:57.921Z [league] hydra vs disciple · seed 50667 · arena #53 · hydra 1W 38K dom 37.0 | disciple 0W 2K dom -17.0
2026-06-11T04:29:30.010Z [league] shrike vs cuadrilla · seed 50668 · arena #67 · shrike 0W 25K dom 10.5 | cuadrilla 1W 29K dom 16.5
2026-06-11T04:30:00.738Z [league] shrike vs orca · seed 50669 · arena #88 · shrike 1W 43K dom 23.0 | orca 0W 40K dom 18.5
2026-06-11T04:30:29.168Z [league] shrike vs neural · seed 50670 · arena #0 · shrike 1W 49K dom 46.0 | neural 0W 6K dom -19.0
2026-06-11T04:30:58.969Z [league] shrike vs angler · seed 50671 · arena #5 · shrike 0W 31K dom 10.5 | angler 1W 41K dom 25.5
2026-06-11T04:31:29.873Z [league] shrike vs disciple · seed 50672 · arena #11 · shrike 1W 53K dom 50.5 | disciple 0W 4K dom -22.5
2026-06-11T04:32:01.049Z [league] cuadrilla vs orca · seed 50673 · arena #19 · cuadrilla 0W 36K dom 17.0 | orca 1W 38K dom 20.0
2026-06-11T04:32:30.894Z [league] cuadrilla vs neural · seed 50674 · arena #23 · cuadrilla 1W 49K dom 45.5 | neural 0W 7K dom -18.0
2026-06-11T04:32:59.497Z [league] cuadrilla vs angler · seed 50675 · arena #31 · cuadrilla 0W 27K dom 12.5 | angler 1W 29K dom 15.5
2026-06-11T04:33:29.007Z [league] cuadrilla vs disciple · seed 50676 · arena #41 · cuadrilla 1W 22K dom 20.5 | disciple 0W 3K dom -8.0
2026-06-11T04:33:57.174Z [league] orca vs neural · seed 50677 · arena #53 · orca 1W 53K dom 49.5 | neural 0W 6K dom -20.5
2026-06-11T04:34:31.159Z [league] orca vs angler · seed 50678 · arena #67 · orca 0W 32K dom 11.5 | angler 1W 41K dom 25.0
2026-06-11T04:35:00.903Z [league] orca vs disciple · seed 50679 · arena #88 · orca 1W 45K dom 43.0 | disciple 0W 4K dom -18.5
2026-06-11T04:35:28.733Z [league] neural vs angler · seed 50680 · arena #0 · neural 0W 12K dom -17.0 | angler 1W 58K dom 52.0
2026-06-11T04:35:59.382Z [league] neural vs disciple · seed 50681 · arena #5 · neural 0W 5K dom 2.0 | disciple 0W 5K dom 2.0
2026-06-11T04:36:25.970Z [league] angler vs disciple · seed 50682 · arena #11 · angler 1W 53K dom 50.0 | disciple 0W 6K dom -20.5
2026-06-11T04:36:55.182Z [league] new round-robin pass: 14 engines, 91 pairings
2026-06-11T04:36:55.827Z [league] datasets/ at 33.06 GB — OVER WARN THRESHOLD, consider archiving
2026-06-11T04:36:57.235Z [league] classic vs pilot · seed 50683 · arena #19 · classic 0W 23K dom 1.5 | pilot 1W 43K dom 31.5
2026-06-11T04:37:25.907Z [league] classic vs reaper · seed 50684 · arena #23 · classic 0W 23K dom 5.5 | reaper 1W 35K dom 23.5
2026-06-11T04:37:55.740Z [league] classic vs matador · seed 50685 · arena #31 · classic 0W 21K dom -4.5 | matador 1W 51K dom 40.0
2026-06-11T04:38:25.781Z [league] classic vs kestrel · seed 50686 · arena #41 · classic 0W 15K dom -3.0 | kestrel 1W 36K dom 28.5
2026-06-11T04:38:56.005Z [league] classic vs wolf · seed 50687 · arena #53 · classic 0W 19K dom -8.5 | wolf 1W 55K dom 44.5
2026-06-11T04:39:26.265Z [league] classic vs plover · seed 50688 · arena #67 · classic 0W 21K dom 2.5 | plover 1W 37K dom 26.5
2026-06-11T04:39:56.361Z [league] classic vs hydra · seed 50689 · arena #88 · classic 0W 19K dom -6.0 | hydra 1W 50K dom 40.5
2026-06-11T04:40:26.142Z [league] classic vs shrike · seed 50690 · arena #0 · classic 0W 18K dom -7.0 | shrike 1W 50K dom 40.5
2026-06-11T04:40:56.019Z [league] classic vs cuadrilla · seed 50691 · arena #5 · classic 0W 12K dom -8.0 | cuadrilla 1W 40K dom 33.5
2026-06-11T04:41:26.606Z [league] classic vs orca · seed 50692 · arena #11 · classic 0W 12K dom -8.5 | orca 1W 41K dom 35.0
2026-06-11T04:41:56.218Z [league] classic vs neural · seed 50693 · arena #19 · classic 1W 35K dom 27.5 | neural 0W 15K dom -4.0
2026-06-11T04:42:26.025Z [league] classic vs angler · seed 50694 · arena #23 · classic 0W 20K dom -8.5 | angler 1W 57K dom 46.5
2026-06-11T04:42:56.027Z [league] classic vs disciple · seed 50695 · arena #31 · classic 1W 19K dom 16.5 | disciple 0W 4K dom -5.5
2026-06-11T04:43:25.819Z [league] pilot vs reaper · seed 50696 · arena #41 · pilot 1W 32K dom 20.5 | reaper 0W 23K dom 6.5
2026-06-11T04:43:55.852Z [league] pilot vs matador · seed 50697 · arena #53 · pilot 0W 35K dom 10.5 | matador 1W 49K dom 31.5
2026-06-11T04:44:26.858Z [league] pilot vs kestrel · seed 50698 · arena #67 · pilot 0W 33K dom 15.0 | kestrel 1W 36K dom 19.0
2026-06-11T04:44:56.085Z [league] pilot vs wolf · seed 50699 · arena #88 · pilot 0W 33K dom 9.0 | wolf 1W 47K dom 30.5
2026-06-11T04:45:25.850Z [league] pilot vs plover · seed 50700 · arena #0 · pilot 0W 29K dom 7.0 | plover 1W 44K dom 29.5
2026-06-11T04:45:55.883Z [league] pilot vs hydra · seed 50701 · arena #5 · pilot 0W 29K dom 8.5 | hydra 1W 41K dom 26.5
2026-06-11T04:46:27.945Z [league] pilot vs shrike · seed 50702 · arena #11 · pilot 0W 29K dom 7.5 | shrike 1W 42K dom 27.5
2026-06-11T04:46:56.240Z [league] pilot vs cuadrilla · seed 50703 · arena #19 · pilot 0W 23K dom 6.5 | cuadrilla 1W 33K dom 21.5
2026-06-11T04:47:26.571Z [league] pilot vs orca · seed 50704 · arena #23 · pilot 0W 24K dom 4.5 | orca 1W 38K dom 26.0
2026-06-11T04:47:55.878Z [league] pilot vs neural · seed 50705 · arena #31 · pilot 1W 26K dom 23.0 | neural 0W 5K dom -8.0
2026-06-11T04:48:25.861Z [league] pilot vs angler · seed 50706 · arena #41 · pilot 0W 26K dom 4.0 | angler 1W 44K dom 30.5
2026-06-11T04:48:59.075Z [league] pilot vs disciple · seed 50707 · arena #53 · pilot 1W 39K dom 36.5 | disciple 0W 4K dom -15.5
2026-06-11T04:49:26.111Z [league] reaper vs matador · seed 50708 · arena #67 · reaper 0W 32K dom 6.5 | matador 1W 50K dom 34.0
2026-06-11T04:49:56.159Z [league] reaper vs kestrel · seed 50709 · arena #88 · reaper 0W 33K dom 15.0 | kestrel 1W 36K dom 19.5
2026-06-11T04:50:25.881Z [league] reaper vs wolf · seed 50710 · arena #0 · reaper 0W 17K dom -3.5 | wolf 1W 41K dom 32.0
2026-06-11T04:50:55.975Z [league] reaper vs plover · seed 50711 · arena #5 · reaper 0W 25K dom 9.5 | plover 1W 31K dom 18.5
2026-06-11T04:51:26.035Z [league] reaper vs hydra · seed 50712 · arena #11 · reaper 0W 29K dom 10.0 | hydra 1W 38K dom 23.5
2026-06-11T04:51:56.790Z [league] reaper vs shrike · seed 50713 · arena #19 · reaper 0W 31K dom 11.0 | shrike 1W 39K dom 23.0
2026-06-11T04:52:26.393Z [league] reaper vs cuadrilla · seed 50714 · arena #23 · reaper 0W 17K dom 4.0 | cuadrilla 1W 25K dom 16.0
2026-06-11T04:52:56.108Z [league] reaper vs orca · seed 50715 · arena #31 · reaper 0W 18K dom -2.5 | orca 1W 40K dom 31.0
2026-06-11T04:53:26.275Z [league] reaper vs neural · seed 50716 · arena #41 · reaper 1W 35K dom 31.0 | neural 0W 7K dom -11.0
2026-06-11T04:53:56.085Z [league] reaper vs angler · seed 50717 · arena #53 · reaper 0W 22K dom -0.5 | angler 1W 45K dom 34.0
2026-06-11T04:54:26.895Z [league] reaper vs disciple · seed 50718 · arena #67 · reaper 1W 38K dom 34.0 | disciple 0W 7K dom -12.0
2026-06-11T04:54:56.311Z [league] matador vs kestrel · seed 50719 · arena #88 · matador 1W 33K dom 17.5 | kestrel 0W 31K dom 14.5
2026-06-11T04:55:25.788Z [league] matador vs wolf · seed 50720 · arena #0 · matador 0W 42K dom 17.0 | wolf 1W 50K dom 29.0
2026-06-11T04:55:55.907Z [league] matador vs plover · seed 50721 · arena #5 · matador 1W 34K dom 20.0 | plover 0W 28K dom 11.0
2026-06-11T04:56:26.038Z [league] matador vs hydra · seed 50722 · arena #11 · matador 0W 32K dom 14.5 | hydra 1W 35K dom 19.0
2026-06-11T04:56:56.237Z [league] matador vs shrike · seed 50723 · arena #19 · matador 1W 40K dom 20.0 | shrike 0W 39K dom 18.5
2026-06-11T04:57:26.255Z [league] matador vs cuadrilla · seed 50724 · arena #23 · matador 1W 25K dom 15.0 | cuadrilla 0W 20K dom 7.5
2026-06-11T04:57:56.079Z [league] matador vs orca · seed 50725 · arena #31 · matador 1W 39K dom 21.5 | orca 0W 34K dom 14.5
2026-06-11T04:58:25.916Z [league] matador vs neural · seed 50726 · arena #41 · matador 1W 50K dom 47.5 | neural 0W 5K dom -20.0
2026-06-11T04:58:55.925Z [league] matador vs angler · seed 50727 · arena #53 · matador 0W 40K dom 15.5 | angler 1W 48K dom 28.0
2026-06-11T04:59:26.222Z [league] matador vs disciple · seed 50728 · arena #67 · matador 1W 56K dom 54.0 | disciple 0W 4K dom -24.0
2026-06-11T04:59:55.959Z [league] kestrel vs wolf · seed 50729 · arena #88 · kestrel 0W 25K dom 8.5 | wolf 1W 33K dom 20.5
2026-06-11T05:00:25.908Z [league] kestrel vs plover · seed 50730 · arena #0 · kestrel 1W 38K dom 19.5 | plover 0W 36K dom 17.0
2026-06-11T05:00:55.933Z [league] kestrel vs hydra · seed 50731 · arena #5 · kestrel 1W 36K dom 18.0 | hydra 0W 36K dom 17.5
2026-06-11T05:01:25.978Z [league] kestrel vs shrike · seed 50732 · arena #11 · kestrel 0W 29K dom 14.0 | shrike 1W 30K dom 15.5
2026-06-11T05:01:56.509Z [league] kestrel vs cuadrilla · seed 50733 · arena #19 · kestrel 0W 21K dom 3.5 | cuadrilla 1W 34K dom 23.5
2026-06-11T05:02:26.494Z [league] kestrel vs orca · seed 50734 · arena #23 · kestrel 0W 34K dom 14.5 | orca 1W 38K dom 21.0
2026-06-11T05:02:55.875Z [league] kestrel vs neural · seed 50735 · arena #31 · kestrel 1W 50K dom 45.0 | neural 0W 10K dom -16.0
2026-06-11T05:03:25.911Z [league] kestrel vs angler · seed 50736 · arena #41 · kestrel 0W 32K dom 7.5 | angler 1W 49K dom 32.5
2026-06-11T05:03:56.049Z [league] kestrel vs disciple · seed 50737 · arena #53 · kestrel 1W 37K dom 34.5 | disciple 0W 5K dom -13.5
2026-06-11T05:04:26.349Z [league] wolf vs plover · seed 50738 · arena #67 · wolf 1W 39K dom 21.0 | plover 0W 36K dom 16.5
2026-06-11T05:04:56.394Z [league] wolf vs hydra · seed 50739 · arena #88 · wolf 1W 36K dom 22.0 | hydra 0W 28K dom 10.0
2026-06-11T05:05:25.873Z [league] wolf vs shrike · seed 50740 · arena #0 · wolf 1W 35K dom 18.5 | shrike 0W 33K dom 15.5
2026-06-11T05:05:55.841Z [league] wolf vs cuadrilla · seed 50741 · arena #5 · wolf 0W 36K dom 17.0 | cuadrilla 1W 38K dom 20.0
2026-06-11T05:06:26.019Z [league] wolf vs orca · seed 50742 · arena #11 · wolf 0W 35K dom 16.0 | orca 1W 38K dom 20.5
2026-06-11T05:06:55.996Z [league] wolf vs neural · seed 50743 · arena #19 · wolf 1W 53K dom 49.5 | neural 0W 7K dom -20.0
2026-06-11T05:07:26.203Z [league] wolf vs angler · seed 50744 · arena #23 · wolf 0W 40K dom 17.0 | angler 1W 46K dom 26.0
2026-06-11T05:07:56.128Z [league] wolf vs disciple · seed 50745 · arena #31 · wolf 1W 54K dom 51.5 | disciple 0W 5K dom -22.5
2026-06-11T05:08:26.001Z [league] plover vs hydra · seed 50746 · arena #41 · plover 0W 30K dom 10.5 | hydra 1W 39K dom 24.0
2026-06-11T05:08:56.021Z [league] plover vs shrike · seed 50747 · arena #53 · plover 0W 28K dom 11.0 | shrike 1W 34K dom 20.0
2026-06-11T05:09:26.312Z [league] plover vs cuadrilla · seed 50748 · arena #67 · plover 0W 15K dom 1.0 | cuadrilla 1W 28K dom 20.5
2026-06-11T05:09:56.697Z [league] plover vs orca · seed 50749 · arena #88 · plover 0W 30K dom 14.0 | orca 1W 32K dom 17.0
2026-06-11T05:10:25.936Z [league] plover vs neural · seed 50750 · arena #0 · plover 1W 54K dom 49.0 | neural 0W 10K dom -18.0
2026-06-11T05:10:55.992Z [league] plover vs angler · seed 50751 · arena #5 · plover 0W 31K dom 9.0 | angler 1W 44K dom 28.5
2026-06-11T05:11:26.071Z [league] plover vs disciple · seed 50752 · arena #11 · plover 1W 44K dom 43.0 | disciple 0W 2K dom -20.5
2026-06-11T05:11:56.485Z [league] hydra vs shrike · seed 50753 · arena #19 · hydra 0W 27K dom 11.0 | shrike 1W 32K dom 18.5
2026-06-11T05:12:26.320Z [league] hydra vs cuadrilla · seed 50754 · arena #23 · hydra 0W 34K dom 16.0 | cuadrilla 1W 36K dom 19.0
2026-06-11T05:12:56.213Z [league] hydra vs orca · seed 50755 · arena #31 · hydra 1W 34K dom 19.0 | orca 0W 29K dom 12.0
2026-06-11T05:13:26.012Z [league] hydra vs neural · seed 50756 · arena #41 · hydra 1W 35K dom 33.0 | neural 0W 3K dom -15.0
2026-06-11T05:13:56.073Z [league] hydra vs angler · seed 50757 · arena #53 · hydra 0W 32K dom 12.0 | angler 1W 40K dom 23.5
2026-06-11T05:14:26.850Z [league] hydra vs disciple · seed 50758 · arena #67 · hydra 1W 50K dom 47.5 | disciple 0W 5K dom -20.0
2026-06-11T05:14:56.587Z [league] shrike vs cuadrilla · seed 50759 · arena #88 · shrike 0W 34K dom 14.5 | cuadrilla 1W 39K dom 22.0
2026-06-11T05:15:26.576Z [league] shrike vs orca · seed 50760 · arena #0 · shrike 1W 35K dom 19.0 | orca 0W 32K dom 14.5
2026-06-11T05:15:56.013Z [league] shrike vs neural · seed 50761 · arena #5 · shrike 1W 32K dom 28.5 | neural 0W 5K dom -11.0
2026-06-11T05:16:26.076Z [league] shrike vs angler · seed 50762 · arena #11 · shrike 0W 32K dom 11.5 | angler 1W 41K dom 25.0
2026-06-11T05:16:56.455Z [league] shrike vs disciple · seed 50763 · arena #19 · shrike 1W 41K dom 39.5 | disciple 0W 2K dom -19.0
2026-06-11T05:17:26.674Z [league] cuadrilla vs orca · seed 50764 · arena #23 · cuadrilla 0W 14K dom 5.0 | orca 1W 18K dom 11.0
2026-06-11T05:17:56.059Z [league] cuadrilla vs neural · seed 50765 · arena #31 · cuadrilla 1W 44K dom 39.5 | neural 0W 8K dom -14.5
2026-06-11T05:18:25.984Z [league] cuadrilla vs angler · seed 50766 · arena #41 · cuadrilla 0W 39K dom 17.0 | angler 1W 44K dom 24.5
2026-06-11T05:18:56.101Z [league] cuadrilla vs disciple · seed 50767 · arena #53 · cuadrilla 1W 41K dom 38.5 | disciple 0W 5K dom -15.5
2026-06-11T05:19:26.509Z [league] orca vs neural · seed 50768 · arena #67 · orca 1W 49K dom 44.0 | neural 0W 10K dom -14.5
2026-06-11T05:19:56.459Z [league] orca vs angler · seed 50769 · arena #88 · orca 0W 40K dom 17.5 | angler 1W 45K dom 25.0
2026-06-11T05:20:26.391Z [league] orca vs disciple · seed 50770 · arena #0 · orca 1W 46K dom 45.0 | disciple 0W 2K dom -21.5
2026-06-11T05:20:56.096Z [league] neural vs angler · seed 50771 · arena #5 · neural 0W 9K dom -10.0 | angler 1W 38K dom 33.5
2026-06-11T05:21:26.173Z [league] neural vs disciple · seed 50772 · arena #11 · neural 1W 8K dom 4.5 | disciple 0W 6K dom 2.0
2026-06-11T05:21:56.881Z [league] angler vs disciple · seed 50773 · arena #19 · angler 1W 53K dom 51.0 | disciple 0W 4K dom -22.5
2026-06-11T05:22:25.792Z [league] new round-robin pass: 14 engines, 91 pairings
2026-06-11T05:22:26.443Z [league] datasets/ at 33.13 GB — OVER WARN THRESHOLD, consider archiving
2026-06-11T05:22:27.891Z [league] classic vs pilot · seed 50774 · arena #23 · classic 0W 22K dom -0.5 | pilot 1W 45K dom 33.5
2026-06-11T05:22:56.022Z [league] classic vs reaper · seed 50775 · arena #31 · classic 0W 24K dom 4.0 | reaper 1W 40K dom 27.5
2026-06-11T05:23:25.960Z [league] classic vs matador · seed 50776 · arena #41 · classic 0W 21K dom -4.5 | matador 1W 51K dom 40.0
2026-06-11T05:23:56.015Z [league] classic vs kestrel · seed 50777 · arena #53 · classic 0W 18K dom -5.0 | kestrel 1W 45K dom 35.5
2026-06-11T05:24:26.090Z [league] classic vs wolf · seed 50778 · arena #67 · classic 0W 19K dom -6.0 | wolf 1W 50K dom 40.5
2026-06-11T05:24:56.052Z [league] classic vs plover · seed 50779 · arena #88 · classic 0W 12K dom -9.0 | plover 1W 41K dom 35.0
2026-06-11T05:25:26.064Z [league] classic vs hydra · seed 50780 · arena #0 · classic 0W 16K dom -2.0 | hydra 1W 36K dom 27.5
2026-06-11T05:25:56.116Z [league] classic vs shrike · seed 50781 · arena #5 · classic 0W 20K dom -2.5 | shrike 1W 45K dom 35.0
2026-06-11T05:26:26.088Z [league] classic vs cuadrilla · seed 50782 · arena #11 · classic 0W 17K dom 2.5 | cuadrilla 1W 29K dom 20.5
2026-06-11T05:26:56.600Z [league] classic vs orca · seed 50783 · arena #19 · classic 0W 17K dom -6.5 | orca 1W 47K dom 37.5
2026-06-11T05:27:26.166Z [league] classic vs neural · seed 50784 · arena #23 · classic 1W 30K dom 24.0 | neural 0W 11K dom -5.0
2026-06-11T05:27:56.064Z [league] classic vs angler · seed 50785 · arena #31 · classic 0W 17K dom -8.5 | angler 1W 51K dom 42.0
2026-06-11T05:28:26.203Z [league] classic vs disciple · seed 50786 · arena #41 · classic 1W 26K dom 23.0 | disciple 0W 6K dom -7.5
2026-06-11T05:28:56.033Z [league] pilot vs reaper · seed 50787 · arena #53 · pilot 0W 29K dom 14.0 | reaper 0W 29K dom 14.0
2026-06-11T05:29:26.372Z [league] pilot vs matador · seed 50788 · arena #67 · pilot 0W 38K dom 13.0 | matador 1W 50K dom 30.5
2026-06-11T05:29:56.262Z [league] pilot vs kestrel · seed 50789 · arena #88 · pilot 0W 28K dom 13.5 | kestrel 1W 28K dom 14.0
2026-06-11T05:30:25.900Z [league] pilot vs wolf · seed 50790 · arena #0 · pilot 0W 34K dom 15.5 | wolf 1W 37K dom 20.0
2026-06-11T05:30:56.008Z [league] pilot vs plover · seed 50791 · arena #5 · pilot 0W 31K dom 13.5 | plover 1W 35K dom 19.5
2026-06-11T05:31:26.055Z [league] pilot vs hydra · seed 50792 · arena #11 · pilot 0W 32K dom 16.0 | hydra 0W 32K dom 16.0
2026-06-11T05:31:56.382Z [league] pilot vs shrike · seed 50793 · arena #19 · pilot 0W 33K dom 12.5 | shrike 1W 41K dom 24.5
2026-06-11T05:32:26.265Z [league] pilot vs cuadrilla · seed 50794 · arena #23 · pilot 0W 28K dom 5.5 | cuadrilla 1W 43K dom 28.5
2026-06-11T05:32:56.147Z [league] pilot vs orca · seed 50795 · arena #31 · pilot 0W 30K dom 8.5 | orca 1W 43K dom 28.0
2026-06-11T05:33:26.036Z [league] pilot vs neural · seed 50796 · arena #41 · pilot 1W 43K dom 38.5 | neural 0W 9K dom -12.5
2026-06-11T05:33:56.060Z [league] pilot vs angler · seed 50797 · arena #53 · pilot 0W 28K dom 6.5 | angler 1W 43K dom 29.0
2026-06-11T05:34:26.451Z [league] pilot vs disciple · seed 50798 · arena #67 · pilot 1W 37K dom 34.0 | disciple 0W 5K dom -13.5
2026-06-11T05:34:56.364Z [league] reaper vs matador · seed 50799 · arena #88 · reaper 0W 32K dom 4.5 | matador 1W 55K dom 39.0
2026-06-11T05:35:26.015Z [league] reaper vs kestrel · seed 50800 · arena #0 · reaper 0W 28K dom 13.0 | kestrel 1W 28K dom 14.0
2026-06-11T05:35:56.104Z [league] reaper vs wolf · seed 50801 · arena #5 · reaper 0W 28K dom 7.5 | wolf 1W 41K dom 27.0
2026-06-11T05:36:26.051Z [league] reaper vs plover · seed 50802 · arena #11 · reaper 0W 27K dom 9.0 | plover 1W 35K dom 21.5
2026-06-11T05:36:56.301Z [league] reaper vs hydra · seed 50803 · arena #19 · reaper 0W 27K dom 6.0 | hydra 1W 42K dom 28.5
2026-06-11T05:37:26.505Z [league] reaper vs shrike · seed 50804 · arena #23 · reaper 0W 24K dom 3.5 | shrike 1W 40K dom 28.0
2026-06-11T05:37:56.058Z [league] reaper vs cuadrilla · seed 50805 · arena #31 · reaper 0W 16K dom 3.5 | cuadrilla 1W 25K dom 17.0
2026-06-11T05:38:26.229Z [league] reaper vs orca · seed 50806 · arena #41 · reaper 0W 27K dom 11.5 | orca 1W 31K dom 17.5
2026-06-11T05:38:56.067Z [league] reaper vs neural · seed 50807 · arena #53 · reaper 1W 33K dom 28.0 | neural 0W 9K dom -7.5
2026-06-11T05:39:26.468Z [league] reaper vs angler · seed 50808 · arena #67 · reaper 0W 26K dom 7.5 | angler 1W 37K dom 24.0
2026-06-11T05:39:56.519Z [league] reaper vs disciple · seed 50809 · arena #88 · reaper 1W 41K dom 38.5 | disciple 0W 3K dom -17.5
2026-06-11T05:40:25.985Z [league] matador vs kestrel · seed 50810 · arena #0 · matador 1W 40K dom 24.5 | kestrel 0W 31K dom 11.0
2026-06-11T05:40:55.872Z [league] matador vs wolf · seed 50811 · arena #5 · matador 0W 46K dom 21.0 | wolf 1W 50K dom 27.0
2026-06-11T05:41:26.083Z [league] matador vs plover · seed 50812 · arena #11 · matador 1W 43K dom 26.0 | plover 0W 33K dom 11.5
2026-06-11T05:41:56.339Z [league] matador vs hydra · seed 50813 · arena #19 · matador 1W 31K dom 17.0 | hydra 0W 27K dom 11.5
2026-06-11T05:42:26.204Z [league] matador vs shrike · seed 50814 · arena #23 · matador 1W 44K dom 23.0 | shrike 0W 41K dom 19.0
2026-06-11T05:42:56.041Z [league] matador vs cuadrilla · seed 50815 · arena #31 · matador 0W 36K dom 16.0 | cuadrilla 1W 40K dom 22.0
2026-06-11T05:43:26.186Z [league] matador vs orca · seed 50816 · arena #41 · matador 1W 40K dom 21.0 | orca 0W 37K dom 16.5
2026-06-11T05:43:56.015Z [league] matador vs neural · seed 50817 · arena #53 · matador 1W 38K dom 33.5 | neural 0W 7K dom -12.5
2026-06-11T05:44:26.491Z [league] matador vs angler · seed 50818 · arena #67 · matador 0W 33K dom 12.5 | angler 1W 41K dom 24.5
2026-06-11T05:44:56.302Z [league] matador vs disciple · seed 50819 · arena #88 · matador 1W 51K dom 49.0 | disciple 0W 3K dom -22.5
2026-06-11T05:45:25.934Z [league] kestrel vs wolf · seed 50820 · arena #0 · kestrel 0W 33K dom 11.5 | wolf 1W 43K dom 26.5
2026-06-11T05:45:56.009Z [league] kestrel vs plover · seed 50821 · arena #5 · kestrel 0W 35K dom 17.0 | plover 1W 36K dom 18.0
2026-06-11T05:46:26.145Z [league] kestrel vs hydra · seed 50822 · arena #11 · kestrel 0W 33K dom 13.0 | hydra 1W 40K dom 23.5
2026-06-11T05:46:56.226Z [league] kestrel vs shrike · seed 50823 · arena #19 · kestrel 0W 33K dom 15.0 | shrike 1W 35K dom 18.5
2026-06-11T05:47:26.453Z [league] kestrel vs cuadrilla · seed 50824 · arena #23 · kestrel 0W 28K dom 7.5 | cuadrilla 1W 41K dom 27.0
2026-06-11T05:47:56.316Z [league] kestrel vs orca · seed 50825 · arena #31 · kestrel 0W 31K dom 14.5 | orca 1W 33K dom 17.5
2026-06-11T05:48:26.142Z [league] kestrel vs neural · seed 50826 · arena #41 · kestrel 1W 51K dom 46.5 | neural 0W 9K dom -16.5
2026-06-11T05:48:56.654Z [league] kestrel vs angler · seed 50827 · arena #53 · kestrel 0W 33K dom 9.5 | angler 1W 47K dom 30.5
2026-06-11T05:49:27.084Z [league] kestrel vs disciple · seed 50828 · arena #67 · kestrel 1W 26K dom 25.0 | disciple 0W 2K dom -11.0
2026-06-11T05:49:56.331Z [league] wolf vs plover · seed 50829 · arena #88 · wolf 1W 46K dom 28.5 | plover 0W 35K dom 12.0
2026-06-11T05:50:26.084Z [league] wolf vs hydra · seed 50830 · arena #0 · wolf 1W 40K dom 21.5 | hydra 0W 36K dom 16.0
2026-06-11T05:50:56.110Z [league] wolf vs shrike · seed 50831 · arena #5 · wolf 0W 37K dom 17.5 | shrike 1W 39K dom 20.5
2026-06-11T05:51:26.099Z [league] wolf vs cuadrilla · seed 50832 · arena #11 · wolf 0W 39K dom 19.0 | cuadrilla 1W 40K dom 20.5
2026-06-11T05:51:56.322Z [league] wolf vs orca · seed 50833 · arena #19 · wolf 1W 38K dom 24.5 | orca 0W 27K dom 8.0
2026-06-11T05:52:26.380Z [league] wolf vs neural · seed 50834 · arena #23 · wolf 1W 51K dom 47.5 | neural 0W 7K dom -19.5
2026-06-11T05:52:56.092Z [league] wolf vs angler · seed 50835 · arena #31 · wolf 0W 34K dom 16.5 | angler 1W 35K dom 18.0
2026-06-11T05:53:26.192Z [league] wolf vs disciple · seed 50836 · arena #41 · wolf 1W 40K dom 38.0 | disciple 0W 4K dom -16.0
2026-06-11T05:53:58.185Z [league] plover vs hydra · seed 50837 · arena #53 · plover 0W 36K dom 17.0 | hydra 1W 38K dom 20.0
2026-06-11T05:54:26.673Z [league] plover vs shrike · seed 50838 · arena #67 · plover 0W 36K dom 17.0 | shrike 1W 38K dom 20.0
2026-06-11T05:54:56.437Z [league] plover vs cuadrilla · seed 50839 · arena #88 · plover 0W 29K dom 11.0 | cuadrilla 1W 35K dom 20.0
2026-06-11T05:55:26.324Z [league] plover vs orca · seed 50840 · arena #0 · plover 0W 34K dom 12.5 | orca 1W 42K dom 24.5
2026-06-11T05:55:56.122Z [league] plover vs neural · seed 50841 · arena #5 · plover 1W 50K dom 43.5 | neural 0W 13K dom -12.0
2026-06-11T05:56:26.213Z [league] plover vs angler · seed 50842 · arena #11 · plover 0W 27K dom 3.5 | angler 1W 47K dom 33.5
2026-06-11T05:56:56.504Z [league] plover vs disciple · seed 50843 · arena #19 · plover 1W 35K dom 33.0 | disciple 0W 4K dom -14.0
2026-06-11T05:57:26.485Z [league] hydra vs shrike · seed 50844 · arena #23 · hydra 0W 27K dom 12.0 | shrike 1W 30K dom 16.0
2026-06-11T05:57:56.225Z [league] hydra vs cuadrilla · seed 50845 · arena #31 · hydra 0W 30K dom 10.0 | cuadrilla 1W 40K dom 25.0
2026-06-11T05:58:26.355Z [league] hydra vs orca · seed 50846 · arena #41 · hydra 0W 35K dom 14.5 | orca 1W 40K dom 22.5
2026-06-11T05:58:57.367Z [league] hydra vs neural · seed 50847 · arena #53 · hydra 1W 47K dom 43.5 | neural 0W 7K dom -16.5
2026-06-11T05:59:26.506Z [league] hydra vs angler · seed 50848 · arena #67 · hydra 0W 36K dom 10.5 | angler 1W 51K dom 33.0
2026-06-11T05:59:56.550Z [league] hydra vs disciple · seed 50849 · arena #88 · hydra 1W 51K dom 49.5 | disciple 0W 3K dom -22.5
2026-06-11T06:00:26.221Z [league] shrike vs cuadrilla · seed 50850 · arena #0 · shrike 0W 32K dom 14.5 | cuadrilla 1W 35K dom 19.0
2026-06-11T06:00:56.494Z [league] shrike vs orca · seed 50851 · arena #5 · shrike 1W 30K dom 17.0 | orca 0W 26K dom 11.0
2026-06-11T06:01:28.382Z [league] shrike vs neural · seed 50852 · arena #11 · shrike 1W 33K dom 31.0 | neural 0W 4K dom -12.5
2026-06-11T06:01:56.649Z [league] shrike vs angler · seed 50853 · arena #19 · shrike 0W 37K dom 15.0 | angler 1W 44K dom 25.5
2026-06-11T06:02:26.538Z [league] shrike vs disciple · seed 50854 · arena #23 · shrike 1W 54K dom 52.5 | disciple 0W 3K dom -24.0
2026-06-11T06:02:56.422Z [league] cuadrilla vs orca · seed 50855 · arena #31 · cuadrilla 1W 39K dom 22.5 | orca 0W 32K dom 12.5
2026-06-11T06:03:26.225Z [league] cuadrilla vs neural · seed 50856 · arena #41 · cuadrilla 1W 54K dom 50.5 | neural 0W 7K dom -20.5
2026-06-11T06:03:58.297Z [league] cuadrilla vs angler · seed 50857 · arena #53 · cuadrilla 0W 38K dom 18.0 | angler 1W 40K dom 21.0
2026-06-11T06:04:26.769Z [league] cuadrilla vs disciple · seed 50858 · arena #67 · cuadrilla 1W 42K dom 39.0 | disciple 0W 6K dom -15.0
2026-06-11T06:04:56.688Z [league] orca vs neural · seed 50859 · arena #88 · orca 1W 42K dom 40.0 | neural 0W 4K dom -17.0
2026-06-11T06:05:26.346Z [league] orca vs angler · seed 50860 · arena #0 · orca 0W 38K dom 18.5 | angler 0W 38K dom 18.5
2026-06-11T06:05:56.454Z [league] orca vs disciple · seed 50861 · arena #5 · orca 1W 52K dom 49.5 | disciple 0W 5K dom -21.0
2026-06-11T06:06:26.403Z [league] neural vs angler · seed 50862 · arena #11 · neural 0W 5K dom -15.0 | angler 1W 40K dom 37.5
2026-06-11T06:06:56.509Z [league] neural vs disciple · seed 50863 · arena #19 · neural 1W 6K dom 5.0 | disciple 0W 2K dom -1.5
2026-06-11T06:07:26.473Z [league] angler vs disciple · seed 50864 · arena #23 · angler 1W 52K dom 50.5 | disciple 0W 3K dom -23.0
2026-06-11T06:07:55.598Z [league] new round-robin pass: 14 engines, 91 pairings
2026-06-11T06:07:56.327Z [league] datasets/ at 33.21 GB — OVER WARN THRESHOLD, consider archiving
2026-06-11T06:07:57.698Z [league] classic vs pilot · seed 50865 · arena #31 · classic 0W 27K dom 6.5 | pilot 1W 41K dom 27.5
2026-06-11T06:08:26.187Z [league] classic vs reaper · seed 50866 · arena #41 · classic 0W 25K dom 5.5 | reaper 1W 39K dom 25.5
2026-06-11T06:08:56.267Z [league] classic vs matador · seed 50867 · arena #53 · classic 0W 19K dom -6.5 | matador 1W 49K dom 39.5
2026-06-11T06:09:26.392Z [league] classic vs kestrel · seed 50868 · arena #67 · classic 0W 24K dom -4.0 | kestrel 1W 56K dom 43.5
2026-06-11T06:09:56.445Z [league] classic vs wolf · seed 50869 · arena #88 · classic 0W 14K dom -8.0 | wolf 1W 43K dom 36.0
2026-06-11T06:10:26.397Z [league] classic vs plover · seed 50870 · arena #0 · classic 0W 18K dom -0.5 | plover 1W 37K dom 28.0
2026-06-11T06:10:56.337Z [league] classic vs hydra · seed 50871 · arena #5 · classic 0W 18K dom -6.5 | hydra 1W 49K dom 40.0
2026-06-11T06:11:26.326Z [league] classic vs shrike · seed 50872 · arena #11 · classic 0W 14K dom -6.0 | shrike 1W 39K dom 31.0
2026-06-11T06:11:56.706Z [league] classic vs cuadrilla · seed 50873 · arena #19 · classic 0W 18K dom -7.5 | cuadrilla 1W 51K dom 42.0
2026-06-11T06:12:26.646Z [league] classic vs orca · seed 50874 · arena #23 · classic 0W 19K dom -5.0 | orca 1W 47K dom 37.5
2026-06-11T06:12:56.380Z [league] classic vs neural · seed 50875 · arena #31 · classic 1W 35K dom 28.0 | neural 0W 14K dom -5.5
2026-06-11T06:13:26.459Z [league] classic vs angler · seed 50876 · arena #41 · classic 0W 17K dom -9.0 | angler 1W 52K dom 43.5
2026-06-11T06:13:56.547Z [league] classic vs disciple · seed 50877 · arena #53 · classic 1W 20K dom 16.0 | disciple 0W 7K dom -3.5
2026-06-11T06:14:26.880Z [league] pilot vs reaper · seed 50878 · arena #67 · pilot 1W 31K dom 19.0 | reaper 0W 23K dom 7.5
2026-06-11T06:14:56.447Z [league] pilot vs matador · seed 50879 · arena #88 · pilot 0W 39K dom 14.0 | matador 1W 50K dom 30.5
2026-06-11T06:15:26.238Z [league] pilot vs kestrel · seed 50880 · arena #0 · pilot 0W 31K dom 13.5 | kestrel 1W 35K dom 19.5
2026-06-11T06:15:56.205Z [league] pilot vs wolf · seed 50881 · arena #5 · pilot 0W 33K dom 6.5 | wolf 1W 53K dom 36.0
2026-06-11T06:16:26.709Z [league] pilot vs plover · seed 50882 · arena #11 · pilot 0W 28K dom 12.5 | plover 1W 31K dom 17.0
2026-06-11T06:16:56.723Z [league] pilot vs hydra · seed 50883 · arena #19 · pilot 0W 24K dom 5.0 | hydra 1W 37K dom 24.5
2026-06-11T06:17:26.733Z [league] pilot vs shrike · seed 50884 · arena #23 · pilot 0W 27K dom 13.0 | shrike 1W 27K dom 13.5
2026-06-11T06:17:56.276Z [league] pilot vs cuadrilla · seed 50885 · arena #31 · pilot 0W 28K dom 5.5 | cuadrilla 1W 45K dom 30.5
2026-06-11T06:18:26.496Z [league] pilot vs orca · seed 50886 · arena #41 · pilot 0W 24K dom 7.5 | orca 1W 33K dom 21.0
2026-06-11T06:18:56.399Z [league] pilot vs neural · seed 50887 · arena #53 · pilot 1W 47K dom 43.0 | neural 0W 7K dom -17.5
2026-06-11T06:19:26.784Z [league] pilot vs angler · seed 50888 · arena #67 · pilot 0W 33K dom 9.0 | angler 1W 48K dom 31.5
2026-06-11T06:19:56.626Z [league] pilot vs disciple · seed 50889 · arena #88 · pilot 1W 41K dom 38.0 | disciple 0W 5K dom -15.5
2026-06-11T06:20:26.292Z [league] reaper vs matador · seed 50890 · arena #0 · reaper 0W 26K dom 3.5 | matador 1W 45K dom 32.0
2026-06-11T06:20:56.314Z [league] reaper vs kestrel · seed 50891 · arena #5 · reaper 0W 25K dom 9.0 | kestrel 1W 31K dom 18.5
2026-06-11T06:21:26.745Z [league] reaper vs wolf · seed 50892 · arena #11 · reaper 0W 22K dom 0.0 | wolf 1W 44K dom 32.5
2026-06-11T06:21:56.865Z [league] reaper vs plover · seed 50893 · arena #19 · reaper 1W 26K dom 13.0 | plover 0W 25K dom 12.0
2026-06-11T06:22:26.599Z [league] reaper vs hydra · seed 50894 · arena #23 · reaper 0W 26K dom 11.0 | hydra 1W 30K dom 17.0
2026-06-11T06:22:56.357Z [league] reaper vs shrike · seed 50895 · arena #31 · reaper 0W 28K dom 6.0 | shrike 1W 44K dom 30.0
2026-06-11T06:23:26.376Z [league] reaper vs cuadrilla · seed 50896 · arena #41 · reaper 0W 17K dom 3.5 | cuadrilla 1W 27K dom 18.5
2026-06-11T06:23:57.127Z [league] reaper vs orca · seed 50897 · arena #53 · reaper 0W 22K dom 1.0 | orca 1W 41K dom 30.0
2026-06-11T06:24:26.840Z [league] reaper vs neural · seed 50898 · arena #67 · reaper 1W 40K dom 34.5 | neural 0W 11K dom -9.0
2026-06-11T06:24:56.651Z [league] reaper vs angler · seed 50899 · arena #88 · reaper 0W 21K dom -0.5 | angler 1W 43K dom 32.5
2026-06-11T06:25:26.407Z [league] reaper vs disciple · seed 50900 · arena #0 · reaper 1W 39K dom 36.0 | disciple 0W 6K dom -13.5
2026-06-11T06:25:56.235Z [league] matador vs kestrel · seed 50901 · arena #5 · matador 1W 37K dom 24.5 | kestrel 0W 25K dom 6.0
2026-06-11T06:26:26.142Z [league] matador vs wolf · seed 50902 · arena #11 · matador 0W 27K dom 5.0 | wolf 1W 43K dom 29.5
2026-06-11T06:26:57.457Z [league] matador vs plover · seed 50903 · arena #19 · matador 1W 43K dom 24.5 | plover 0W 37K dom 15.5
2026-06-11T06:27:26.879Z [league] matador vs hydra · seed 50904 · arena #23 · matador 1W 34K dom 20.5 | hydra 0W 26K dom 9.0
2026-06-11T06:27:56.368Z [league] matador vs shrike · seed 50905 · arena #31 · matador 0W 37K dom 15.0 | shrike 1W 44K dom 25.5
2026-06-11T06:28:26.352Z [league] matador vs cuadrilla · seed 50906 · arena #41 · matador 0W 36K dom 16.5 | cuadrilla 1W 39K dom 21.0
2026-06-11T06:28:56.548Z [league] matador vs orca · seed 50907 · arena #53 · matador 1W 34K dom 18.0 | orca 0W 32K dom 15.0
2026-06-11T06:29:26.690Z [league] matador vs neural · seed 50908 · arena #67 · matador 1W 57K dom 53.0 | neural 0W 8K dom -21.0
2026-06-11T06:29:58.342Z [league] matador vs angler · seed 50909 · arena #88 · matador 0W 35K dom 16.0 | angler 1W 37K dom 19.5
2026-06-11T06:30:26.382Z [league] matador vs disciple · seed 50910 · arena #0 · matador 1W 44K dom 43.0 | disciple 0W 2K dom -20.0
2026-06-11T06:30:56.221Z [league] kestrel vs wolf · seed 50911 · arena #5 · kestrel 0W 35K dom 11.0 | wolf 1W 48K dom 30.5
2026-06-11T06:31:26.305Z [league] kestrel vs plover · seed 50912 · arena #11 · kestrel 0W 26K dom 9.5 | plover 1W 33K dom 20.0
2026-06-11T06:31:56.422Z [league] kestrel vs hydra · seed 50913 · arena #19 · kestrel 1W 37K dom 20.0 | hydra 0W 34K dom 15.5
2026-06-11T06:32:26.957Z [league] kestrel vs shrike · seed 50914 · arena #23 · kestrel 0W 28K dom 11.0 | shrike 1W 33K dom 18.5
2026-06-11T06:32:56.311Z [league] kestrel vs cuadrilla · seed 50915 · arena #31 · kestrel 0W 36K dom 18.0 | cuadrilla 0W 36K dom 18.0
2026-06-11T06:33:29.500Z [league] kestrel vs orca · seed 50916 · arena #41 · kestrel 0W 34K dom 14.0 | orca 1W 40K dom 23.0
2026-06-11T06:33:56.492Z [league] kestrel vs neural · seed 50917 · arena #53 · kestrel 1W 34K dom 30.5 | neural 0W 7K dom -10.0
2026-06-11T06:34:26.585Z [league] kestrel vs angler · seed 50918 · arena #67 · kestrel 0W 28K dom 1.5 | angler 1W 52K dom 38.0
2026-06-11T06:34:56.892Z [league] kestrel vs disciple · seed 50919 · arena #88 · kestrel 1W 26K dom 24.0 | disciple 0W 3K dom -10.0
2026-06-11T06:35:26.278Z [league] wolf vs plover · seed 50920 · arena #0 · wolf 1W 37K dom 22.5 | plover 0W 29K dom 10.5
2026-06-11T06:35:56.480Z [league] wolf vs hydra · seed 50921 · arena #5 · wolf 1W 47K dom 26.0 | hydra 0W 41K dom 17.5
2026-06-11T06:36:26.970Z [league] wolf vs shrike · seed 50922 · arena #11 · wolf 1W 39K dom 20.5 | shrike 0W 37K dom 17.5
2026-06-11T06:36:56.822Z [league] wolf vs cuadrilla · seed 50923 · arena #19 · wolf 0W 31K dom 13.0 | cuadrilla 1W 36K dom 20.5
2026-06-11T06:37:27.107Z [league] wolf vs orca · seed 50924 · arena #23 · wolf 1W 39K dom 20.0 | orca 0W 38K dom 18.5
2026-06-11T06:37:56.494Z [league] wolf vs neural · seed 50925 · arena #31 · wolf 1W 45K dom 43.0 | neural 0W 4K dom -19.0
2026-06-11T06:38:26.351Z [league] wolf vs angler · seed 50926 · arena #41 · wolf 0W 36K dom 13.5 | angler 1W 45K dom 27.0
2026-06-11T06:38:56.469Z [league] wolf vs disciple · seed 50927 · arena #53 · wolf 1W 34K dom 32.5 | disciple 0W 3K dom -14.0
2026-06-11T06:39:27.057Z [league] plover vs hydra · seed 50928 · arena #67 · plover 0W 26K dom 11.5 | hydra 1W 29K dom 16.0
2026-06-11T06:39:57.042Z [league] plover vs shrike · seed 50929 · arena #88 · plover 0W 30K dom 11.5 | shrike 1W 37K dom 22.0
2026-06-11T06:40:26.457Z [league] plover vs cuadrilla · seed 50930 · arena #0 · plover 0W 28K dom 13.0 | cuadrilla 1W 30K dom 16.0
2026-06-11T06:40:56.598Z [league] plover vs orca · seed 50931 · arena #5 · plover 0W 27K dom 10.5 | orca 1W 33K dom 19.5
2026-06-11T06:41:26.392Z [league] plover vs neural · seed 50932 · arena #11 · plover 1W 47K dom 43.0 | neural 0W 8K dom -15.5
2026-06-11T06:41:57.238Z [league] plover vs angler · seed 50933 · arena #19 · plover 0W 27K dom 5.5 | angler 1W 43K dom 29.5
2026-06-11T06:42:26.908Z [league] plover vs disciple · seed 50934 · arena #23 · plover 1W 53K dom 51.5 | disciple 0W 3K dom -24.0
2026-06-11T06:42:56.592Z [league] hydra vs shrike · seed 50935 · arena #31 · hydra 0W 25K dom 9.5 | shrike 1W 31K dom 17.5
2026-06-11T06:43:26.482Z [league] hydra vs cuadrilla · seed 50936 · arena #41 · hydra 0W 40K dom 17.5 | cuadrilla 1W 45K dom 25.0
2026-06-11T06:43:57.326Z [league] hydra vs orca · seed 50937 · arena #53 · hydra 0W 23K dom 8.0 | orca 1W 30K dom 18.5
2026-06-11T06:44:26.786Z [league] hydra vs neural · seed 50938 · arena #67 · hydra 1W 47K dom 43.0 | neural 0W 7K dom -16.5
2026-06-11T06:44:57.005Z [league] hydra vs angler · seed 50939 · arena #88 · hydra 0W 30K dom 4.5 | angler 1W 51K dom 36.0
2026-06-11T06:45:26.533Z [league] hydra vs disciple · seed 50940 · arena #0 · hydra 1W 47K dom 45.0 | disciple 0W 4K dom -19.5
2026-06-11T06:45:56.541Z [league] shrike vs cuadrilla · seed 50941 · arena #5 · shrike 0W 33K dom 11.0 | cuadrilla 1W 43K dom 26.5
2026-06-11T06:46:26.559Z [league] shrike vs orca · seed 50942 · arena #11 · shrike 1W 41K dom 22.0 | orca 0W 38K dom 17.5
2026-06-11T06:46:56.906Z [league] shrike vs neural · seed 50943 · arena #19 · shrike 1W 46K dom 42.5 | neural 0W 7K dom -16.5
2026-06-11T06:47:26.738Z [league] shrike vs angler · seed 50944 · arena #23 · shrike 0W 34K dom 9.0 | angler 1W 50K dom 33.0
2026-06-11T06:47:56.692Z [league] shrike vs disciple · seed 50945 · arena #31 · shrike 1W 30K dom 29.0 | disciple 0W 2K dom -13.0
2026-06-11T06:48:26.613Z [league] cuadrilla vs orca · seed 50946 · arena #41 · cuadrilla 1W 36K dom 20.0 | orca 0W 32K dom 14.0
2026-06-11T06:48:56.606Z [league] cuadrilla vs neural · seed 50947 · arena #53 · cuadrilla 1W 34K dom 31.0 | neural 0W 6K dom -11.0
2026-06-11T06:49:26.917Z [league] cuadrilla vs angler · seed 50948 · arena #67 · cuadrilla 1W 32K dom 17.5 | angler 0W 29K dom 13.0
2026-06-11T06:49:56.922Z [league] cuadrilla vs disciple · seed 50949 · arena #88 · cuadrilla 1W 39K dom 37.0 | disciple 0W 3K dom -16.5
2026-06-11T06:50:26.636Z [league] orca vs neural · seed 50950 · arena #0 · orca 1W 50K dom 47.0 | neural 0W 6K dom -19.0
2026-06-11T06:50:56.665Z [league] orca vs angler · seed 50951 · arena #5 · orca 0W 35K dom 13.5 | angler 1W 43K dom 25.5
2026-06-11T06:51:26.694Z [league] orca vs disciple · seed 50952 · arena #11 · orca 1W 49K dom 47.0 | disciple 0W 4K dom -20.5
2026-06-11T06:51:56.905Z [league] neural vs angler · seed 50953 · arena #19 · neural 0W 9K dom -16.5 | angler 1W 51K dom 46.5
2026-06-11T06:52:27.170Z [league] neural vs disciple · seed 50954 · arena #23 · neural 1W 7K dom 4.0 | disciple 0W 6K dom 2.5
2026-06-11T06:52:56.632Z [league] angler vs disciple · seed 50955 · arena #31 · angler 1W 37K dom 36.0 | disciple 0W 2K dom -16.5
2026-06-11T06:53:25.746Z [league] new round-robin pass: 14 engines, 91 pairings
2026-06-11T06:53:26.507Z [league] datasets/ at 33.28 GB — OVER WARN THRESHOLD, consider archiving
2026-06-11T06:53:27.918Z [league] classic vs pilot · seed 50956 · arena #41 · classic 0W 17K dom 0.0 | pilot 1W 34K dom 25.0
2026-06-11T06:53:56.424Z [league] classic vs reaper · seed 50957 · arena #53 · classic 0W 20K dom -1.5 | reaper 1W 43K dom 33.0
2026-06-11T06:54:26.625Z [league] classic vs matador · seed 50958 · arena #67 · classic 0W 17K dom -9.0 | matador 1W 52K dom 42.5
2026-06-11T06:54:56.558Z [league] classic vs kestrel · seed 50959 · arena #88 · classic 0W 17K dom -7.5 | kestrel 1W 49K dom 40.5
2026-06-11T06:55:26.422Z [league] classic vs wolf · seed 50960 · arena #0 · classic 0W 19K dom -6.0 | wolf 1W 50K dom 40.5
2026-06-11T06:55:56.447Z [league] classic vs plover · seed 50961 · arena #5 · classic 0W 21K dom -5.0 | plover 1W 52K dom 41.0
2026-06-11T06:56:26.479Z [league] classic vs hydra · seed 50962 · arena #11 · classic 0W 17K dom -8.0 | hydra 1W 50K dom 41.5
2026-06-11T06:56:57.291Z [league] classic vs shrike · seed 50963 · arena #19 · classic 0W 15K dom -6.5 | shrike 1W 43K dom 35.5
2026-06-11T06:57:27.167Z [league] classic vs cuadrilla · seed 50964 · arena #23 · classic 0W 15K dom -1.0 | cuadrilla 1W 32K dom 24.5
2026-06-11T06:57:56.654Z [league] classic vs orca · seed 50965 · arena #31 · classic 0W 16K dom -7.5 | orca 1W 46K dom 38.0
2026-06-11T06:58:26.566Z [league] classic vs neural · seed 50966 · arena #41 · classic 1W 23K dom 17.0 | neural 0W 11K dom -1.0
2026-06-11T06:58:56.574Z [league] classic vs angler · seed 50967 · arena #53 · classic 0W 18K dom -6.0 | angler 1W 48K dom 39.0
2026-06-11T06:59:27.263Z [league] classic vs disciple · seed 50968 · arena #67 · classic 1W 22K dom 18.0 | disciple 0W 8K dom -3.0
2026-06-11T06:59:56.838Z [league] pilot vs reaper · seed 50969 · arena #88 · pilot 1W 30K dom 15.5 | reaper 0W 27K dom 12.0
2026-06-11T07:00:26.400Z [league] pilot vs matador · seed 50970 · arena #0 · pilot 0W 33K dom 8.0 | matador 1W 50K dom 33.5
2026-06-11T07:00:56.431Z [league] pilot vs kestrel · seed 50971 · arena #5 · pilot 1W 35K dom 21.0 | kestrel 0W 27K dom 9.5
2026-06-11T07:01:26.372Z [league] pilot vs wolf · seed 50972 · arena #11 · pilot 0W 25K dom 1.5 | wolf 1W 47K dom 34.0
2026-06-11T07:01:57.038Z [league] pilot vs plover · seed 50973 · arena #19 · pilot 0W 26K dom 10.0 | plover 1W 32K dom 19.0
2026-06-11T07:02:26.876Z [league] pilot vs hydra · seed 50974 · arena #23 · pilot 0W 23K dom 7.5 | hydra 1W 30K dom 18.5
2026-06-11T07:02:56.548Z [league] pilot vs shrike · seed 50975 · arena #31 · pilot 0W 30K dom 8.5 | shrike 1W 43K dom 28.0
2026-06-11T07:03:26.463Z [league] pilot vs cuadrilla · seed 50976 · arena #41 · pilot 0W 22K dom 6.5 | cuadrilla 1W 29K dom 18.0
2026-06-11T07:03:56.560Z [league] pilot vs orca · seed 50977 · arena #53 · pilot 0W 33K dom 9.5 | orca 1W 47K dom 30.5
2026-06-11T07:04:26.653Z [league] pilot vs neural · seed 50978 · arena #67 · pilot 1W 42K dom 37.5 | neural 0W 8K dom -13.5
2026-06-11T07:04:56.678Z [league] pilot vs angler · seed 50979 · arena #88 · pilot 0W 29K dom 6.5 | angler 1W 45K dom 30.5
2026-06-11T07:05:26.586Z [league] pilot vs disciple · seed 50980 · arena #0 · pilot 1W 40K dom 37.5 | disciple 0W 5K dom -15.0
2026-06-11T07:05:56.440Z [league] reaper vs matador · seed 50981 · arena #5 · reaper 1W 34K dom 21.5 | matador 0W 24K dom 7.0
2026-06-11T07:06:26.425Z [league] reaper vs kestrel · seed 50982 · arena #11 · reaper 0W 27K dom 10.0 | kestrel 1W 34K dom 20.5
2026-06-11T07:06:56.770Z [league] reaper vs wolf · seed 50983 · arena #19 · reaper 0W 27K dom 5.0 | wolf 1W 43K dom 29.5
2026-06-11T07:07:26.786Z [league] reaper vs plover · seed 50984 · arena #23 · reaper 0W 28K dom 12.0 | plover 1W 29K dom 14.5
2026-06-11T07:07:56.522Z [league] reaper vs hydra · seed 50985 · arena #31 · reaper 0W 24K dom 5.5 | hydra 1W 36K dom 24.0
2026-06-11T07:08:26.454Z [league] reaper vs shrike · seed 50986 · arena #41 · reaper 0W 28K dom 7.0 | shrike 1W 42K dom 28.0
2026-06-11T07:08:56.514Z [league] reaper vs cuadrilla · seed 50987 · arena #53 · reaper 0W 17K dom 1.5 | cuadrilla 1W 31K dom 22.5
2026-06-11T07:09:27.135Z [league] reaper vs orca · seed 50988 · arena #67 · reaper 0W 29K dom 9.0 | orca 1W 39K dom 24.0
2026-06-11T07:09:57.056Z [league] reaper vs neural · seed 50989 · arena #88 · reaper 1W 24K dom 19.5 | neural 0W 8K dom -4.0
2026-06-11T07:10:26.540Z [league] reaper vs angler · seed 50990 · arena #0 · reaper 0W 16K dom -2.0 | angler 1W 36K dom 28.0
2026-06-11T07:10:57.166Z [league] reaper vs disciple · seed 50991 · arena #5 · reaper 1W 30K dom 27.5 | disciple 0W 4K dom -11.0
2026-06-11T07:11:26.490Z [league] matador vs kestrel · seed 50992 · arena #11 · matador 1W 36K dom 20.5 | kestrel 0W 31K dom 13.0
2026-06-11T07:11:56.638Z [league] matador vs wolf · seed 50993 · arena #19 · matador 0W 39K dom 16.5 | wolf 1W 45K dom 25.5
2026-06-11T07:12:26.868Z [league] matador vs plover · seed 50994 · arena #23 · matador 1W 45K dom 26.5 | plover 0W 37K dom 14.5
2026-06-11T07:12:56.496Z [league] matador vs hydra · seed 50995 · arena #31 · matador 0W 37K dom 16.0 | hydra 1W 41K dom 22.5
2026-06-11T07:13:26.512Z [league] matador vs shrike · seed 50996 · arena #41 · matador 1W 38K dom 20.0 | shrike 0W 36K dom 17.0
2026-06-11T07:13:56.552Z [league] matador vs cuadrilla · seed 50997 · arena #53 · matador 0W 20K dom 5.5 | cuadrilla 1W 29K dom 19.0
2026-06-11T07:14:26.797Z [league] matador vs orca · seed 50998 · arena #67 · matador 0W 36K dom 17.5 | orca 1W 37K dom 19.0
2026-06-11T07:14:57.080Z [league] matador vs neural · seed 50999 · arena #88 · matador 1W 40K dom 36.0 | neural 0W 7K dom -13.0
2026-06-11T07:15:26.561Z [league] matador vs angler · seed 51000 · arena #0 · matador 0W 26K dom 7.0 | angler 1W 37K dom 24.0
2026-06-11T07:15:56.535Z [league] matador vs disciple · seed 51001 · arena #5 · matador 1W 54K dom 51.5 | disciple 0W 5K dom -22.0
2026-06-11T07:16:26.411Z [league] kestrel vs wolf · seed 51002 · arena #11 · kestrel 0W 28K dom 5.5 | wolf 1W 45K dom 30.5
2026-06-11T07:16:56.801Z [league] kestrel vs plover · seed 51003 · arena #19 · kestrel 0W 30K dom 14.5 | plover 0W 30K dom 14.5
2026-06-11T07:17:26.700Z [league] kestrel vs hydra · seed 51004 · arena #23 · kestrel 0W 36K dom 14.5 | hydra 1W 43K dom 25.0
2026-06-11T07:17:56.609Z [league] kestrel vs shrike · seed 51005 · arena #31 · kestrel 0W 23K dom 5.0 | shrike 1W 36K dom 24.5
2026-06-11T07:18:26.549Z [league] kestrel vs cuadrilla · seed 51006 · arena #41 · kestrel 0W 29K dom 11.5 | cuadrilla 1W 35K dom 20.5
2026-06-11T07:18:56.785Z [league] kestrel vs orca · seed 51007 · arena #53 · kestrel 0W 24K dom 9.0 | orca 1W 30K dom 18.0
2026-06-11T07:19:27.216Z [league] kestrel vs neural · seed 51008 · arena #67 · kestrel 1W 36K dom 32.0 | neural 0W 7K dom -11.0
2026-06-11T07:19:57.440Z [league] kestrel vs angler · seed 51009 · arena #88 · kestrel 0W 29K dom 7.5 | angler 1W 43K dom 28.5
2026-06-11T07:20:26.690Z [league] kestrel vs disciple · seed 51010 · arena #0 · kestrel 1W 47K dom 46.0 | disciple 0W 2K dom -21.5
2026-06-11T07:20:56.568Z [league] wolf vs plover · seed 51011 · arena #5 · wolf 1W 38K dom 21.0 | plover 0W 33K dom 14.0
2026-06-11T07:21:26.546Z [league] wolf vs hydra · seed 51012 · arena #11 · wolf 1W 43K dom 24.5 | hydra 0W 37K dom 15.5
2026-06-11T07:21:56.700Z [league] wolf vs shrike · seed 51013 · arena #19 · wolf 1W 32K dom 17.0 | shrike 0W 30K dom 14.0
2026-06-11T07:22:26.982Z [league] wolf vs cuadrilla · seed 51014 · arena #23 · wolf 0W 26K dom 8.5 | cuadrilla 1W 35K dom 22.0
2026-06-11T07:22:56.825Z [league] wolf vs orca · seed 51015 · arena #31 · wolf 1W 35K dom 18.5 | orca 0W 33K dom 15.5
2026-06-11T07:23:26.516Z [league] wolf vs neural · seed 51016 · arena #41 · wolf 1W 44K dom 41.0 | neural 0W 4K dom -19.0
2026-06-11T07:23:56.577Z [league] wolf vs angler · seed 51017 · arena #53 · wolf 0W 43K dom 21.5 | angler 0W 43K dom 21.5
2026-06-11T07:24:26.681Z [league] wolf vs disciple · seed 51018 · arena #67 · wolf 1W 55K dom 52.0 | disciple 0W 6K dom -21.5
2026-06-11T07:24:57.216Z [league] plover vs hydra · seed 51019 · arena #88 · plover 0W 31K dom 14.0 | hydra 1W 34K dom 18.5
2026-06-11T07:25:26.666Z [league] plover vs shrike · seed 51020 · arena #0 · plover 0W 37K dom 14.0 | shrike 1W 46K dom 27.5
2026-06-11T07:25:56.754Z [league] plover vs cuadrilla · seed 51021 · arena #5 · plover 0W 18K dom 6.5 | cuadrilla 1W 23K dom 14.0
2026-06-11T07:26:26.865Z [league] plover vs orca · seed 51022 · arena #11 · plover 0W 30K dom 10.5 | orca 1W 39K dom 24.0
2026-06-11T07:26:57.326Z [league] plover vs neural · seed 51023 · arena #19 · plover 1W 44K dom 41.0 | neural 0W 6K dom -16.0
2026-06-11T07:27:27.254Z [league] plover vs angler · seed 51024 · arena #23 · plover 0W 29K dom 10.0 | angler 1W 38K dom 23.0
2026-06-11T07:27:56.776Z [league] plover vs disciple · seed 51025 · arena #31 · plover 1W 49K dom 47.0 | disciple 0W 4K dom -20.5
2026-06-11T07:28:26.686Z [league] hydra vs shrike · seed 51026 · arena #41 · hydra 0W 29K dom 11.0 | shrike 1W 36K dom 21.0
2026-06-11T07:28:56.697Z [league] hydra vs cuadrilla · seed 51027 · arena #53 · hydra 0W 33K dom 12.5 | cuadrilla 1W 41K dom 24.0
2026-06-11T07:29:27.021Z [league] hydra vs orca · seed 51028 · arena #67 · hydra 0W 40K dom 19.0 | orca 1W 42K dom 22.0
2026-06-11T07:29:56.896Z [league] hydra vs neural · seed 51029 · arena #88 · hydra 1W 35K dom 31.5 | neural 0W 6K dom -11.5
2026-06-11T07:30:26.801Z [league] hydra vs angler · seed 51030 · arena #0 · hydra 0W 33K dom 10.5 | angler 1W 45K dom 28.5
2026-06-11T07:30:56.792Z [league] hydra vs disciple · seed 51031 · arena #5 · hydra 1W 33K dom 31.0 | disciple 0W 3K dom -13.5
2026-06-11T07:31:26.748Z [league] shrike vs cuadrilla · seed 51032 · arena #11 · shrike 0W 26K dom 12.5 | cuadrilla 1W 27K dom 14.0
2026-06-11T07:31:57.215Z [league] shrike vs orca · seed 51033 · arena #19 · shrike 1W 36K dom 19.0 | orca 0W 34K dom 16.0
2026-06-11T07:32:27.131Z [league] shrike vs neural · seed 51034 · arena #23 · shrike 1W 40K dom 35.5 | neural 0W 8K dom -12.0
2026-06-11T07:32:56.772Z [league] shrike vs angler · seed 51035 · arena #31 · shrike 0W 38K dom 16.0 | angler 1W 44K dom 25.0
2026-06-11T07:33:26.727Z [league] shrike vs disciple · seed 51036 · arena #41 · shrike 1W 52K dom 50.0 | disciple 0W 4K dom -22.0
2026-06-11T07:33:56.861Z [league] cuadrilla vs orca · seed 51037 · arena #53 · cuadrilla 1W 37K dom 20.5 | orca 0W 32K dom 13.5
2026-06-11T07:34:26.893Z [league] cuadrilla vs neural · seed 51038 · arena #67 · cuadrilla 1W 44K dom 40.5 | neural 0W 6K dom -16.5
2026-06-11T07:34:57.003Z [league] cuadrilla vs angler · seed 51039 · arena #88 · cuadrilla 0W 17K dom 5.0 | angler 1W 24K dom 15.5
2026-06-11T07:35:26.724Z [league] cuadrilla vs disciple · seed 51040 · arena #0 · cuadrilla 1W 45K dom 42.0 | disciple 0W 5K dom -17.5
2026-06-11T07:35:56.935Z [league] orca vs neural · seed 51041 · arena #5 · orca 1W 46K dom 43.0 | neural 0W 6K dom -17.0
2026-06-11T07:36:26.880Z [league] orca vs angler · seed 51042 · arena #11 · orca 0W 31K dom 13.5 | angler 1W 35K dom 19.0
2026-06-11T07:36:57.388Z [league] orca vs disciple · seed 51043 · arena #19 · orca 1W 50K dom 49.0 | disciple 0W 0K dom -25.0
2026-06-11T07:37:27.079Z [league] neural vs angler · seed 51044 · arena #23 · neural 0W 8K dom -20.0 | angler 1W 56K dom 52.0
2026-06-11T07:37:56.921Z [league] neural vs disciple · seed 51045 · arena #31 · neural 0W 5K dom 2.5 | disciple 0W 5K dom 2.5
2026-06-11T07:38:26.792Z [league] angler vs disciple · seed 51046 · arena #41 · angler 1W 47K dom 46.0 | disciple 0W 2K dom -21.5
2026-06-11T07:38:56.053Z [league] new round-robin pass: 14 engines, 91 pairings
2026-06-11T07:38:56.728Z [league] datasets/ at 33.35 GB — OVER WARN THRESHOLD, consider archiving
2026-06-11T07:38:58.147Z [league] classic vs pilot · seed 51047 · arena #53 · classic 0W 21K dom 4.0 | pilot 1W 32K dom 21.0
2026-06-11T07:39:26.928Z [league] classic vs reaper · seed 51048 · arena #67 · classic 0W 25K dom 6.5 | reaper 1W 36K dom 23.5
2026-06-11T07:39:56.842Z [league] classic vs matador · seed 51049 · arena #88 · classic 0W 14K dom -5.0 | matador 1W 36K dom 27.5
2026-06-11T07:40:26.644Z [league] classic vs kestrel · seed 51050 · arena #0 · classic 0W 22K dom 4.0 | kestrel 1W 36K dom 25.0
2026-06-11T07:40:56.619Z [league] classic vs wolf · seed 51051 · arena #5 · classic 0W 14K dom -10.0 | wolf 1W 48K dom 40.5
2026-06-11T07:41:26.713Z [league] classic vs plover · seed 51052 · arena #11 · classic 0W 19K dom -4.5 | plover 1W 47K dom 37.5
2026-06-11T07:41:56.980Z [league] classic vs hydra · seed 51053 · arena #19 · classic 0W 20K dom -4.0 | hydra 1W 47K dom 37.0
2026-06-11T07:42:27.030Z [league] classic vs shrike · seed 51054 · arena #23 · classic 0W 14K dom -12.0 | shrike 1W 52K dom 45.0
2026-06-11T07:42:56.724Z [league] classic vs cuadrilla · seed 51055 · arena #31 · classic 0W 12K dom -7.0 | cuadrilla 1W 38K dom 32.0
2026-06-11T07:43:26.905Z [league] classic vs orca · seed 51056 · arena #41 · classic 0W 18K dom -4.5 | orca 1W 45K dom 35.5
2026-06-11T07:43:56.755Z [league] classic vs neural · seed 51057 · arena #53 · classic 1W 28K dom 22.0 | neural 0W 11K dom -3.5
2026-06-11T07:44:27.925Z [league] classic vs angler · seed 51058 · arena #67 · classic 0W 16K dom -5.0 | angler 1W 42K dom 33.5
2026-06-11T07:44:58.015Z [league] classic vs disciple · seed 51059 · arena #88 · classic 1W 26K dom 21.5 | disciple 0W 9K dom -4.5
2026-06-11T07:45:26.782Z [league] pilot vs reaper · seed 51060 · arena #0 · pilot 1W 32K dom 18.5 | reaper 0W 27K dom 10.5
2026-06-11T07:45:56.686Z [league] pilot vs matador · seed 51061 · arena #5 · pilot 0W 37K dom 11.0 | matador 1W 52K dom 33.5
2026-06-11T07:46:26.819Z [league] pilot vs kestrel · seed 51062 · arena #11 · pilot 0W 30K dom 12.5 | kestrel 1W 35K dom 20.0
2026-06-11T07:46:57.380Z [league] pilot vs wolf · seed 51063 · arena #19 · pilot 0W 35K dom 11.5 | wolf 1W 47K dom 29.5
2026-06-11T07:47:27.106Z [league] pilot vs plover · seed 51064 · arena #23 · pilot 0W 33K dom 12.5 | plover 1W 39K dom 22.5
2026-06-11T07:47:56.806Z [league] pilot vs hydra · seed 51065 · arena #31 · pilot 1W 30K dom 15.5 | hydra 0W 29K dom 14.0
2026-06-11T07:48:26.906Z [league] pilot vs shrike · seed 51066 · arena #41 · pilot 0W 28K dom 7.5 | shrike 1W 41K dom 27.0
2026-06-11T07:48:56.794Z [league] pilot vs cuadrilla · seed 51067 · arena #53 · pilot 0W 22K dom 7.0 | cuadrilla 1W 29K dom 18.0
2026-06-11T07:49:27.450Z [league] pilot vs orca · seed 51068 · arena #67 · pilot 0W 21K dom 4.5 | orca 1W 32K dom 21.5
2026-06-11T07:49:57.119Z [league] pilot vs neural · seed 51069 · arena #88 · pilot 1W 36K dom 32.0 | neural 0W 8K dom -10.0
2026-06-11T07:50:26.742Z [league] pilot vs angler · seed 51070 · arena #0 · pilot 0W 34K dom 9.5 | angler 1W 49K dom 32.0
2026-06-11T07:50:57.001Z [league] pilot vs disciple · seed 51071 · arena #5 · pilot 1W 39K dom 36.0 | disciple 0W 5K dom -14.5
2026-06-11T07:51:26.607Z [league] reaper vs matador · seed 51072 · arena #11 · reaper 0W 30K dom 7.5 | matador 1W 44K dom 29.0
2026-06-11T07:51:57.877Z [league] reaper vs kestrel · seed 51073 · arena #19 · reaper 0W 30K dom 10.5 | kestrel 1W 39K dom 24.0
2026-06-11T07:52:26.655Z [league] reaper vs wolf · seed 51074 · arena #23 · reaper 0W 25K dom 1.0 | wolf 1W 48K dom 35.5
2026-06-11T07:52:56.800Z [league] reaper vs plover · seed 51075 · arena #31 · reaper 0W 27K dom 10.0 | plover 1W 33K dom 19.5
2026-06-11T07:53:26.693Z [league] reaper vs hydra · seed 51076 · arena #41 · reaper 0W 30K dom 9.0 | hydra 1W 42K dom 26.5
2026-06-11T07:53:56.788Z [league] reaper vs shrike · seed 51077 · arena #53 · reaper 0W 21K dom 3.0 | shrike 1W 34K dom 23.5
2026-06-11T07:54:26.980Z [league] reaper vs cuadrilla · seed 51078 · arena #67 · reaper 0W 21K dom 3.5 | cuadrilla 1W 35K dom 24.5
2026-06-11T07:54:57.177Z [league] reaper vs orca · seed 51079 · arena #88 · reaper 0W 24K dom 5.0 | orca 1W 38K dom 26.0
2026-06-11T07:55:26.761Z [league] reaper vs neural · seed 51080 · arena #0 · reaper 1W 36K dom 31.0 | neural 0W 10K dom -8.0
2026-06-11T07:55:56.749Z [league] reaper vs angler · seed 51081 · arena #5 · reaper 0W 20K dom -1.0 | angler 1W 42K dom 32.0
2026-06-11T07:56:26.855Z [league] reaper vs disciple · seed 51082 · arena #11 · reaper 1W 31K dom 29.5 | disciple 0W 3K dom -12.5
2026-06-11T07:56:56.960Z [league] matador vs kestrel · seed 51083 · arena #19 · matador 1W 44K dom 26.5 | kestrel 0W 33K dom 11.0
2026-06-11T07:57:26.904Z [league] matador vs wolf · seed 51084 · arena #23 · matador 0W 39K dom 15.5 | wolf 1W 47K dom 27.5
2026-06-11T07:57:56.772Z [league] matador vs plover · seed 51085 · arena #31 · matador 1W 37K dom 24.0 | plover 0W 26K dom 7.5
2026-06-11T07:58:26.817Z [league] matador vs hydra · seed 51086 · arena #41 · matador 0W 29K dom 14.0 | hydra 1W 30K dom 15.0
2026-06-11T07:58:56.768Z [league] matador vs shrike · seed 51087 · arena #53 · matador 0W 34K dom 17.0 | shrike 0W 34K dom 17.0
2026-06-11T07:59:26.938Z [league] matador vs cuadrilla · seed 51088 · arena #67 · matador 0W 25K dom 7.5 | cuadrilla 1W 35K dom 22.5
2026-06-11T07:59:57.244Z [league] matador vs orca · seed 51089 · arena #88 · matador 0W 38K dom 19.0 | orca 0W 38K dom 19.0
2026-06-11T08:00:26.677Z [league] matador vs neural · seed 51090 · arena #0 · matador 1W 58K dom 54.5 | neural 0W 7K dom -22.0
2026-06-11T08:00:56.714Z [league] matador vs angler · seed 51091 · arena #5 · matador 0W 40K dom 16.5 | angler 1W 47K dom 27.0
2026-06-11T08:01:26.767Z [league] matador vs disciple · seed 51092 · arena #11 · matador 1W 54K dom 52.5 | disciple 0W 2K dom -25.0
2026-06-11T08:01:57.080Z [league] kestrel vs wolf · seed 51093 · arena #19 · kestrel 0W 27K dom 8.0 | wolf 1W 37K dom 23.5
2026-06-11T08:02:27.194Z [league] kestrel vs plover · seed 51094 · arena #23 · kestrel 1W 32K dom 16.5 | plover 0W 30K dom 14.0
2026-06-11T08:02:56.784Z [league] kestrel vs hydra · seed 51095 · arena #31 · kestrel 0W 35K dom 16.5 | hydra 1W 37K dom 19.5
2026-06-11T08:03:26.941Z [league] kestrel vs shrike · seed 51096 · arena #41 · kestrel 0W 31K dom 12.5 | shrike 1W 37K dom 21.5
2026-06-11T08:03:56.790Z [league] kestrel vs cuadrilla · seed 51097 · arena #53 · kestrel 0W 30K dom 11.0 | cuadrilla 1W 38K dom 23.0
2026-06-11T08:04:27.972Z [league] kestrel vs orca · seed 51098 · arena #67 · kestrel 0W 29K dom 10.5 | orca 1W 37K dom 22.0
2026-06-11T08:04:57.561Z [league] kestrel vs neural · seed 51099 · arena #88 · kestrel 1W 50K dom 45.5 | neural 0W 8K dom -17.0
2026-06-11T08:05:26.785Z [league] kestrel vs angler · seed 51100 · arena #0 · kestrel 0W 27K dom 4.0 | angler 1W 46K dom 32.5
2026-06-11T08:05:56.881Z [league] kestrel vs disciple · seed 51101 · arena #5 · kestrel 1W 40K dom 38.0 | disciple 0W 4K dom -16.5
2026-06-11T08:06:26.788Z [league] wolf vs plover · seed 51102 · arena #11 · wolf 1W 43K dom 24.0 | plover 0W 37K dom 15.5
2026-06-11T08:06:57.688Z [league] wolf vs hydra · seed 51103 · arena #19 · wolf 1W 33K dom 16.5 | hydra 0W 32K dom 15.5
2026-06-11T08:07:27.399Z [league] wolf vs shrike · seed 51104 · arena #23 · wolf 1W 34K dom 18.0 | shrike 0W 32K dom 14.5
2026-06-11T08:07:56.801Z [league] wolf vs cuadrilla · seed 51105 · arena #31 · wolf 1W 45K dom 23.0 | cuadrilla 0W 44K dom 21.5
2026-06-11T08:08:26.868Z [league] wolf vs orca · seed 51106 · arena #41 · wolf 1W 42K dom 24.5 | orca 0W 35K dom 14.0
2026-06-11T08:08:56.721Z [league] wolf vs neural · seed 51107 · arena #53 · wolf 1W 51K dom 47.5 | neural 0W 7K dom -18.5
2026-06-11T08:09:27.011Z [league] wolf vs angler · seed 51108 · arena #67 · wolf 0W 39K dom 16.5 | angler 1W 45K dom 25.5
2026-06-11T08:09:57.210Z [league] wolf vs disciple · seed 51109 · arena #88 · wolf 1W 53K dom 50.0 | disciple 0W 5K dom -22.0
2026-06-11T08:10:26.915Z [league] plover vs hydra · seed 51110 · arena #0 · plover 0W 34K dom 15.0 | hydra 1W 38K dom 21.0
2026-06-11T08:10:56.921Z [league] plover vs shrike · seed 51111 · arena #5 · plover 0W 23K dom 5.5 | shrike 1W 35K dom 23.5
2026-06-11T08:11:26.966Z [league] plover vs cuadrilla · seed 51112 · arena #11 · plover 0W 14K dom 3.0 | cuadrilla 1W 22K dom 15.0
2026-06-11T08:11:57.597Z [league] plover vs orca · seed 51113 · arena #19 · plover 0W 27K dom 8.0 | orca 1W 38K dom 24.5
2026-06-11T08:12:27.352Z [league] plover vs neural · seed 51114 · arena #23 · plover 1W 46K dom 41.5 | neural 0W 9K dom -14.0
2026-06-11T08:12:56.927Z [league] plover vs angler · seed 51115 · arena #31 · plover 0W 27K dom 6.5 | angler 1W 41K dom 27.5
2026-06-11T08:13:26.877Z [league] plover vs disciple · seed 51116 · arena #41 · plover 1W 49K dom 47.0 | disciple 0W 4K dom -20.5
2026-06-11T08:13:56.905Z [league] hydra vs shrike · seed 51117 · arena #53 · hydra 0W 37K dom 17.5 | shrike 1W 39K dom 20.5
2026-06-11T08:14:27.315Z [league] hydra vs cuadrilla · seed 51118 · arena #67 · hydra 0W 32K dom 13.0 | cuadrilla 1W 38K dom 22.0
2026-06-11T08:14:57.455Z [league] hydra vs orca · seed 51119 · arena #88 · hydra 0W 28K dom 10.5 | orca 1W 35K dom 21.0
2026-06-11T08:15:26.830Z [league] hydra vs neural · seed 51120 · arena #0 · hydra 1W 50K dom 46.5 | neural 0W 7K dom -18.0
2026-06-11T08:15:56.935Z [league] hydra vs angler · seed 51121 · arena #5 · hydra 0W 30K dom 12.5 | angler 1W 35K dom 20.0
2026-06-11T08:16:26.996Z [league] hydra vs disciple · seed 51122 · arena #11 · hydra 1W 28K dom 26.0 | disciple 0W 3K dom -11.0
2026-06-11T08:16:57.198Z [league] shrike vs cuadrilla · seed 51123 · arena #19 · shrike 1W 36K dom 19.5 | cuadrilla 0W 33K dom 15.0
2026-06-11T08:17:27.465Z [league] shrike vs orca · seed 51124 · arena #23 · shrike 0W 41K dom 20.5 | orca 0W 41K dom 20.5
2026-06-11T08:17:56.905Z [league] shrike vs neural · seed 51125 · arena #31 · shrike 1W 52K dom 48.0 | neural 0W 8K dom -18.0
2026-06-11T08:18:26.899Z [league] shrike vs angler · seed 51126 · arena #41 · shrike 0W 33K dom 12.0 | angler 1W 42K dom 25.5
2026-06-11T08:18:57.114Z [league] shrike vs disciple · seed 51127 · arena #53 · shrike 1W 36K dom 35.0 | disciple 0W 2K dom -16.0
2026-06-11T08:19:28.322Z [league] cuadrilla vs orca · seed 51128 · arena #67 · cuadrilla 1W 36K dom 19.5 | orca 0W 33K dom 15.0
2026-06-11T08:19:57.510Z [league] cuadrilla vs neural · seed 51129 · arena #88 · cuadrilla 1W 41K dom 37.0 | neural 0W 8K dom -12.5
2026-06-11T08:20:26.943Z [league] cuadrilla vs angler · seed 51130 · arena #0 · cuadrilla 1W 28K dom 15.5 | angler 0W 25K dom 11.0
2026-06-11T08:20:56.966Z [league] cuadrilla vs disciple · seed 51131 · arena #5 · cuadrilla 1W 41K dom 39.0 | disciple 0W 4K dom -16.5
2026-06-11T08:21:27.161Z [league] orca vs neural · seed 51132 · arena #11 · orca 1W 49K dom 46.5 | neural 0W 5K dom -19.5
2026-06-11T08:21:57.458Z [league] orca vs angler · seed 51133 · arena #19 · orca 0W 30K dom 7.5 | angler 1W 45K dom 30.0
2026-06-11T08:22:27.716Z [league] orca vs disciple · seed 51134 · arena #23 · orca 1W 52K dom 50.5 | disciple 0W 3K dom -23.0
2026-06-11T08:22:56.962Z [league] neural vs angler · seed 51135 · arena #31 · neural 0W 7K dom -16.5 | angler 1W 46K dom 42.5
2026-06-11T08:23:27.071Z [league] neural vs disciple · seed 51136 · arena #41 · neural 1W 7K dom 4.5 | disciple 0W 5K dom 1.5
2026-06-11T08:23:56.974Z [league] angler vs disciple · seed 51137 · arena #53 · angler 1W 54K dom 52.5 | disciple 0W 3K dom -24.0
2026-06-11T08:24:26.649Z [league] new round-robin pass: 14 engines, 91 pairings
2026-06-11T08:24:27.403Z [league] datasets/ at 33.42 GB — OVER WARN THRESHOLD, consider archiving
2026-06-11T08:24:29.165Z [league] classic vs pilot · seed 51138 · arena #67 · classic 0W 16K dom -1.0 | pilot 1W 33K dom 24.5
2026-06-11T08:24:57.213Z [league] classic vs reaper · seed 51139 · arena #88 · classic 0W 27K dom 3.0 | reaper 1W 48K dom 34.0
2026-06-11T08:25:26.893Z [league] classic vs matador · seed 51140 · arena #0 · classic 0W 19K dom -5.0 | matador 1W 47K dom 37.5
2026-06-11T08:25:56.897Z [league] classic vs kestrel · seed 51141 · arena #5 · classic 0W 18K dom -5.5 | kestrel 1W 47K dom 38.0
2026-06-11T08:26:26.923Z [league] classic vs wolf · seed 51142 · arena #11 · classic 0W 12K dom -13.0 | wolf 1W 50K dom 44.0
2026-06-11T08:26:57.727Z [league] classic vs plover · seed 51143 · arena #19 · classic 0W 17K dom -2.0 | plover 1W 37K dom 28.0
2026-06-11T08:27:27.406Z [league] classic vs hydra · seed 51144 · arena #23 · classic 0W 20K dom -3.0 | hydra 1W 45K dom 35.0
2026-06-11T08:27:56.995Z [league] classic vs shrike · seed 51145 · arena #31 · classic 0W 19K dom -4.0 | shrike 1W 46K dom 36.5
2026-06-11T08:28:26.929Z [league] classic vs cuadrilla · seed 51146 · arena #41 · classic 0W 17K dom -0.5 | cuadrilla 1W 33K dom 23.5
2026-06-11T08:28:57.105Z [league] classic vs orca · seed 51147 · arena #53 · classic 0W 18K dom -5.5 | orca 1W 47K dom 38.0
2026-06-11T08:29:27.381Z [league] classic vs neural · seed 51148 · arena #67 · classic 1W 29K dom 22.5 | neural 0W 13K dom -1.5
2026-06-11T08:29:57.333Z [league] classic vs angler · seed 51149 · arena #88 · classic 0W 17K dom -11.0 | angler 1W 56K dom 47.5
2026-06-11T08:30:27.127Z [league] classic vs disciple · seed 51150 · arena #0 · classic 1W 31K dom 24.5 | disciple 0W 13K dom -2.5
2026-06-11T08:30:56.943Z [league] pilot vs reaper · seed 51151 · arena #5 · pilot 1W 28K dom 18.5 | reaper 0W 18K dom 4.0
2026-06-11T08:31:26.802Z [league] pilot vs matador · seed 51152 · arena #11 · pilot 0W 35K dom 10.0 | matador 1W 50K dom 32.0
2026-06-11T08:31:57.491Z [league] pilot vs kestrel · seed 51153 · arena #19 · pilot 0W 29K dom 12.5 | kestrel 1W 33K dom 18.5
2026-06-11T08:32:27.247Z [league] pilot vs wolf · seed 51154 · arena #23 · pilot 0W 22K dom 5.5 | wolf 1W 33K dom 21.5
2026-06-11T08:32:57.310Z [league] pilot vs plover · seed 51155 · arena #31 · pilot 0W 32K dom 13.0 | plover 1W 38K dom 22.0
2026-06-11T08:33:26.880Z [league] pilot vs hydra · seed 51156 · arena #41 · pilot 0W 34K dom 12.0 | hydra 1W 44K dom 27.0
2026-06-11T08:33:56.970Z [league] pilot vs shrike · seed 51157 · arena #53 · pilot 0W 26K dom 5.5 | shrike 1W 41K dom 27.5
2026-06-11T08:34:26.996Z [league] pilot vs cuadrilla · seed 51158 · arena #67 · pilot 0W 23K dom 3.0 | cuadrilla 1W 40K dom 28.5
2026-06-11T08:34:57.502Z [league] pilot vs orca · seed 51159 · arena #88 · pilot 0W 19K dom 5.0 | orca 1W 26K dom 16.0
2026-06-11T08:35:26.919Z [league] pilot vs neural · seed 51160 · arena #0 · pilot 1W 40K dom 34.5 | neural 0W 10K dom -10.0
2026-06-11T08:35:57.006Z [league] pilot vs angler · seed 51161 · arena #5 · pilot 0W 27K dom 7.5 | angler 1W 39K dom 25.5
2026-06-11T08:36:27.034Z [league] pilot vs disciple · seed 51162 · arena #11 · pilot 1W 34K dom 30.5 | disciple 0W 5K dom -12.0
2026-06-11T08:36:57.188Z [league] reaper vs matador · seed 51163 · arena #19 · reaper 0W 34K dom 12.0 | matador 1W 44K dom 27.0
2026-06-11T08:37:27.707Z [league] reaper vs kestrel · seed 51164 · arena #23 · reaper 0W 26K dom 11.0 | kestrel 1W 30K dom 17.0
2026-06-11T08:37:56.913Z [league] reaper vs wolf · seed 51165 · arena #31 · reaper 0W 28K dom 7.0 | wolf 1W 42K dom 27.5
2026-06-11T08:38:27.509Z [league] reaper vs plover · seed 51166 · arena #41 · reaper 0W 25K dom 8.5 | plover 1W 33K dom 20.0
2026-06-11T08:38:58.140Z [league] reaper vs hydra · seed 51167 · arena #53 · reaper 0W 25K dom 6.0 | hydra 1W 38K dom 25.5
2026-06-11T08:39:28.087Z [league] reaper vs shrike · seed 51168 · arena #67 · reaper 0W 27K dom 6.5 | shrike 1W 41K dom 27.5
2026-06-11T08:39:58.235Z [league] reaper vs cuadrilla · seed 51169 · arena #88 · reaper 0W 20K dom 8.0 | cuadrilla 1W 24K dom 14.0
2026-06-11T08:40:28.530Z [league] reaper vs orca · seed 51170 · arena #0 · reaper 0W 22K dom 3.0 | orca 1W 38K dom 27.0
2026-06-11T08:40:57.453Z [league] reaper vs neural · seed 51171 · arena #5 · reaper 1W 30K dom 25.0 | neural 0W 9K dom -6.0
2026-06-11T08:41:27.386Z [league] reaper vs angler · seed 51172 · arena #11 · reaper 0W 21K dom 1.5 | angler 1W 39K dom 28.0
2026-06-11T08:41:58.211Z [league] reaper vs disciple · seed 51173 · arena #19 · reaper 1W 43K dom 39.5 | disciple 0W 7K dom -14.5
2026-06-11T08:42:27.022Z [league] matador vs kestrel · seed 51174 · arena #23 · matador 1W 48K dom 33.0 | kestrel 0W 30K dom 6.0
2026-06-11T08:42:57.945Z [league] matador vs wolf · seed 51175 · arena #31 · matador 0W 44K dom 21.0 | wolf 1W 46K dom 24.0
2026-06-11T08:43:28.284Z [league] matador vs plover · seed 51176 · arena #41 · matador 1W 45K dom 28.0 | plover 0W 34K dom 11.5
2026-06-11T08:43:57.635Z [league] matador vs hydra · seed 51177 · arena #53 · matador 1W 34K dom 19.5 | hydra 0W 29K dom 12.0
2026-06-11T08:44:27.371Z [league] matador vs shrike · seed 51178 · arena #67 · matador 1W 41K dom 22.5 | shrike 0W 37K dom 16.0
2026-06-11T08:44:58.268Z [league] matador vs cuadrilla · seed 51179 · arena #88 · matador 0W 24K dom 9.0 | cuadrilla 1W 29K dom 17.0
2026-06-11T08:45:28.245Z [league] matador vs orca · seed 51180 · arena #0 · matador 0W 31K dom 11.0 | orca 1W 39K dom 23.5
2026-06-11T08:45:58.280Z [league] matador vs neural · seed 51181 · arena #5 · matador 1W 53K dom 48.5 | neural 0W 9K dom -17.5
2026-06-11T08:46:39.289Z [league] matador vs angler · seed 51182 · arena #11 · matador 0W 42K dom 17.5 | angler 1W 49K dom 28.0
2026-06-11T08:47:08.232Z [league] matador vs disciple · seed 51183 · arena #19 · matador 1W 58K dom 57.5 | disciple 0W 1K dom -28.0
2026-06-11T08:47:36.210Z [league] kestrel vs wolf · seed 51184 · arena #23 · kestrel 0W 33K dom 11.5 | wolf 1W 42K dom 25.0
2026-06-11T08:48:09.447Z [league] kestrel vs plover · seed 51185 · arena #31 · kestrel 0W 33K dom 16.0 | plover 1W 34K dom 17.5
2026-06-11T08:48:38.416Z [league] kestrel vs hydra · seed 51186 · arena #41 · kestrel 1W 39K dom 19.5 | hydra 0W 38K dom 18.5
2026-06-11T08:49:11.622Z [league] kestrel vs shrike · seed 51187 · arena #53 · kestrel 0W 31K dom 12.5 | shrike 1W 37K dom 21.5
2026-06-11T08:49:38.626Z [league] kestrel vs cuadrilla · seed 51188 · arena #67 · kestrel 0W 30K dom 11.5 | cuadrilla 1W 36K dom 21.0
2026-06-11T08:50:07.629Z [league] kestrel vs orca · seed 51189 · arena #88 · kestrel 0W 29K dom 10.0 | orca 1W 38K dom 23.5
2026-06-11T08:50:36.950Z [league] kestrel vs neural · seed 51190 · arena #0 · kestrel 1W 50K dom 46.5 | neural 0W 7K dom -18.0
2026-06-11T08:51:06.096Z [league] kestrel vs angler · seed 51191 · arena #5 · kestrel 0W 28K dom 8.5 | angler 1W 39K dom 25.0
2026-06-11T08:51:40.945Z [league] kestrel vs disciple · seed 51192 · arena #11 · kestrel 1W 45K dom 43.0 | disciple 0W 4K dom -18.5
2026-06-11T08:52:07.720Z [league] wolf vs plover · seed 51193 · arena #19 · wolf 1W 40K dom 24.0 | plover 0W 32K dom 12.0
2026-06-11T08:52:36.064Z [league] wolf vs hydra · seed 51194 · arena #23 · wolf 1W 36K dom 18.5 | hydra 0W 35K dom 17.0
2026-06-11T08:53:01.435Z [league] wolf vs shrike · seed 51195 · arena #31 · wolf 0W 29K dom 13.5 | shrike 1W 30K dom 15.5
2026-06-11T08:53:36.701Z [league] wolf vs cuadrilla · seed 51196 · arena #41 · wolf 0W 29K dom 14.5 | cuadrilla 0W 29K dom 14.5
2026-06-11T08:54:06.952Z [league] wolf vs orca · seed 51197 · arena #53 · wolf 1W 38K dom 20.5 | orca 0W 35K dom 16.0
2026-06-11T08:54:37.325Z [league] wolf vs neural · seed 51198 · arena #67 · wolf 1W 39K dom 35.0 | neural 0W 8K dom -11.5
2026-06-11T08:55:08.345Z [league] wolf vs angler · seed 51199 · arena #88 · wolf 0W 43K dom 18.5 | angler 1W 49K dom 27.5
2026-06-11T08:55:38.682Z [league] wolf vs disciple · seed 51200 · arena #0 · wolf 1W 33K dom 32.5 | disciple 0W 1K dom -15.5
2026-06-11T08:56:07.158Z [league] plover vs hydra · seed 51201 · arena #5 · plover 0W 28K dom 11.5 | hydra 1W 33K dom 19.0
2026-06-11T08:56:36.480Z [league] plover vs shrike · seed 51202 · arena #11 · plover 0W 33K dom 12.5 | shrike 1W 41K dom 24.5
2026-06-11T08:57:06.388Z [league] plover vs cuadrilla · seed 51203 · arena #19 · plover 0W 31K dom 9.5 | cuadrilla 1W 43K dom 27.5
2026-06-11T08:57:38.394Z [league] plover vs orca · seed 51204 · arena #23 · plover 0W 28K dom 8.5 | orca 1W 38K dom 24.0
2026-06-11T08:58:09.546Z [league] plover vs neural · seed 51205 · arena #31 · plover 1W 35K dom 30.5 | neural 0W 9K dom -9.5
2026-06-11T08:58:39.740Z [league] plover vs angler · seed 51206 · arena #41 · plover 0W 21K dom 6.5 | angler 1W 29K dom 18.5
2026-06-11T08:59:07.608Z [league] plover vs disciple · seed 51207 · arena #53 · plover 1W 43K dom 42.0 | disciple 0W 2K dom -19.5
2026-06-11T08:59:36.187Z [league] hydra vs shrike · seed 51208 · arena #67 · hydra 0W 25K dom 11.0 | shrike 1W 28K dom 15.5
2026-06-11T09:00:10.794Z [league] hydra vs cuadrilla · seed 51209 · arena #88 · hydra 0W 32K dom 11.5 | cuadrilla 1W 41K dom 25.0
2026-06-11T09:00:41.003Z [league] hydra vs orca · seed 51210 · arena #0 · hydra 0W 34K dom 16.5 | orca 1W 35K dom 18.0
2026-06-11T09:01:07.556Z [league] hydra vs neural · seed 51211 · arena #5 · hydra 1W 52K dom 49.0 | neural 0W 6K dom -20.0
2026-06-11T09:01:35.821Z [league] hydra vs angler · seed 51212 · arena #11 · hydra 0W 32K dom 12.0 | angler 1W 40K dom 23.5
2026-06-11T09:02:08.616Z [league] hydra vs disciple · seed 51213 · arena #19 · hydra 1W 32K dom 31.0 | disciple 0W 2K dom -14.0
2026-06-11T09:02:28.813Z [league] shrike vs cuadrilla · seed 51214 · arena #23 · shrike 0W 38K dom 18.0 | cuadrilla 1W 40K dom 21.0
2026-06-11T09:03:12.346Z [league] shrike vs orca · seed 51215 · arena #31 · shrike 1W 44K dom 26.0 | orca 0W 36K dom 14.0
2026-06-11T09:03:39.041Z [league] shrike vs neural · seed 51216 · arena #41 · shrike 1W 38K dom 36.0 | neural 0W 4K dom -15.5
2026-06-11T09:04:11.744Z [league] shrike vs angler · seed 51217 · arena #53 · shrike 0W 37K dom 15.0 | angler 1W 44K dom 25.5
2026-06-11T09:04:38.806Z [league] shrike vs disciple · seed 51218 · arena #67 · shrike 1W 50K dom 49.5 | disciple 0W 1K dom -24.0
2026-06-11T09:05:08.472Z [league] cuadrilla vs orca · seed 51219 · arena #88 · cuadrilla 0W 38K dom 19.0 | orca 0W 38K dom 19.0
2026-06-11T09:05:36.705Z [league] cuadrilla vs neural · seed 51220 · arena #0 · cuadrilla 1W 43K dom 39.5 | neural 0W 6K dom -16.0
2026-06-11T09:06:05.898Z [league] cuadrilla vs angler · seed 51221 · arena #5 · cuadrilla 1W 24K dom 12.5 | angler 0W 23K dom 11.0
2026-06-11T09:06:37.980Z [league] cuadrilla vs disciple · seed 51222 · arena #11 · cuadrilla 1W 44K dom 42.0 | disciple 0W 4K dom -18.5
2026-06-11T09:07:11.926Z [league] orca vs neural · seed 51223 · arena #19 · orca 1W 36K dom 34.5 | neural 0W 2K dom -16.5
2026-06-11T09:07:38.565Z [league] orca vs angler · seed 51224 · arena #23 · orca 0W 36K dom 16.5 | angler 1W 39K dom 21.0
2026-06-11T09:08:09.339Z [league] orca vs disciple · seed 51225 · arena #31 · orca 1W 52K dom 51.0 | disciple 0W 2K dom -24.0
2026-06-11T09:08:37.960Z [league] neural vs angler · seed 51226 · arena #41 · neural 0W 5K dom -15.0 | angler 1W 38K dom 34.0
2026-06-11T09:09:11.588Z [league] neural vs disciple · seed 51227 · arena #53 · neural 1W 8K dom 6.0 | disciple 0W 4K dom -0.5
2026-06-11T09:09:40.581Z [league] angler vs disciple · seed 51228 · arena #67 · angler 1W 57K dom 55.0 | disciple 0W 4K dom -24.5
2026-06-11T09:10:03.778Z [league] new round-robin pass: 14 engines, 91 pairings
2026-06-11T09:10:10.616Z [league] datasets/ at 35.44 GB — OVER WARN THRESHOLD, consider archiving
2026-06-11T09:10:23.945Z [league] classic vs pilot · seed 51229 · arena #88 · classic 0W 17K dom -5.0 | pilot 1W 44K dom 35.5
2026-06-11T09:10:37.053Z [league] classic vs reaper · seed 51230 · arena #0 · classic 0W 21K dom 1.0 | reaper 1W 40K dom 29.0
2026-06-11T09:11:06.494Z [league] classic vs matador · seed 51231 · arena #5 · classic 0W 21K dom 1.5 | matador 1W 39K dom 28.5
2026-06-11T09:11:36.238Z [league] classic vs kestrel · seed 51232 · arena #11 · classic 0W 20K dom -2.5 | kestrel 1W 45K dom 35.0
2026-06-11T09:12:10.353Z [league] classic vs wolf · seed 51233 · arena #19 · classic 0W 17K dom -5.5 | wolf 1W 45K dom 36.5
2026-06-11T09:12:41.241Z [league] classic vs plover · seed 51234 · arena #23 · classic 0W 17K dom 0.0 | plover 1W 34K dom 24.5
2026-06-11T09:13:10.732Z [league] classic vs hydra · seed 51235 · arena #31 · classic 0W 19K dom -3.0 | hydra 1W 44K dom 34.5
2026-06-11T09:13:37.774Z [league] classic vs shrike · seed 51236 · arena #41 · classic 0W 14K dom -8.0 | shrike 1W 44K dom 37.0
2026-06-11T09:14:08.828Z [league] classic vs cuadrilla · seed 51237 · arena #53 · classic 0W 15K dom -8.5 | cuadrilla 1W 47K dom 39.5
2026-06-11T09:14:39.866Z [league] classic vs orca · seed 51238 · arena #67 · classic 0W 17K dom -9.5 | orca 1W 51K dom 41.5
2026-06-11T09:15:09.203Z [league] classic vs neural · seed 51239 · arena #88 · classic 1W 29K dom 24.0 | neural 0W 8K dom -7.0
2026-06-11T09:15:41.545Z [league] classic vs angler · seed 51240 · arena #0 · classic 0W 16K dom -8.0 | angler 1W 48K dom 40.0
2026-06-11T09:16:12.449Z [league] classic vs disciple · seed 51241 · arena #5 · classic 1W 17K dom 14.0 | disciple 0W 3K dom -5.5
2026-06-11T09:16:37.222Z [league] pilot vs reaper · seed 51242 · arena #11 · pilot 1W 34K dom 18.5 | reaper 0W 30K dom 13.0
2026-06-11T09:17:06.184Z [league] pilot vs matador · seed 51243 · arena #19 · pilot 0W 40K dom 13.0 | matador 1W 53K dom 33.0
2026-06-11T09:17:36.179Z [league] pilot vs kestrel · seed 51244 · arena #23 · pilot 0W 32K dom 13.0 | kestrel 1W 37K dom 21.0
2026-06-11T09:18:08.677Z [league] pilot vs wolf · seed 51245 · arena #31 · pilot 0W 35K dom 12.0 | wolf 1W 46K dom 28.5
2026-06-11T09:18:39.034Z [league] pilot vs plover · seed 51246 · arena #41 · pilot 0W 31K dom 8.0 | plover 1W 46K dom 30.5
2026-06-11T09:19:07.746Z [league] pilot vs hydra · seed 51247 · arena #53 · pilot 0W 26K dom 10.5 | hydra 1W 31K dom 18.0
2026-06-11T09:19:37.698Z [league] pilot vs shrike · seed 51248 · arena #67 · pilot 0W 32K dom 8.0 | shrike 1W 48K dom 32.0
2026-06-11T09:20:08.197Z [league] pilot vs cuadrilla · seed 51249 · arena #88 · pilot 0W 17K dom 4.0 | cuadrilla 1W 26K dom 17.5
2026-06-11T09:20:38.255Z [league] pilot vs orca · seed 51250 · arena #0 · pilot 0W 25K dom 7.5 | orca 1W 33K dom 20.5
2026-06-11T09:21:10.430Z [league] pilot vs neural · seed 51251 · arena #5 · pilot 1W 38K dom 32.5 | neural 0W 10K dom -9.0
2026-06-11T09:21:31.811Z [league] pilot vs angler · seed 51252 · arena #11 · pilot 0W 25K dom 4.0 | angler 1W 42K dom 29.0
2026-06-11T09:22:09.221Z [league] pilot vs disciple · seed 51253 · arena #19 · pilot 1W 41K dom 38.0 | disciple 0W 6K dom -14.5
2026-06-11T09:22:38.910Z [league] reaper vs matador · seed 51254 · arena #23 · reaper 0W 22K dom 0.5 | matador 1W 43K dom 32.0
2026-06-11T09:23:07.048Z [league] reaper vs kestrel · seed 51255 · arena #31 · reaper 0W 30K dom 10.0 | kestrel 1W 40K dom 25.0
2026-06-11T09:23:37.627Z [league] reaper vs wolf · seed 51256 · arena #41 · reaper 0W 26K dom 1.5 | wolf 1W 49K dom 36.0
2026-06-11T09:24:08.167Z [league] reaper vs plover · seed 51257 · arena #53 · reaper 0W 26K dom 10.5 | plover 1W 31K dom 18.0
2026-06-11T09:24:38.492Z [league] reaper vs hydra · seed 51258 · arena #67 · reaper 0W 31K dom 11.0 | hydra 1W 40K dom 24.5
2026-06-11T09:25:13.115Z [league] reaper vs shrike · seed 51259 · arena #88 · reaper 0W 27K dom 6.5 | shrike 1W 40K dom 26.5
2026-06-11T09:25:37.336Z [league] reaper vs cuadrilla · seed 51260 · arena #0 · reaper 0W 14K dom 0.0 | cuadrilla 1W 28K dom 21.0
2026-06-11T09:26:07.668Z [league] reaper vs orca · seed 51261 · arena #5 · reaper 0W 30K dom 9.0 | orca 1W 42K dom 27.0
2026-06-11T09:26:37.709Z [league] reaper vs neural · seed 51262 · arena #11 · reaper 1W 31K dom 26.5 | neural 0W 8K dom -7.5
2026-06-11T09:27:07.632Z [league] reaper vs angler · seed 51263 · arena #19 · reaper 0W 20K dom 1.0 | angler 1W 38K dom 28.0
2026-06-11T09:27:39.329Z [league] reaper vs disciple · seed 51264 · arena #23 · reaper 1W 35K dom 32.0 | disciple 0W 5K dom -12.5
2026-06-11T09:28:10.257Z [league] matador vs kestrel · seed 51265 · arena #31 · matador 0W 30K dom 13.0 | kestrel 1W 33K dom 18.0
2026-06-11T09:28:37.182Z [league] matador vs wolf · seed 51266 · arena #41 · matador 0W 23K dom 5.0 | wolf 1W 34K dom 22.5
2026-06-11T09:29:08.113Z [league] matador vs plover · seed 51267 · arena #53 · matador 1W 46K dom 32.5 | plover 0W 25K dom 2.0
2026-06-11T09:29:35.961Z [league] matador vs hydra · seed 51268 · arena #67 · matador 1W 41K dom 22.5 | hydra 0W 37K dom 16.5
2026-06-11T09:30:07.205Z [league] matador vs shrike · seed 51269 · arena #88 · matador 0W 37K dom 16.5 | shrike 1W 41K dom 22.5
2026-06-11T09:30:38.098Z [league] matador vs cuadrilla · seed 51270 · arena #0 · matador 0W 38K dom 18.0 | cuadrilla 1W 40K dom 21.0
2026-06-11T09:31:07.280Z [league] matador vs orca · seed 51271 · arena #5 · matador 0W 34K dom 16.5 | orca 1W 35K dom 18.0
2026-06-11T09:31:37.744Z [league] matador vs neural · seed 51272 · arena #11 · matador 1W 56K dom 52.5 | neural 0W 7K dom -21.0
2026-06-11T09:32:07.338Z [league] matador vs angler · seed 51273 · arena #19 · matador 0W 25K dom 3.5 | angler 1W 43K dom 30.5
2026-06-11T09:32:36.908Z [league] matador vs disciple · seed 51274 · arena #23 · matador 1W 50K dom 48.5 | disciple 0W 2K dom -23.5
2026-06-11T09:33:09.679Z [league] kestrel vs wolf · seed 51275 · arena #31 · kestrel 0W 33K dom 10.5 | wolf 1W 45K dom 28.5
2026-06-11T09:33:41.397Z [league] kestrel vs plover · seed 51276 · arena #41 · kestrel 1W 40K dom 22.0 | plover 0W 36K dom 16.0
2026-06-11T09:34:09.793Z [league] kestrel vs hydra · seed 51277 · arena #53 · kestrel 0W 34K dom 14.0 | hydra 1W 40K dom 23.0
2026-06-11T09:34:37.286Z [league] kestrel vs shrike · seed 51278 · arena #67 · kestrel 0W 33K dom 12.0 | shrike 1W 42K dom 25.5
2026-06-11T09:35:07.880Z [league] kestrel vs cuadrilla · seed 51279 · arena #88 · kestrel 0W 33K dom 13.0 | cuadrilla 1W 40K dom 23.5
2026-06-11T09:35:37.732Z [league] kestrel vs orca · seed 51280 · arena #0 · kestrel 0W 26K dom 9.5 | orca 1W 33K dom 20.0
2026-06-11T09:35:59.939Z [league] kestrel vs neural · seed 51281 · arena #5 · kestrel 1W 33K dom 30.0 | neural 0W 5K dom -11.5
2026-06-11T09:36:37.981Z [league] kestrel vs angler · seed 51282 · arena #11 · kestrel 0W 34K dom 12.0 | angler 1W 44K dom 27.0
2026-06-11T09:37:09.479Z [league] kestrel vs disciple · seed 51283 · arena #19 · kestrel 1W 46K dom 44.5 | disciple 0W 3K dom -20.0
2026-06-11T09:37:38.757Z [league] wolf vs plover · seed 51284 · arena #23 · wolf 1W 33K dom 21.0 | plover 0W 24K dom 7.5
2026-06-11T09:38:06.542Z [league] wolf vs hydra · seed 51285 · arena #31 · wolf 1W 41K dom 22.0 | hydra 0W 38K dom 17.0
2026-06-11T09:38:37.220Z [league] wolf vs shrike · seed 51286 · arena #41 · wolf 0W 38K dom 19.0 | shrike 0W 38K dom 19.0
2026-06-11T09:39:08.130Z [league] wolf vs cuadrilla · seed 51287 · arena #53 · wolf 1W 38K dom 19.0 | cuadrilla 0W 37K dom 18.0
2026-06-11T09:39:38.835Z [league] wolf vs orca · seed 51288 · arena #67 · wolf 0W 37K dom 18.0 | orca 1W 37K dom 18.5
2026-06-11T09:40:09.674Z [league] wolf vs neural · seed 51289 · arena #88 · wolf 1W 50K dom 47.0 | neural 0W 6K dom -19.0
2026-06-11T09:40:39.907Z [league] wolf vs angler · seed 51290 · arena #0 · wolf 0W 39K dom 16.5 | angler 1W 45K dom 25.5
2026-06-11T09:41:08.146Z [league] wolf vs disciple · seed 51291 · arena #5 · wolf 1W 31K dom 30.5 | disciple 0W 1K dom -14.5
2026-06-11T09:41:39.356Z [league] plover vs hydra · seed 51292 · arena #11 · plover 1W 30K dom 19.0 | hydra 0W 22K dom 7.0
2026-06-11T09:42:13.614Z [league] plover vs shrike · seed 51293 · arena #19 · plover 0W 35K dom 14.5 | shrike 1W 41K dom 23.0
2026-06-11T09:42:41.117Z [league] plover vs cuadrilla · seed 51294 · arena #23 · plover 0W 31K dom 12.5 | cuadrilla 1W 37K dom 21.0
2026-06-11T09:43:11.671Z [league] plover vs orca · seed 51295 · arena #31 · plover 0W 31K dom 10.5 | orca 1W 41K dom 25.0
2026-06-11T09:43:38.717Z [league] plover vs neural · seed 51296 · arena #41 · plover 1W 48K dom 43.5 | neural 0W 9K dom -15.5
2026-06-11T09:44:08.072Z [league] plover vs angler · seed 51297 · arena #53 · plover 0W 31K dom 10.0 | angler 1W 42K dom 26.5
2026-06-11T09:44:38.739Z [league] plover vs disciple · seed 51298 · arena #67 · plover 1W 48K dom 46.5 | disciple 0W 3K dom -21.0
2026-06-11T09:45:08.994Z [league] hydra vs shrike · seed 51299 · arena #88 · hydra 1W 29K dom 14.5 | shrike 0W 28K dom 13.5
2026-06-11T09:45:39.864Z [league] hydra vs cuadrilla · seed 51300 · arena #0 · hydra 1W 29K dom 15.0 | cuadrilla 0W 27K dom 12.5
2026-06-11T09:46:13.704Z [league] hydra vs orca · seed 51301 · arena #5 · hydra 1W 43K dom 22.5 | orca 0W 41K dom 19.5
2026-06-11T09:46:38.757Z [league] hydra vs neural · seed 51302 · arena #11 · hydra 1W 54K dom 49.5 | neural 0W 9K dom -18.0
2026-06-11T09:47:08.227Z [league] hydra vs angler · seed 51303 · arena #19 · hydra 0W 31K dom 13.5 | angler 1W 35K dom 19.5
2026-06-11T09:47:39.416Z [league] hydra vs disciple · seed 51304 · arena #23 · hydra 1W 51K dom 49.0 | disciple 0W 4K dom -21.5
2026-06-11T09:48:10.744Z [league] shrike vs cuadrilla · seed 51305 · arena #31 · shrike 0W 40K dom 17.0 | cuadrilla 1W 46K dom 26.0
2026-06-11T09:48:45.150Z [league] shrike vs orca · seed 51306 · arena #41 · shrike 0W 36K dom 16.5 | orca 1W 39K dom 21.0
2026-06-11T09:49:10.431Z [league] shrike vs neural · seed 51307 · arena #53 · shrike 1W 45K dom 41.0 | neural 0W 7K dom -15.5
2026-06-11T09:49:38.478Z [league] shrike vs angler · seed 51308 · arena #67 · shrike 1W 39K dom 20.5 | angler 0W 36K dom 16.5
2026-06-11T09:50:08.611Z [league] shrike vs disciple · seed 51309 · arena #88 · shrike 1W 47K dom 44.5 | disciple 0W 5K dom -18.5
2026-06-11T09:50:41.048Z [league] cuadrilla vs orca · seed 51310 · arena #0 · cuadrilla 1W 27K dom 16.5 | orca 0W 20K dom 6.5
2026-06-11T09:51:10.788Z [league] cuadrilla vs neural · seed 51311 · arena #5 · cuadrilla 1W 45K dom 41.5 | neural 0W 7K dom -15.5
2026-06-11T09:51:39.331Z [league] cuadrilla vs angler · seed 51312 · arena #11 · cuadrilla 0W 38K dom 15.5 | angler 1W 45K dom 26.0
2026-06-11T09:52:10.513Z [league] cuadrilla vs disciple · seed 51313 · arena #19 · cuadrilla 1W 38K dom 36.0 | disciple 0W 4K dom -15.0
2026-06-11T09:52:39.058Z [league] orca vs neural · seed 51314 · arena #23 · orca 1W 54K dom 50.0 | neural 0W 8K dom -19.5
2026-06-11T09:53:10.703Z [league] orca vs angler · seed 51315 · arena #31 · orca 0W 38K dom 17.5 | angler 1W 41K dom 22.0
2026-06-11T09:53:39.085Z [league] orca vs disciple · seed 51316 · arena #41 · orca 1W 51K dom 49.5 | disciple 0W 3K dom -22.5
2026-06-11T09:54:10.486Z [league] neural vs angler · seed 51317 · arena #53 · neural 0W 5K dom -18.5 | angler 1W 47K dom 44.0
2026-06-11T09:54:40.034Z [league] neural vs disciple · seed 51318 · arena #67 · neural 1W 7K dom 4.0 | disciple 0W 6K dom 2.0
2026-06-11T09:55:11.456Z [league] angler vs disciple · seed 51319 · arena #88 · angler 1W 46K dom 44.0 | disciple 0W 4K dom -19.0
2026-06-11T09:55:33.809Z [league] new round-robin pass: 14 engines, 91 pairings
2026-06-11T09:55:39.211Z [league] datasets/ at 35.51 GB — OVER WARN THRESHOLD, consider archiving
2026-06-11T09:55:42.210Z [league] classic vs pilot · seed 51320 · arena #0 · classic 0W 13K dom -6.5 | pilot 1W 39K dom 31.0
2026-06-11T09:56:10.060Z [league] classic vs reaper · seed 51321 · arena #5 · classic 0W 24K dom 4.0 | reaper 1W 39K dom 27.0
2026-06-11T09:56:39.056Z [league] classic vs matador · seed 51322 · arena #11 · classic 0W 18K dom -7.5 | matador 1W 51K dom 41.0
2026-06-11T09:57:10.654Z [league] classic vs kestrel · seed 51323 · arena #19 · classic 0W 15K dom -10.5 | kestrel 1W 51K dom 43.5
2026-06-11T09:57:41.930Z [league] classic vs wolf · seed 51324 · arena #23 · classic 0W 12K dom -10.5 | wolf 1W 45K dom 39.0
2026-06-11T09:58:10.626Z [league] classic vs plover · seed 51325 · arena #31 · classic 0W 21K dom 1.0 | plover 1W 40K dom 29.5
2026-06-11T09:58:39.420Z [league] classic vs hydra · seed 51326 · arena #41 · classic 0W 19K dom 2.0 | hydra 1W 34K dom 24.0
2026-06-11T09:59:09.867Z [league] classic vs shrike · seed 51327 · arena #53 · classic 0W 17K dom -4.0 | shrike 1W 41K dom 32.5
2026-06-11T09:59:37.873Z [league] classic vs cuadrilla · seed 51328 · arena #67 · classic 0W 16K dom -3.0 | cuadrilla 1W 38K dom 30.0
2026-06-11T10:00:09.691Z [league] classic vs orca · seed 51329 · arena #88 · classic 0W 17K dom -7.0 | orca 1W 48K dom 39.5
2026-06-11T10:00:40.819Z [league] classic vs neural · seed 51330 · arena #0 · classic 1W 30K dom 20.5 | neural 0W 19K dom 4.0
2026-06-11T10:01:11.502Z [league] classic vs angler · seed 51331 · arena #5 · classic 0W 16K dom -10.5 | angler 1W 53K dom 44.5
2026-06-11T10:01:39.293Z [league] classic vs disciple · seed 51332 · arena #11 · classic 1W 30K dom 26.5 | disciple 0W 7K dom -8.0
2026-06-11T10:02:08.151Z [league] pilot vs reaper · seed 51333 · arena #19 · pilot 1W 32K dom 17.0 | reaper 0W 30K dom 13.5
2026-06-11T10:02:37.192Z [league] pilot vs matador · seed 51334 · arena #23 · pilot 0W 34K dom 11.5 | matador 1W 45K dom 28.0
2026-06-11T10:03:06.762Z [league] pilot vs kestrel · seed 51335 · arena #31 · pilot 0W 28K dom 13.0 | kestrel 1W 30K dom 16.0
2026-06-11T10:03:37.797Z [league] pilot vs wolf · seed 51336 · arena #41 · pilot 0W 35K dom 10.5 | wolf 1W 49K dom 31.5
2026-06-11T10:04:09.734Z [league] pilot vs plover · seed 51337 · arena #53 · pilot 0W 25K dom 10.0 | plover 1W 30K dom 17.5
2026-06-11T10:04:38.378Z [league] pilot vs hydra · seed 51338 · arena #67 · pilot 0W 22K dom 10.0 | hydra 1W 24K dom 13.0
2026-06-11T10:05:08.276Z [league] pilot vs shrike · seed 51339 · arena #88 · pilot 0W 24K dom 3.0 | shrike 1W 41K dom 29.0
2026-06-11T10:05:32.432Z [league] pilot vs cuadrilla · seed 51340 · arena #0 · pilot 0W 28K dom 10.0 | cuadrilla 1W 36K dom 22.0
2026-06-11T10:06:10.253Z [league] pilot vs orca · seed 51341 · arena #5 · pilot 0W 25K dom 2.5 | orca 1W 45K dom 32.5
2026-06-11T10:06:38.115Z [league] pilot vs neural · seed 51342 · arena #11 · pilot 1W 39K dom 32.5 | neural 0W 13K dom -7.0
2026-06-11T10:07:10.660Z [league] pilot vs angler · seed 51343 · arena #19 · pilot 0W 27K dom 7.0 | angler 1W 39K dom 25.0
2026-06-11T10:07:38.651Z [league] pilot vs disciple · seed 51344 · arena #23 · pilot 1W 40K dom 38.0 | disciple 0W 4K dom -16.0
2026-06-11T10:08:06.922Z [league] reaper vs matador · seed 51345 · arena #31 · reaper 1W 34K dom 17.5 | matador 0W 33K dom 16.0
2026-06-11T10:08:38.443Z [league] reaper vs kestrel · seed 51346 · arena #41 · reaper 0W 24K dom 6.5 | kestrel 1W 35K dom 23.0
2026-06-11T10:09:07.361Z [league] reaper vs wolf · seed 51347 · arena #53 · reaper 0W 24K dom 3.0 | wolf 1W 42K dom 30.0
2026-06-11T10:09:43.041Z [league] reaper vs plover · seed 51348 · arena #67 · reaper 0W 21K dom 5.5 | plover 1W 31K dom 20.5
2026-06-11T10:10:13.806Z [league] reaper vs hydra · seed 51349 · arena #88 · reaper 0W 24K dom 6.5 | hydra 1W 33K dom 21.0
2026-06-11T10:10:34.386Z [league] reaper vs shrike · seed 51350 · arena #0 · reaper 0W 27K dom 6.5 | shrike 1W 41K dom 27.5
2026-06-11T10:11:10.377Z [league] reaper vs cuadrilla · seed 51351 · arena #5 · reaper 0W 16K dom 1.0 | cuadrilla 1W 29K dom 21.0
2026-06-11T10:11:38.749Z [league] reaper vs orca · seed 51352 · arena #11 · reaper 0W 17K dom -1.5 | orca 1W 37K dom 28.0
2026-06-11T10:12:10.749Z [league] reaper vs neural · seed 51353 · arena #19 · reaper 1W 39K dom 33.5 | neural 0W 9K dom -10.5
2026-06-11T10:12:39.943Z [league] reaper vs angler · seed 51354 · arena #23 · reaper 0W 21K dom 3.5 | angler 1W 35K dom 24.5
2026-06-11T10:13:09.371Z [league] reaper vs disciple · seed 51355 · arena #31 · reaper 1W 35K dom 32.5 | disciple 0W 5K dom -13.0
2026-06-11T10:13:38.418Z [league] matador vs kestrel · seed 51356 · arena #41 · matador 1W 37K dom 22.5 | kestrel 0W 29K dom 10.5
2026-06-11T10:14:06.396Z [league] matador vs wolf · seed 51357 · arena #53 · matador 1W 46K dom 23.5 | wolf 0W 45K dom 22.0
2026-06-11T10:14:37.322Z [league] matador vs plover · seed 51358 · arena #67 · matador 1W 42K dom 28.0 | plover 0W 27K dom 6.0
2026-06-11T10:15:05.064Z [league] matador vs hydra · seed 51359 · arena #88 · matador 1W 43K dom 22.5 | hydra 0W 39K dom 17.5
2026-06-11T10:15:39.672Z [league] matador vs shrike · seed 51360 · arena #0 · matador 1W 41K dom 21.0 | shrike 0W 39K dom 18.5
2026-06-11T10:16:10.073Z [league] matador vs cuadrilla · seed 51361 · arena #5 · matador 0W 23K dom 7.5 | cuadrilla 1W 31K dom 19.5
2026-06-11T10:16:37.078Z [league] matador vs orca · seed 51362 · arena #11 · matador 1W 38K dom 19.0 | orca 0W 37K dom 18.0
2026-06-11T10:17:04.856Z [league] matador vs neural · seed 51363 · arena #19 · matador 1W 39K dom 36.5 | neural 0W 4K dom -16.5
2026-06-11T10:17:40.445Z [league] matador vs angler · seed 51364 · arena #23 · matador 0W 32K dom 13.5 | angler 1W 37K dom 21.0
2026-06-11T10:18:06.815Z [league] matador vs disciple · seed 51365 · arena #31 · matador 1W 54K dom 52.0 | disciple 0W 4K dom -23.0
2026-06-11T10:18:35.967Z [league] kestrel vs wolf · seed 51366 · arena #41 · kestrel 0W 30K dom 9.0 | wolf 1W 42K dom 27.0
2026-06-11T10:19:08.154Z [league] kestrel vs plover · seed 51367 · arena #53 · kestrel 0W 36K dom 18.0 | plover 0W 36K dom 18.0
2026-06-11T10:19:32.788Z [league] kestrel vs hydra · seed 51368 · arena #67 · kestrel 1W 43K dom 23.5 | hydra 0W 39K dom 17.0
2026-06-11T10:20:08.680Z [league] kestrel vs shrike · seed 51369 · arena #88 · kestrel 0W 26K dom 8.5 | shrike 1W 35K dom 21.5
2026-06-11T10:20:36.388Z [league] kestrel vs cuadrilla · seed 51370 · arena #0 · kestrel 0W 23K dom 6.0 | cuadrilla 1W 34K dom 22.5
2026-06-11T10:21:11.074Z [league] kestrel vs orca · seed 51371 · arena #5 · kestrel 0W 23K dom 5.5 | orca 1W 35K dom 23.5
2026-06-11T10:21:39.607Z [league] kestrel vs neural · seed 51372 · arena #11 · kestrel 1W 38K dom 33.5 | neural 0W 8K dom -11.0
2026-06-11T10:22:10.989Z [league] kestrel vs angler · seed 51373 · arena #19 · kestrel 0W 27K dom 6.0 | angler 1W 42K dom 28.5
2026-06-11T10:22:36.945Z [league] kestrel vs disciple · seed 51374 · arena #23 · kestrel 1W 51K dom 50.0 | disciple 0W 2K dom -24.0
2026-06-11T10:23:09.261Z [league] wolf vs plover · seed 51375 · arena #31 · wolf 1W 39K dom 22.0 | plover 0W 34K dom 14.5
2026-06-11T10:23:37.963Z [league] wolf vs hydra · seed 51376 · arena #41 · wolf 1W 40K dom 23.0 | hydra 0W 34K dom 14.0
2026-06-11T10:24:00.645Z [league] wolf vs shrike · seed 51377 · arena #53 · wolf 1W 36K dom 18.5 | shrike 0W 35K dom 17.0
2026-06-11T10:24:29.665Z [league] wolf vs cuadrilla · seed 51378 · arena #67 · wolf 0W 37K dom 17.5 | cuadrilla 1W 39K dom 20.5
2026-06-11T10:24:59.655Z [league] wolf vs orca · seed 51379 · arena #88 · wolf 1W 37K dom 18.5 | orca 0W 36K dom 17.5
2026-06-11T10:25:29.734Z [league] wolf vs neural · seed 51380 · arena #0 · wolf 1W 46K dom 42.0 | neural 0W 8K dom -15.0
2026-06-11T10:25:58.915Z [league] wolf vs angler · seed 51381 · arena #5 · wolf 0W 39K dom 17.0 | angler 1W 44K dom 24.5
2026-06-11T10:26:28.939Z [league] wolf vs disciple · seed 51382 · arena #11 · wolf 1W 55K dom 53.0 | disciple 0W 3K dom -24.5
2026-06-11T10:26:59.105Z [league] plover vs hydra · seed 51383 · arena #19 · plover 0W 28K dom 11.0 | hydra 1W 34K dom 20.0
2026-06-11T10:27:29.359Z [league] plover vs shrike · seed 51384 · arena #23 · plover 0W 25K dom 7.0 | shrike 1W 35K dom 22.0
2026-06-11T10:27:59.288Z [league] plover vs cuadrilla · seed 51385 · arena #31 · plover 0W 29K dom 11.0 | cuadrilla 1W 36K dom 21.5
2026-06-11T10:28:29.513Z [league] plover vs orca · seed 51386 · arena #41 · plover 0W 37K dom 18.0 | orca 1W 37K dom 18.5
2026-06-11T10:28:59.017Z [league] plover vs neural · seed 51387 · arena #53 · plover 1W 40K dom 37.0 | neural 0W 6K dom -14.0
2026-06-11T10:29:29.022Z [league] plover vs angler · seed 51388 · arena #67 · plover 0W 26K dom 6.5 | angler 1W 39K dom 26.0
2026-06-11T10:29:59.093Z [league] plover vs disciple · seed 51389 · arena #88 · plover 1W 48K dom 45.0 | disciple 0W 5K dom -19.0
2026-06-11T10:30:29.491Z [league] hydra vs shrike · seed 51390 · arena #0 · hydra 0W 27K dom 13.5 | shrike 0W 27K dom 13.5
2026-06-11T10:30:59.347Z [league] hydra vs cuadrilla · seed 51391 · arena #5 · hydra 0W 32K dom 13.0 | cuadrilla 1W 38K dom 22.0
2026-06-11T10:31:29.435Z [league] hydra vs orca · seed 51392 · arena #11 · hydra 0W 34K dom 15.0 | orca 1W 38K dom 21.0
2026-06-11T10:31:59.066Z [league] hydra vs neural · seed 51393 · arena #19 · hydra 1W 36K dom 34.5 | neural 0W 3K dom -15.0
2026-06-11T10:32:29.062Z [league] hydra vs angler · seed 51394 · arena #23 · hydra 0W 35K dom 10.0 | angler 1W 50K dom 32.5
2026-06-11T10:32:59.177Z [league] hydra vs disciple · seed 51395 · arena #31 · hydra 1W 37K dom 35.5 | disciple 0W 3K dom -15.5
2026-06-11T10:33:29.354Z [league] shrike vs cuadrilla · seed 51396 · arena #41 · shrike 1W 31K dom 16.0 | cuadrilla 0W 30K dom 14.5
2026-06-11T10:33:59.638Z [league] shrike vs orca · seed 51397 · arena #53 · shrike 1W 37K dom 20.0 | orca 0W 34K dom 15.5
2026-06-11T10:34:29.137Z [league] shrike vs neural · seed 51398 · arena #67 · shrike 1W 48K dom 44.0 | neural 0W 8K dom -16.5
2026-06-11T10:34:59.136Z [league] shrike vs angler · seed 51399 · arena #88 · shrike 0W 32K dom 11.0 | angler 1W 42K dom 26.0
2026-06-11T10:35:29.098Z [league] shrike vs disciple · seed 51400 · arena #0 · shrike 1W 52K dom 51.0 | disciple 0W 2K dom -24.0
2026-06-11T10:35:59.302Z [league] cuadrilla vs orca · seed 51401 · arena #5 · cuadrilla 1W 37K dom 21.5 | orca 0W 31K dom 12.5
2026-06-11T10:36:29.112Z [league] cuadrilla vs neural · seed 51402 · arena #11 · cuadrilla 1W 46K dom 43.0 | neural 0W 6K dom -17.0
2026-06-11T10:36:59.402Z [league] cuadrilla vs angler · seed 51403 · arena #19 · cuadrilla 0W 28K dom 11.0 | angler 1W 34K dom 20.0
2026-06-11T10:37:29.448Z [league] cuadrilla vs disciple · seed 51404 · arena #23 · cuadrilla 1W 24K dom 21.5 | disciple 0W 5K dom -7.0
2026-06-11T10:37:59.222Z [league] orca vs neural · seed 51405 · arena #31 · orca 1W 47K dom 42.5 | neural 0W 9K dom -14.5
2026-06-11T10:38:29.210Z [league] orca vs angler · seed 51406 · arena #41 · orca 0W 30K dom 7.0 | angler 1W 46K dom 31.0
2026-06-11T10:38:59.290Z [league] orca vs disciple · seed 51407 · arena #53 · orca 1W 54K dom 52.5 | disciple 0W 3K dom -24.0
2026-06-11T10:39:29.413Z [league] neural vs angler · seed 51408 · arena #67 · neural 0W 6K dom -24.0 | angler 1W 60K dom 56.5
2026-06-11T10:39:59.498Z [league] neural vs disciple · seed 51409 · arena #88 · neural 1W 6K dom 4.0 | disciple 0W 4K dom 0.0
2026-06-11T10:40:29.136Z [league] angler vs disciple · seed 51410 · arena #0 · angler 1W 55K dom 55.0 | disciple 0W 0K dom -27.5
2026-06-11T10:40:58.395Z [league] new round-robin pass: 14 engines, 91 pairings
2026-06-11T10:40:59.079Z [league] datasets/ at 35.58 GB — OVER WARN THRESHOLD, consider archiving
2026-06-11T10:41:00.498Z [league] classic vs pilot · seed 51411 · arena #5 · classic 0W 18K dom 4.0 | pilot 1W 27K dom 16.0
2026-06-11T10:41:28.982Z [league] classic vs reaper · seed 51412 · arena #11 · classic 0W 24K dom 6.5 | reaper 1W 34K dom 20.5
2026-06-11T10:41:59.040Z [league] classic vs matador · seed 51413 · arena #19 · classic 0W 17K dom -5.5 | matador 1W 45K dom 34.5
2026-06-11T10:42:29.400Z [league] classic vs kestrel · seed 51414 · arena #23 · classic 0W 18K dom -4.0 | kestrel 1W 44K dom 34.5
2026-06-11T10:42:59.371Z [league] classic vs wolf · seed 51415 · arena #31 · classic 0W 17K dom -8.0 | wolf 1W 50K dom 41.5
2026-06-11T10:43:29.088Z [league] classic vs plover · seed 51416 · arena #41 · classic 0W 18K dom -8.0 | plover 1W 52K dom 43.0
2026-06-11T10:43:59.109Z [league] classic vs hydra · seed 51417 · arena #53 · classic 0W 16K dom -7.0 | hydra 1W 46K dom 38.0
2026-06-11T10:44:29.083Z [league] classic vs shrike · seed 51418 · arena #67 · classic 0W 15K dom -12.0 | shrike 1W 54K dom 46.0
2026-06-11T10:44:59.245Z [league] classic vs cuadrilla · seed 51419 · arena #88 · classic 0W 7K dom -10.0 | cuadrilla 1W 34K dom 30.5
2026-06-11T10:45:29.364Z [league] classic vs orca · seed 51420 · arena #0 · classic 0W 16K dom -10.0 | orca 1W 51K dom 43.0
2026-06-11T10:45:59.580Z [league] classic vs neural · seed 51421 · arena #5 · classic 1W 25K dom 17.5 | neural 0W 15K dom 1.0
2026-06-11T10:46:29.071Z [league] classic vs angler · seed 51422 · arena #11 · classic 0W 19K dom -4.0 | angler 1W 46K dom 36.0
2026-06-11T10:46:59.273Z [league] classic vs disciple · seed 51423 · arena #19 · classic 1W 34K dom 29.0 | disciple 0W 10K dom -7.0
2026-06-11T10:47:28.961Z [league] pilot vs reaper · seed 51424 · arena #23 · pilot 1W 35K dom 21.0 | reaper 0W 28K dom 10.5
2026-06-11T10:47:59.126Z [league] pilot vs matador · seed 51425 · arena #31 · pilot 0W 33K dom 10.5 | matador 1W 45K dom 28.5
2026-06-11T10:48:29.234Z [league] pilot vs kestrel · seed 51426 · arena #41 · pilot 0W 30K dom 13.0 | kestrel 1W 34K dom 19.0
2026-06-11T10:48:59.647Z [league] pilot vs wolf · seed 51427 · arena #53 · pilot 0W 29K dom 7.0 | wolf 1W 44K dom 29.0
2026-06-11T10:49:29.105Z [league] pilot vs plover · seed 51428 · arena #67 · pilot 0W 29K dom 11.0 | plover 1W 35K dom 20.5
2026-06-11T10:49:59.109Z [league] pilot vs hydra · seed 51429 · arena #88 · pilot 0W 26K dom 11.5 | hydra 1W 29K dom 15.5
2026-06-11T10:50:29.134Z [league] pilot vs shrike · seed 51430 · arena #0 · pilot 0W 21K dom 4.0 | shrike 1W 33K dom 21.0
2026-06-11T10:50:59.247Z [league] pilot vs cuadrilla · seed 51431 · arena #5 · pilot 0W 29K dom 4.5 | cuadrilla 1W 49K dom 34.5
2026-06-11T10:51:29.693Z [league] pilot vs orca · seed 51432 · arena #11 · pilot 0W 21K dom 6.0 | orca 1W 30K dom 19.5
2026-06-11T10:51:59.686Z [league] pilot vs neural · seed 51433 · arena #19 · pilot 1W 36K dom 30.0 | neural 0W 9K dom -9.0
2026-06-11T10:52:29.116Z [league] pilot vs angler · seed 51434 · arena #23 · pilot 0W 30K dom 7.0 | angler 1W 46K dom 31.0
2026-06-11T10:52:59.127Z [league] pilot vs disciple · seed 51435 · arena #31 · pilot 1W 43K dom 40.5 | disciple 0W 4K dom -17.5
2026-06-11T10:53:29.049Z [league] reaper vs matador · seed 51436 · arena #41 · reaper 0W 26K dom 4.5 | matador 1W 43K dom 29.5
2026-06-11T10:53:59.361Z [league] reaper vs kestrel · seed 51437 · arena #53 · reaper 0W 25K dom 8.0 | kestrel 1W 34K dom 21.5
2026-06-11T10:54:29.302Z [league] reaper vs wolf · seed 51438 · arena #67 · reaper 0W 19K dom 2.0 | wolf 1W 31K dom 21.5
2026-06-11T10:54:59.726Z [league] reaper vs plover · seed 51439 · arena #88 · reaper 0W 29K dom 8.5 | plover 1W 41K dom 26.5
2026-06-11T10:55:29.191Z [league] reaper vs hydra · seed 51440 · arena #0 · reaper 0W 27K dom 10.5 | hydra 1W 33K dom 19.5
2026-06-11T10:55:59.127Z [league] reaper vs shrike · seed 51441 · arena #5 · reaper 0W 27K dom 7.5 | shrike 1W 39K dom 25.5
2026-06-11T10:56:29.115Z [league] reaper vs cuadrilla · seed 51442 · arena #11 · reaper 0W 19K dom 1.0 | cuadrilla 1W 36K dom 26.5
2026-06-11T10:56:59.471Z [league] reaper vs orca · seed 51443 · arena #19 · reaper 0W 22K dom 2.5 | orca 1W 38K dom 27.0
2026-06-11T10:57:29.370Z [league] reaper vs neural · seed 51444 · arena #23 · reaper 1W 33K dom 27.0 | neural 0W 10K dom -6.5
2026-06-11T10:57:59.427Z [league] reaper vs angler · seed 51445 · arena #31 · reaper 0W 17K dom -2.5 | angler 1W 37K dom 28.0
2026-06-11T10:58:29.195Z [league] reaper vs disciple · seed 51446 · arena #41 · reaper 1W 41K dom 38.0 | disciple 0W 6K dom -14.5
2026-06-11T10:58:59.079Z [league] matador vs kestrel · seed 51447 · arena #53 · matador 1W 31K dom 17.5 | kestrel 0W 25K dom 9.5
2026-06-11T10:59:29.053Z [league] matador vs wolf · seed 51448 · arena #67 · matador 0W 27K dom 9.0 | wolf 1W 36K dom 22.5
2026-06-11T10:59:59.306Z [league] matador vs plover · seed 51449 · arena #88 · matador 1W 42K dom 25.5 | plover 0W 33K dom 12.0
2026-06-11T11:00:29.292Z [league] matador vs hydra · seed 51450 · arena #0 · matador 1W 43K dom 23.5 | hydra 0W 39K dom 17.0
2026-06-11T11:00:59.450Z [league] matador vs shrike · seed 51451 · arena #5 · matador 1W 40K dom 21.0 | shrike 0W 38K dom 18.0
2026-06-11T11:01:29.163Z [league] matador vs cuadrilla · seed 51452 · arena #11 · matador 1W 40K dom 21.0 | cuadrilla 0W 38K dom 18.0
2026-06-11T11:01:59.317Z [league] matador vs orca · seed 51453 · arena #19 · matador 1W 29K dom 15.5 | orca 0W 27K dom 12.5
2026-06-11T11:02:29.243Z [league] matador vs neural · seed 51454 · arena #23 · matador 1W 57K dom 50.0 | neural 0W 13K dom -16.0
2026-06-11T11:03:01.255Z [league] matador vs angler · seed 51455 · arena #31 · matador 0W 33K dom 12.5 | angler 1W 40K dom 23.5
2026-06-11T11:03:29.910Z [league] matador vs disciple · seed 51456 · arena #41 · matador 1W 58K dom 56.0 | disciple 0W 4K dom -25.0
2026-06-11T11:03:59.182Z [league] kestrel vs wolf · seed 51457 · arena #53 · kestrel 0W 30K dom 14.0 | wolf 1W 32K dom 17.0
2026-06-11T11:04:29.207Z [league] kestrel vs plover · seed 51458 · arena #67 · kestrel 1W 34K dom 19.5 | plover 0W 29K dom 12.0
2026-06-11T11:04:59.119Z [league] kestrel vs hydra · seed 51459 · arena #88 · kestrel 1W 34K dom 18.0 | hydra 0W 32K dom 15.0
2026-06-11T11:05:29.200Z [league] kestrel vs shrike · seed 51460 · arena #0 · kestrel 0W 28K dom 11.5 | shrike 1W 33K dom 18.5
2026-06-11T11:05:59.179Z [league] kestrel vs cuadrilla · seed 51461 · arena #5 · kestrel 0W 28K dom 9.5 | cuadrilla 1W 37K dom 23.0
2026-06-11T11:06:29.366Z [league] kestrel vs orca · seed 51462 · arena #11 · kestrel 0W 31K dom 11.5 | orca 1W 39K dom 23.5
2026-06-11T11:06:59.204Z [league] kestrel vs neural · seed 51463 · arena #19 · kestrel 1W 41K dom 37.5 | neural 0W 7K dom -14.0
2026-06-11T11:07:29.172Z [league] kestrel vs angler · seed 51464 · arena #23 · kestrel 0W 30K dom 8.0 | angler 1W 44K dom 29.0
2026-06-11T11:07:59.253Z [league] kestrel vs disciple · seed 51465 · arena #31 · kestrel 1W 26K dom 23.5 | disciple 0W 3K dom -10.0
2026-06-11T11:08:29.104Z [league] wolf vs plover · seed 51466 · arena #41 · wolf 1W 41K dom 29.5 | plover 0W 23K dom 2.5
2026-06-11T11:08:59.151Z [league] wolf vs hydra · seed 51467 · arena #53 · wolf 1W 32K dom 16.5 | hydra 0W 31K dom 15.0
2026-06-11T11:09:29.317Z [league] wolf vs shrike · seed 51468 · arena #67 · wolf 0W 34K dom 15.0 | shrike 1W 38K dom 21.0
2026-06-11T11:09:59.449Z [league] wolf vs cuadrilla · seed 51469 · arena #88 · wolf 0W 38K dom 17.0 | cuadrilla 1W 42K dom 23.0
2026-06-11T11:10:29.241Z [league] wolf vs orca · seed 51470 · arena #0 · wolf 1W 46K dom 28.0 | orca 0W 36K dom 13.0
2026-06-11T11:10:59.095Z [league] wolf vs neural · seed 51471 · arena #5 · wolf 1W 49K dom 45.0 | neural 0W 8K dom -16.5
2026-06-11T11:11:29.147Z [league] wolf vs angler · seed 51472 · arena #11 · wolf 0W 37K dom 17.0 | angler 1W 40K dom 21.5
2026-06-11T11:11:59.421Z [league] wolf vs disciple · seed 51473 · arena #19 · wolf 1W 43K dom 41.5 | disciple 0W 2K dom -19.5
2026-06-11T11:12:29.766Z [league] plover vs hydra · seed 51474 · arena #23 · plover 0W 32K dom 12.0 | hydra 1W 40K dom 24.0
2026-06-11T11:12:59.254Z [league] plover vs shrike · seed 51475 · arena #31 · plover 0W 28K dom 12.0 | shrike 1W 32K dom 18.0
2026-06-11T11:13:29.215Z [league] plover vs cuadrilla · seed 51476 · arena #41 · plover 0W 20K dom 8.0 | cuadrilla 1W 24K dom 14.0
2026-06-11T11:13:59.434Z [league] plover vs orca · seed 51477 · arena #53 · plover 0W 26K dom 10.0 | orca 1W 32K dom 19.0
2026-06-11T11:14:29.353Z [league] plover vs neural · seed 51478 · arena #67 · plover 1W 53K dom 48.0 | neural 0W 10K dom -16.5
2026-06-11T11:14:59.805Z [league] plover vs angler · seed 51479 · arena #88 · plover 0W 29K dom 10.0 | angler 1W 38K dom 23.5
2026-06-11T11:15:29.348Z [league] plover vs disciple · seed 51480 · arena #0 · plover 1W 42K dom 40.5 | disciple 0W 3K dom -18.0
2026-06-11T11:15:59.308Z [league] hydra vs shrike · seed 51481 · arena #5 · hydra 0W 35K dom 16.5 | shrike 1W 36K dom 18.5
2026-06-11T11:16:29.295Z [league] hydra vs cuadrilla · seed 51482 · arena #11 · hydra 0W 35K dom 13.5 | cuadrilla 1W 43K dom 25.5
2026-06-11T11:16:59.763Z [league] hydra vs orca · seed 51483 · arena #19 · hydra 0W 31K dom 12.0 | orca 1W 38K dom 22.5
2026-06-11T11:17:29.608Z [league] hydra vs neural · seed 51484 · arena #23 · hydra 1W 38K dom 33.5 | neural 0W 9K dom -10.5
2026-06-11T11:17:59.332Z [league] hydra vs angler · seed 51485 · arena #31 · hydra 0W 29K dom 7.0 | angler 1W 44K dom 29.5
2026-06-11T11:18:29.313Z [league] hydra vs disciple · seed 51486 · arena #41 · hydra 1W 56K dom 54.5 | disciple 0W 3K dom -25.0
2026-06-11T11:18:59.297Z [league] shrike vs cuadrilla · seed 51487 · arena #53 · shrike 0W 32K dom 14.0 | cuadrilla 1W 36K dom 20.0
2026-06-11T11:19:29.975Z [league] shrike vs orca · seed 51488 · arena #67 · shrike 1W 36K dom 20.0 | orca 0W 31K dom 13.0
2026-06-11T11:19:59.766Z [league] shrike vs neural · seed 51489 · arena #88 · shrike 1W 47K dom 44.0 | neural 0W 6K dom -18.0
2026-06-11T11:20:29.350Z [league] shrike vs angler · seed 51490 · arena #0 · shrike 0W 33K dom 11.0 | angler 1W 44K dom 27.0
2026-06-11T11:20:59.482Z [league] shrike vs disciple · seed 51491 · arena #5 · shrike 1W 43K dom 42.0 | disciple 0W 2K dom -19.5
2026-06-11T11:21:29.532Z [league] cuadrilla vs orca · seed 51492 · arena #11 · cuadrilla 1W 25K dom 13.5 | orca 0W 23K dom 10.5
2026-06-11T11:21:59.750Z [league] cuadrilla vs neural · seed 51493 · arena #19 · cuadrilla 1W 43K dom 41.0 | neural 0W 4K dom -17.5
2026-06-11T11:22:29.968Z [league] cuadrilla vs angler · seed 51494 · arena #23 · cuadrilla 0W 28K dom 13.5 | angler 1W 29K dom 15.0
2026-06-11T11:22:59.535Z [league] cuadrilla vs disciple · seed 51495 · arena #31 · cuadrilla 1W 46K dom 44.0 | disciple 0W 4K dom -19.0
2026-06-11T11:23:29.562Z [league] orca vs neural · seed 51496 · arena #41 · orca 1W 50K dom 45.0 | neural 0W 10K dom -15.0
2026-06-11T11:23:59.422Z [league] orca vs angler · seed 51497 · arena #53 · orca 0W 37K dom 13.5 | angler 1W 47K dom 28.0
2026-06-11T11:24:30.199Z [league] orca vs disciple · seed 51498 · arena #67 · orca 1W 39K dom 37.0 | disciple 0W 4K dom -15.5
2026-06-11T11:25:00.009Z [league] neural vs angler · seed 51499 · arena #88 · neural 0W 7K dom -13.5 | angler 1W 40K dom 36.0
2026-06-11T11:25:29.577Z [league] neural vs disciple · seed 51500 · arena #0 · neural 1W 7K dom 3.0 | disciple 0W 6K dom 2.5
2026-06-11T11:25:59.538Z [league] angler vs disciple · seed 51501 · arena #5 · angler 1W 32K dom 31.5 | disciple 0W 1K dom -15.0
2026-06-11T11:26:28.611Z [league] new round-robin pass: 14 engines, 91 pairings
2026-06-11T11:26:29.994Z [league] datasets/ at 35.66 GB — OVER WARN THRESHOLD, consider archiving
2026-06-11T11:26:31.455Z [league] classic vs pilot · seed 51502 · arena #11 · classic 0W 15K dom -2.5 | pilot 1W 35K dom 27.5
2026-06-11T11:26:59.226Z [league] classic vs reaper · seed 51503 · arena #19 · classic 0W 26K dom 6.0 | reaper 1W 40K dom 27.0
2026-06-11T11:27:30.050Z [league] classic vs matador · seed 51504 · arena #23 · classic 0W 21K dom -1.5 | matador 1W 45K dom 34.0
2026-06-11T11:28:00.202Z [league] classic vs kestrel · seed 51505 · arena #31 · classic 0W 17K dom -7.5 | kestrel 1W 48K dom 39.5
2026-06-11T11:28:29.237Z [league] classic vs wolf · seed 51506 · arena #41 · classic 0W 18K dom -9.5 | wolf 1W 55K dom 46.0
2026-06-11T11:28:59.355Z [league] classic vs plover · seed 51507 · arena #53 · classic 0W 19K dom -5.0 | plover 1W 48K dom 38.5
2026-06-11T11:29:29.263Z [league] classic vs hydra · seed 51508 · arena #67 · classic 0W 20K dom -7.0 | hydra 1W 54K dom 44.0
2026-06-11T11:29:59.937Z [league] classic vs shrike · seed 51509 · arena #88 · classic 0W 12K dom -7.5 | shrike 1W 39K dom 32.5
2026-06-11T11:30:30.644Z [league] classic vs cuadrilla · seed 51510 · arena #0 · classic 0W 14K dom -3.5 | cuadrilla 1W 35K dom 27.5
2026-06-11T11:30:59.548Z [league] classic vs orca · seed 51511 · arena #5 · classic 0W 19K dom -5.0 | orca 1W 48K dom 38.5
2026-06-11T11:31:29.391Z [league] classic vs neural · seed 51512 · arena #11 · classic 1W 21K dom 17.0 | neural 0W 8K dom -2.5
2026-06-11T11:31:59.373Z [league] classic vs angler · seed 51513 · arena #19 · classic 0W 16K dom -8.5 | angler 1W 49K dom 40.0
2026-06-11T11:32:29.441Z [league] classic vs disciple · seed 51514 · arena #23 · classic 1W 29K dom 25.0 | disciple 0W 8K dom -7.0
2026-06-11T11:32:59.623Z [league] pilot vs reaper · seed 51515 · arena #31 · pilot 1W 34K dom 17.5 | reaper 0W 32K dom 15.0
2026-06-11T11:33:30.155Z [league] pilot vs matador · seed 51516 · arena #41 · pilot 0W 32K dom 8.0 | matador 1W 48K dom 32.0
2026-06-11T11:33:59.225Z [league] pilot vs kestrel · seed 51517 · arena #53 · pilot 0W 27K dom 8.0 | kestrel 1W 38K dom 24.5
2026-06-11T11:34:29.277Z [league] pilot vs wolf · seed 51518 · arena #67 · pilot 0W 23K dom 5.5 | wolf 1W 34K dom 22.0
2026-06-11T11:34:59.308Z [league] pilot vs plover · seed 51519 · arena #88 · pilot 0W 38K dom 17.5 | plover 1W 41K dom 22.0
2026-06-11T11:35:29.272Z [league] pilot vs hydra · seed 51520 · arena #0 · pilot 0W 30K dom 9.0 | hydra 1W 42K dom 27.0
2026-06-11T11:35:59.780Z [league] pilot vs shrike · seed 51521 · arena #5 · pilot 0W 35K dom 14.0 | shrike 1W 42K dom 24.5
2026-06-11T11:36:30.197Z [league] pilot vs cuadrilla · seed 51522 · arena #11 · pilot 0W 29K dom 7.5 | cuadrilla 1W 43K dom 28.5
2026-06-11T11:36:59.590Z [league] pilot vs orca · seed 51523 · arena #19 · pilot 0W 26K dom 10.0 | orca 1W 32K dom 19.0
2026-06-11T11:37:29.345Z [league] pilot vs neural · seed 51524 · arena #23 · pilot 1W 38K dom 33.0 | neural 0W 10K dom -9.5
2026-06-11T11:37:59.367Z [league] pilot vs angler · seed 51525 · arena #31 · pilot 0W 25K dom 4.5 | angler 1W 39K dom 26.5
2026-06-11T11:38:29.411Z [league] pilot vs disciple · seed 51526 · arena #41 · pilot 1W 28K dom 26.5 | disciple 0W 3K dom -11.5
2026-06-11T11:38:59.685Z [league] reaper vs matador · seed 51527 · arena #53 · reaper 0W 26K dom 2.5 | matador 1W 47K dom 33.5
2026-06-11T11:39:30.193Z [league] reaper vs kestrel · seed 51528 · arena #67 · reaper 0W 32K dom 15.0 | kestrel 1W 34K dom 17.5
2026-06-11T11:39:59.238Z [league] reaper vs wolf · seed 51529 · arena #88 · reaper 0W 23K dom 3.5 | wolf 1W 39K dom 27.5
2026-06-11T11:40:29.301Z [league] reaper vs plover · seed 51530 · arena #0 · reaper 0W 34K dom 15.0 | plover 1W 38K dom 21.0
2026-06-11T11:40:59.360Z [league] reaper vs hydra · seed 51531 · arena #5 · reaper 0W 27K dom 9.5 | hydra 1W 35K dom 21.5
2026-06-11T11:41:29.808Z [league] reaper vs shrike · seed 51532 · arena #11 · reaper 0W 23K dom 4.0 | shrike 1W 38K dom 26.5
2026-06-11T11:41:59.653Z [league] reaper vs cuadrilla · seed 51533 · arena #19 · reaper 0W 22K dom 8.5 | cuadrilla 1W 27K dom 16.0
2026-06-11T11:42:29.604Z [league] reaper vs orca · seed 51534 · arena #23 · reaper 0W 23K dom 5.0 | orca 1W 36K dom 24.5
2026-06-11T11:42:59.322Z [league] reaper vs neural · seed 51535 · arena #31 · reaper 1W 36K dom 30.0 | neural 0W 12K dom -7.0
2026-06-11T11:43:29.413Z [league] reaper vs angler · seed 51536 · arena #41 · reaper 0W 19K dom -1.0 | angler 1W 39K dom 29.5
2026-06-11T11:43:59.354Z [league] reaper vs disciple · seed 51537 · arena #53 · reaper 1W 42K dom 39.0 | disciple 0W 6K dom -15.0
2026-06-11T11:44:29.758Z [league] matador vs kestrel · seed 51538 · arena #67 · matador 1W 42K dom 28.0 | kestrel 0W 27K dom 6.0
2026-06-11T11:44:59.832Z [league] matador vs wolf · seed 51539 · arena #88 · matador 0W 36K dom 15.5 | wolf 1W 41K dom 23.0
2026-06-11T11:45:29.321Z [league] matador vs plover · seed 51540 · arena #0 · matador 1W 44K dom 28.0 | plover 0W 31K dom 9.0
2026-06-11T11:45:59.336Z [league] matador vs hydra · seed 51541 · arena #5 · matador 0W 32K dom 16.0 | hydra 0W 32K dom 16.0
2026-06-11T11:46:29.435Z [league] matador vs shrike · seed 51542 · arena #11 · matador 0W 31K dom 15.0 | shrike 1W 32K dom 16.5
2026-06-11T11:46:59.304Z [league] matador vs cuadrilla · seed 51543 · arena #19 · matador 1W 40K dom 22.5 | cuadrilla 0W 35K dom 15.0
2026-06-11T11:47:30.059Z [league] matador vs orca · seed 51544 · arena #23 · matador 1W 32K dom 16.5 | orca 0W 31K dom 14.5
2026-06-11T11:48:00.001Z [league] matador vs neural · seed 51545 · arena #31 · matador 1W 50K dom 46.5 | neural 0W 7K dom -19.0
2026-06-11T11:48:29.326Z [league] matador vs angler · seed 51546 · arena #41 · matador 0W 39K dom 16.5 | angler 1W 45K dom 25.5
2026-06-11T11:48:59.941Z [league] matador vs disciple · seed 51547 · arena #53 · matador 1W 56K dom 54.5 | disciple 0W 3K dom -25.0
2026-06-11T11:49:29.256Z [league] kestrel vs wolf · seed 51548 · arena #67 · kestrel 0W 29K dom 7.5 | wolf 1W 43K dom 28.5
2026-06-11T11:49:59.353Z [league] kestrel vs plover · seed 51549 · arena #88 · kestrel 1W 31K dom 16.5 | plover 0W 29K dom 13.5
2026-06-11T11:50:29.631Z [league] kestrel vs hydra · seed 51550 · arena #0 · kestrel 0W 36K dom 17.5 | hydra 1W 37K dom 19.0
2026-06-11T11:50:59.893Z [league] kestrel vs shrike · seed 51551 · arena #5 · kestrel 0W 26K dom 9.0 | shrike 1W 34K dom 20.5
2026-06-11T11:51:29.383Z [league] kestrel vs cuadrilla · seed 51552 · arena #11 · kestrel 0W 20K dom 6.5 | cuadrilla 1W 27K dom 17.0
2026-06-11T11:51:59.503Z [league] kestrel vs orca · seed 51553 · arena #19 · kestrel 0W 38K dom 18.0 | orca 1W 39K dom 20.0
2026-06-11T11:52:29.333Z [league] kestrel vs neural · seed 51554 · arena #23 · kestrel 1W 49K dom 44.0 | neural 0W 9K dom -15.5
2026-06-11T11:52:59.337Z [league] kestrel vs angler · seed 51555 · arena #31 · kestrel 0W 30K dom 7.5 | angler 1W 45K dom 29.5
2026-06-11T11:53:29.839Z [league] kestrel vs disciple · seed 51556 · arena #41 · kestrel 1W 43K dom 42.0 | disciple 0W 2K dom -19.5
2026-06-11T11:53:59.829Z [league] wolf vs plover · seed 51557 · arena #53 · wolf 1W 34K dom 18.5 | plover 0W 31K dom 14.0
2026-06-11T11:54:29.365Z [league] wolf vs hydra · seed 51558 · arena #67 · wolf 1W 40K dom 23.5 | hydra 0W 33K dom 13.0
2026-06-11T11:54:59.343Z [league] wolf vs shrike · seed 51559 · arena #88 · wolf 0W 29K dom 10.5 | shrike 1W 37K dom 22.0
2026-06-11T11:55:29.347Z [league] wolf vs cuadrilla · seed 51560 · arena #0 · wolf 0W 24K dom 10.0 | cuadrilla 1W 28K dom 16.0
2026-06-11T11:55:59.453Z [league] wolf vs orca · seed 51561 · arena #5 · wolf 1W 44K dom 26.5 | orca 0W 35K dom 13.0
2026-06-11T11:56:29.690Z [league] wolf vs neural · seed 51562 · arena #11 · wolf 1W 45K dom 40.5 | neural 0W 9K dom -14.0
2026-06-11T11:56:59.902Z [league] wolf vs angler · seed 51563 · arena #19 · wolf 0W 37K dom 15.0 | angler 1W 44K dom 25.5
2026-06-11T11:57:29.387Z [league] wolf vs disciple · seed 51564 · arena #23 · wolf 1W 52K dom 51.0 | disciple 0W 2K dom -24.0
2026-06-11T11:57:59.444Z [league] plover vs hydra · seed 51565 · arena #31 · plover 0W 35K dom 16.5 | hydra 1W 37K dom 19.5
2026-06-11T11:58:29.460Z [league] plover vs shrike · seed 51566 · arena #41 · plover 0W 29K dom 8.0 | shrike 1W 41K dom 26.5
2026-06-11T11:58:59.409Z [league] plover vs cuadrilla · seed 51567 · arena #53 · plover 0W 26K dom 11.5 | cuadrilla 1W 29K dom 16.0
2026-06-11T11:59:30.102Z [league] plover vs orca · seed 51568 · arena #67 · plover 0W 30K dom 8.5 | orca 1W 42K dom 27.0
2026-06-11T12:00:00.555Z [league] plover vs neural · seed 51569 · arena #88 · plover 1W 36K dom 32.5 | neural 0W 7K dom -11.0
2026-06-11T12:00:29.457Z [league] plover vs angler · seed 51570 · arena #0 · plover 0W 27K dom 10.0 | angler 1W 34K dom 20.5
2026-06-11T12:00:59.486Z [league] plover vs disciple · seed 51571 · arena #5 · plover 1W 48K dom 47.0 | disciple 0W 2K dom -22.0
2026-06-11T12:01:29.489Z [league] hydra vs shrike · seed 51572 · arena #11 · hydra 0W 34K dom 15.5 | shrike 1W 37K dom 19.5
2026-06-11T12:01:59.434Z [league] hydra vs cuadrilla · seed 51573 · arena #19 · hydra 0W 32K dom 13.0 | cuadrilla 1W 38K dom 22.0
2026-06-11T12:02:30.163Z [league] hydra vs orca · seed 51574 · arena #23 · hydra 0W 33K dom 13.0 | orca 1W 39K dom 22.5
2026-06-11T12:02:59.910Z [league] hydra vs neural · seed 51575 · arena #31 · hydra 1W 41K dom 38.0 | neural 0W 6K dom -14.5
2026-06-11T12:03:29.470Z [league] hydra vs angler · seed 51576 · arena #41 · hydra 0W 34K dom 13.0 | angler 1W 42K dom 25.0
2026-06-11T12:03:59.510Z [league] hydra vs disciple · seed 51577 · arena #53 · hydra 1W 43K dom 42.5 | disciple 0W 1K dom -20.5
2026-06-11T12:04:29.526Z [league] shrike vs cuadrilla · seed 51578 · arena #67 · shrike 0W 15K dom 6.0 | cuadrilla 1W 18K dom 10.5
2026-06-11T12:04:59.622Z [league] shrike vs orca · seed 51579 · arena #88 · shrike 1W 42K dom 24.5 | orca 0W 35K dom 14.0
2026-06-11T12:05:29.763Z [league] shrike vs neural · seed 51580 · arena #0 · shrike 1W 49K dom 43.5 | neural 0W 11K dom -13.5
2026-06-11T12:06:00.256Z [league] shrike vs angler · seed 51581 · arena #5 · shrike 0W 37K dom 15.0 | angler 1W 44K dom 25.5
2026-06-11T12:06:29.558Z [league] shrike vs disciple · seed 51582 · arena #11 · shrike 1W 48K dom 46.5 | disciple 0W 3K dom -21.0
2026-06-11T12:06:59.701Z [league] cuadrilla vs orca · seed 51583 · arena #19 · cuadrilla 0W 23K dom 11.0 | orca 1W 23K dom 11.5
2026-06-11T12:07:29.475Z [league] cuadrilla vs neural · seed 51584 · arena #23 · cuadrilla 1W 48K dom 42.5 | neural 0W 11K dom -13.5
2026-06-11T12:07:59.575Z [league] cuadrilla vs angler · seed 51585 · arena #31 · cuadrilla 0W 36K dom 10.5 | angler 1W 51K dom 33.0
2026-06-11T12:08:30.009Z [league] cuadrilla vs disciple · seed 51586 · arena #41 · cuadrilla 1W 43K dom 41.5 | disciple 0W 3K dom -18.5
2026-06-11T12:09:00.092Z [league] orca vs neural · seed 51587 · arena #53 · orca 1W 39K dom 36.0 | neural 0W 6K dom -14.5
2026-06-11T12:09:29.687Z [league] orca vs angler · seed 51588 · arena #67 · orca 0W 29K dom 13.0 | angler 1W 32K dom 17.5
2026-06-11T12:09:59.739Z [league] orca vs disciple · seed 51589 · arena #88 · orca 1W 47K dom 45.5 | disciple 0W 3K dom -20.5
2026-06-11T12:10:29.451Z [league] neural vs angler · seed 51590 · arena #0 · neural 0W 6K dom -18.0 | angler 1W 47K dom 44.0
2026-06-11T12:11:00.177Z [league] neural vs disciple · seed 51591 · arena #5 · neural 1W 9K dom 7.0 | disciple 0W 4K dom -0.5
2026-06-11T12:11:30.067Z [league] angler vs disciple · seed 51592 · arena #11 · angler 1W 53K dom 50.0 | disciple 0W 6K dom -20.5
2026-06-11T12:11:58.805Z [league] new round-robin pass: 14 engines, 91 pairings
2026-06-11T12:11:59.567Z [league] datasets/ at 35.73 GB — OVER WARN THRESHOLD, consider archiving
2026-06-11T12:12:00.986Z [league] classic vs pilot · seed 51593 · arena #19 · classic 0W 25K dom 4.0 | pilot 1W 42K dom 29.5
2026-06-11T12:12:29.464Z [league] classic vs reaper · seed 51594 · arena #23 · classic 0W 20K dom 2.5 | reaper 1W 35K dom 24.5
2026-06-11T12:12:59.485Z [league] classic vs matador · seed 51595 · arena #31 · classic 0W 17K dom -3.0 | matador 1W 40K dom 31.0
2026-06-11T12:13:29.497Z [league] classic vs kestrel · seed 51596 · arena #41 · classic 0W 19K dom -3.5 | kestrel 1W 45K dom 35.5
2026-06-11T12:13:59.709Z [league] classic vs wolf · seed 51597 · arena #53 · classic 0W 18K dom -6.5 | wolf 1W 49K dom 40.0
2026-06-11T12:14:30.061Z [league] classic vs plover · seed 51598 · arena #67 · classic 0W 19K dom 0.5 | plover 1W 37K dom 27.5
2026-06-11T12:14:59.525Z [league] classic vs hydra · seed 51599 · arena #88 · classic 0W 16K dom -8.0 | hydra 1W 47K dom 39.0
2026-06-11T12:15:29.534Z [league] classic vs shrike · seed 51600 · arena #0 · classic 0W 17K dom -7.5 | shrike 1W 49K dom 40.5
2026-06-11T12:15:59.521Z [league] classic vs cuadrilla · seed 51601 · arena #5 · classic 0W 14K dom -8.5 | cuadrilla 1W 45K dom 38.0
2026-06-11T12:16:30.019Z [league] classic vs orca · seed 51602 · arena #11 · classic 0W 20K dom -2.0 | orca 1W 44K dom 34.0
2026-06-11T12:17:00.058Z [league] classic vs neural · seed 51603 · arena #19 · classic 1W 26K dom 17.0 | neural 0W 18K dom 4.0
2026-06-11T12:17:29.534Z [league] classic vs angler · seed 51604 · arena #23 · classic 0W 17K dom -10.0 | angler 1W 54K dom 44.5
2026-06-11T12:17:59.653Z [league] classic vs disciple · seed 51605 · arena #31 · classic 1W 24K dom 21.5 | disciple 0W 4K dom -8.0
2026-06-11T12:18:29.517Z [league] pilot vs reaper · seed 51606 · arena #41 · pilot 1W 28K dom 15.5 | reaper 0W 25K dom 11.0
2026-06-11T12:18:59.466Z [league] pilot vs matador · seed 51607 · arena #53 · pilot 0W 36K dom 10.5 | matador 1W 51K dom 33.0
2026-06-11T12:19:29.761Z [league] pilot vs kestrel · seed 51608 · arena #67 · pilot 0W 26K dom 9.5 | kestrel 1W 33K dom 19.5
2026-06-11T12:19:59.704Z [league] pilot vs wolf · seed 51609 · arena #88 · pilot 0W 31K dom 7.5 | wolf 1W 47K dom 31.5
2026-06-11T12:20:29.461Z [league] pilot vs plover · seed 51610 · arena #0 · pilot 0W 31K dom 13.0 | plover 1W 35K dom 19.5
2026-06-11T12:20:59.474Z [league] pilot vs hydra · seed 51611 · arena #5 · pilot 0W 35K dom 13.5 | hydra 1W 43K dom 25.5
2026-06-11T12:21:29.566Z [league] pilot vs shrike · seed 51612 · arena #11 · pilot 0W 32K dom 10.0 | shrike 1W 43K dom 27.0
2026-06-11T12:21:59.906Z [league] pilot vs cuadrilla · seed 51613 · arena #19 · pilot 0W 22K dom 6.5 | cuadrilla 1W 31K dom 20.0
2026-06-11T12:22:30.484Z [league] pilot vs orca · seed 51614 · arena #23 · pilot 0W 20K dom 2.5 | orca 1W 35K dom 25.0
2026-06-11T12:22:59.527Z [league] pilot vs neural · seed 51615 · arena #31 · pilot 1W 34K dom 29.5 | neural 0W 9K dom -8.5
2026-06-11T12:23:29.538Z [league] pilot vs angler · seed 51616 · arena #41 · pilot 0W 26K dom 9.0 | angler 1W 33K dom 20.0
2026-06-11T12:23:59.609Z [league] pilot vs disciple · seed 51617 · arena #53 · pilot 1W 45K dom 42.0 | disciple 0W 5K dom -17.5
2026-06-11T12:24:29.486Z [league] reaper vs matador · seed 51618 · arena #67 · reaper 0W 27K dom 4.5 | matador 1W 44K dom 30.5
2026-06-11T12:24:59.775Z [league] reaper vs kestrel · seed 51619 · arena #88 · reaper 0W 28K dom 11.0 | kestrel 1W 34K dom 20.0
2026-06-11T12:25:30.006Z [league] reaper vs wolf · seed 51620 · arena #0 · reaper 0W 22K dom 3.0 | wolf 1W 37K dom 26.0
2026-06-11T12:25:59.512Z [league] reaper vs plover · seed 51621 · arena #5 · reaper 0W 20K dom 3.0 | plover 1W 34K dom 23.5
2026-06-11T12:26:29.543Z [league] reaper vs hydra · seed 51622 · arena #11 · reaper 0W 24K dom 5.0 | hydra 1W 38K dom 26.0
2026-06-11T12:26:59.603Z [league] reaper vs shrike · seed 51623 · arena #19 · reaper 0W 29K dom 7.0 | shrike 1W 43K dom 28.5
2026-06-11T12:27:29.889Z [league] reaper vs cuadrilla · seed 51624 · arena #23 · reaper 0W 20K dom 4.0 | cuadrilla 1W 31K dom 21.0
2026-06-11T12:28:00.247Z [league] reaper vs orca · seed 51625 · arena #31 · reaper 0W 25K dom 6.0 | orca 1W 38K dom 25.5
2026-06-11T12:28:29.617Z [league] reaper vs neural · seed 51626 · arena #41 · reaper 1W 36K dom 31.5 | neural 0W 9K dom -9.5
2026-06-11T12:28:59.580Z [league] reaper vs angler · seed 51627 · arena #53 · reaper 0W 19K dom -1.5 | angler 1W 41K dom 31.5
2026-06-11T12:29:29.612Z [league] reaper vs disciple · seed 51628 · arena #67 · reaper 1W 38K dom 34.0 | disciple 0W 7K dom -12.0
2026-06-11T12:29:59.817Z [league] matador vs kestrel · seed 51629 · arena #88 · matador 1W 34K dom 21.5 | kestrel 0W 25K dom 8.0
2026-06-11T12:30:29.848Z [league] matador vs wolf · seed 51630 · arena #0 · matador 0W 41K dom 20.0 | wolf 1W 42K dom 21.0
2026-06-11T12:30:59.892Z [league] matador vs plover · seed 51631 · arena #5 · matador 1W 34K dom 18.0 | plover 0W 30K dom 13.0
2026-06-11T12:31:29.589Z [league] matador vs hydra · seed 51632 · arena #11 · matador 0W 30K dom 14.5 | hydra 1W 31K dom 16.0
2026-06-11T12:31:59.603Z [league] matador vs shrike · seed 51633 · arena #19 · matador 0W 33K dom 15.5 | shrike 1W 35K dom 17.5
2026-06-11T12:32:29.639Z [league] matador vs cuadrilla · seed 51634 · arena #23 · matador 0W 38K dom 18.5 | cuadrilla 1W 39K dom 20.0
2026-06-11T12:32:59.854Z [league] matador vs orca · seed 51635 · arena #31 · matador 0W 36K dom 17.5 | orca 1W 37K dom 19.0
2026-06-11T12:33:29.809Z [league] matador vs neural · seed 51636 · arena #41 · matador 1W 49K dom 43.5 | neural 0W 9K dom -16.0
2026-06-11T12:34:00.398Z [league] matador vs angler · seed 51637 · arena #53 · matador 0W 41K dom 16.5 | angler 1W 49K dom 28.5
2026-06-11T12:34:29.601Z [league] matador vs disciple · seed 51638 · arena #67 · matador 1W 51K dom 50.0 | disciple 0W 1K dom -24.5
2026-06-11T12:34:59.479Z [league] kestrel vs wolf · seed 51639 · arena #88 · kestrel 1W 37K dom 20.0 | wolf 0W 33K dom 14.5
2026-06-11T12:35:29.740Z [league] kestrel vs plover · seed 51640 · arena #0 · kestrel 1W 33K dom 20.5 | plover 0W 25K dom 8.5
2026-06-11T12:35:59.891Z [league] kestrel vs hydra · seed 51641 · arena #5 · kestrel 1W 38K dom 20.0 | hydra 0W 36K dom 17.0
2026-06-11T12:36:30.180Z [league] kestrel vs shrike · seed 51642 · arena #11 · kestrel 0W 26K dom 11.0 | shrike 1W 30K dom 17.0
2026-06-11T12:37:00.214Z [league] kestrel vs cuadrilla · seed 51643 · arena #19 · kestrel 0W 25K dom 6.5 | cuadrilla 1W 37K dom 24.0
2026-06-11T12:37:29.726Z [league] kestrel vs orca · seed 51644 · arena #23 · kestrel 0W 31K dom 11.0 | orca 1W 40K dom 24.5
2026-06-11T12:37:59.545Z [league] kestrel vs neural · seed 51645 · arena #31 · kestrel 1W 48K dom 44.5 | neural 0W 7K dom -17.0
2026-06-11T12:38:29.592Z [league] kestrel vs angler · seed 51646 · arena #41 · kestrel 0W 32K dom 9.5 | angler 1W 45K dom 29.0
2026-06-11T12:38:59.833Z [league] kestrel vs disciple · seed 51647 · arena #53 · kestrel 1W 37K dom 35.5 | disciple 0W 2K dom -16.5
2026-06-11T12:39:30.024Z [league] wolf vs plover · seed 51648 · arena #67 · wolf 0W 30K dom 15.0 | plover 0W 30K dom 15.0
2026-06-11T12:40:00.260Z [league] wolf vs hydra · seed 51649 · arena #88 · wolf 1W 37K dom 20.0 | hydra 0W 34K dom 15.5
2026-06-11T12:40:29.593Z [league] wolf vs shrike · seed 51650 · arena #0 · wolf 1W 40K dom 20.5 | shrike 0W 39K dom 19.0
2026-06-11T12:40:59.553Z [league] wolf vs cuadrilla · seed 51651 · arena #5 · wolf 0W 35K dom 16.5 | cuadrilla 1W 37K dom 19.5
2026-06-11T12:41:29.705Z [league] wolf vs orca · seed 51652 · arena #11 · wolf 0W 36K dom 17.5 | orca 1W 37K dom 19.0
2026-06-11T12:41:59.630Z [league] wolf vs neural · seed 51653 · arena #19 · wolf 1W 41K dom 38.5 | neural 0W 3K dom -17.5
2026-06-11T12:42:30.123Z [league] wolf vs angler · seed 51654 · arena #23 · wolf 0W 32K dom 10.5 | angler 1W 43K dom 27.0
2026-06-11T12:43:00.165Z [league] wolf vs disciple · seed 51655 · arena #31 · wolf 1W 34K dom 33.5 | disciple 0W 0K dom -17.0
2026-06-11T12:43:29.774Z [league] plover vs hydra · seed 51656 · arena #41 · plover 0W 26K dom 10.5 | hydra 1W 30K dom 17.0
2026-06-11T12:43:59.709Z [league] plover vs shrike · seed 51657 · arena #53 · plover 0W 32K dom 10.5 | shrike 1W 42K dom 25.5
2026-06-11T12:44:29.631Z [league] plover vs cuadrilla · seed 51658 · arena #67 · plover 0W 35K dom 14.5 | cuadrilla 1W 40K dom 22.5
2026-06-11T12:44:59.939Z [league] plover vs orca · seed 51659 · arena #88 · plover 0W 29K dom 7.5 | orca 1W 43K dom 28.5
2026-06-11T12:45:30.003Z [league] plover vs neural · seed 51660 · arena #0 · plover 1W 49K dom 45.5 | neural 0W 7K dom -17.5
2026-06-11T12:46:00.254Z [league] plover vs angler · seed 51661 · arena #5 · plover 0W 35K dom 14.5 | angler 1W 41K dom 23.5
2026-06-11T12:46:29.728Z [league] plover vs disciple · seed 51662 · arena #11 · plover 1W 48K dom 46.5 | disciple 0W 3K dom -21.0
2026-06-11T12:46:59.739Z [league] hydra vs shrike · seed 51663 · arena #19 · hydra 1W 30K dom 15.5 | shrike 0W 29K dom 14.0
2026-06-11T12:47:29.707Z [league] hydra vs cuadrilla · seed 51664 · arena #23 · hydra 0W 20K dom 7.0 | cuadrilla 1W 26K dom 16.0
2026-06-11T12:47:59.980Z [league] hydra vs orca · seed 51665 · arena #31 · hydra 0W 38K dom 19.0 | orca 0W 38K dom 19.0
2026-06-11T12:48:30.227Z [league] hydra vs neural · seed 51666 · arena #41 · hydra 1W 39K dom 36.5 | neural 0W 5K dom -14.5
2026-06-11T12:49:00.216Z [league] hydra vs angler · seed 51667 · arena #53 · hydra 0W 33K dom 13.0 | angler 1W 40K dom 23.5
2026-06-11T12:49:29.751Z [league] hydra vs disciple · seed 51668 · arena #67 · hydra 1W 55K dom 52.0 | disciple 0W 6K dom -21.5
2026-06-11T12:49:59.707Z [league] shrike vs cuadrilla · seed 51669 · arena #88 · shrike 0W 36K dom 15.0 | cuadrilla 1W 42K dom 24.0
2026-06-11T12:50:29.820Z [league] shrike vs orca · seed 51670 · arena #0 · shrike 1W 46K dom 25.0 | orca 0W 42K dom 19.0
2026-06-11T12:51:00.071Z [league] shrike vs neural · seed 51671 · arena #5 · shrike 1W 38K dom 35.0 | neural 0W 4K dom -15.5
2026-06-11T12:51:30.324Z [league] shrike vs angler · seed 51672 · arena #11 · shrike 0W 34K dom 11.5 | angler 1W 45K dom 28.0
2026-06-11T12:52:00.432Z [league] shrike vs disciple · seed 51673 · arena #19 · shrike 1W 32K dom 30.5 | disciple 0W 3K dom -13.0
2026-06-11T12:52:30.241Z [league] cuadrilla vs orca · seed 51674 · arena #23 · cuadrilla 0W 33K dom 15.0 | orca 1W 34K dom 17.5
2026-06-11T12:52:59.715Z [league] cuadrilla vs neural · seed 51675 · arena #31 · cuadrilla 1W 47K dom 42.5 | neural 0W 9K dom -14.5
2026-06-11T12:53:29.734Z [league] cuadrilla vs angler · seed 51676 · arena #41 · cuadrilla 0W 37K dom 15.0 | angler 1W 44K dom 25.5
2026-06-11T12:54:00.065Z [league] cuadrilla vs disciple · seed 51677 · arena #53 · cuadrilla 1W 42K dom 40.0 | disciple 0W 4K dom -17.5
2026-06-11T12:54:30.435Z [league] orca vs neural · seed 51678 · arena #67 · orca 1W 50K dom 46.0 | neural 0W 8K dom -17.0
2026-06-11T12:55:00.597Z [league] orca vs angler · seed 51679 · arena #88 · orca 0W 32K dom 14.0 | angler 1W 36K dom 20.0
2026-06-11T12:55:29.983Z [league] orca vs disciple · seed 51680 · arena #0 · orca 1W 53K dom 51.0 | disciple 0W 4K dom -23.0
2026-06-11T12:55:59.781Z [league] neural vs angler · seed 51681 · arena #5 · neural 0W 7K dom -16.5 | angler 1W 46K dom 42.5
2026-06-11T12:56:29.966Z [league] neural vs disciple · seed 51682 · arena #11 · neural 1W 4K dom 2.5 | disciple 0W 2K dom -0.5
2026-06-11T12:56:59.913Z [league] angler vs disciple · seed 51683 · arena #19 · angler 1W 50K dom 47.0 | disciple 0W 6K dom -19.0
2026-06-11T12:57:29.372Z [league] new round-robin pass: 14 engines, 91 pairings
2026-06-11T12:57:30.253Z [league] datasets/ at 35.80 GB — OVER WARN THRESHOLD, consider archiving
2026-06-11T12:57:31.780Z [league] classic vs pilot · seed 51684 · arena #23 · classic 0W 24K dom 2.0 | pilot 1W 44K dom 32.0
2026-06-11T12:58:00.153Z [league] classic vs reaper · seed 51685 · arena #31 · classic 0W 24K dom 5.0 | reaper 1W 38K dom 25.5
2026-06-11T12:58:29.772Z [league] classic vs matador · seed 51686 · arena #41 · classic 0W 18K dom -10.0 | matador 1W 56K dom 47.0
2026-06-11T12:58:59.697Z [league] classic vs kestrel · seed 51687 · arena #53 · classic 0W 20K dom -3.5 | kestrel 1W 47K dom 37.0
2026-06-11T12:59:29.660Z [league] classic vs wolf · seed 51688 · arena #67 · classic 0W 15K dom -11.0 | wolf 1W 52K dom 44.0
2026-06-11T12:59:59.758Z [league] classic vs plover · seed 51689 · arena #88 · classic 0W 17K dom -2.0 | plover 1W 38K dom 29.5
2026-06-11T13:00:30.252Z [league] classic vs hydra · seed 51690 · arena #0 · classic 0W 18K dom -3.0 | hydra 1W 42K dom 33.0
2026-06-11T13:01:00.366Z [league] classic vs shrike · seed 51691 · arena #5 · classic 0W 16K dom -10.0 | shrike 1W 52K dom 44.0
2026-06-11T13:01:29.766Z [league] classic vs cuadrilla · seed 51692 · arena #11 · classic 0W 13K dom -4.5 | cuadrilla 1W 35K dom 28.5
2026-06-11T13:01:59.887Z [league] classic vs orca · seed 51693 · arena #19 · classic 0W 19K dom -5.5 | orca 1W 49K dom 39.5
2026-06-11T13:02:29.827Z [league] classic vs neural · seed 51694 · arena #23 · classic 1W 29K dom 22.0 | neural 0W 14K dom -1.0
2026-06-11T13:03:00.157Z [league] classic vs angler · seed 51695 · arena #31 · classic 0W 13K dom -11.5 | angler 1W 49K dom 42.0
2026-06-11T13:03:30.485Z [league] classic vs disciple · seed 51696 · arena #41 · classic 1W 28K dom 21.0 | disciple 0W 14K dom 0.0
2026-06-11T13:04:00.291Z [league] pilot vs reaper · seed 51697 · arena #53 · pilot 0W 19K dom 8.5 | reaper 1W 19K dom 9.0
2026-06-11T13:04:29.670Z [league] pilot vs matador · seed 51698 · arena #67 · pilot 0W 32K dom 8.0 | matador 1W 48K dom 32.0
2026-06-11T13:04:59.687Z [league] pilot vs kestrel · seed 51699 · arena #88 · pilot 0W 23K dom 9.5 | kestrel 1W 27K dom 15.0
2026-06-11T13:05:29.668Z [league] pilot vs wolf · seed 51700 · arena #0 · pilot 0W 25K dom 8.0 | wolf 1W 34K dom 21.0
2026-06-11T13:05:59.746Z [league] pilot vs plover · seed 51701 · arena #5 · pilot 0W 29K dom 10.5 | plover 1W 36K dom 21.5
2026-06-11T13:06:30.505Z [league] pilot vs hydra · seed 51702 · arena #11 · pilot 0W 37K dom 15.0 | hydra 1W 44K dom 25.5
2026-06-11T13:07:00.522Z [league] pilot vs shrike · seed 51703 · arena #19 · pilot 0W 36K dom 15.0 | shrike 1W 42K dom 24.0
2026-06-11T13:07:29.809Z [league] pilot vs cuadrilla · seed 51704 · arena #23 · pilot 0W 33K dom 9.0 | cuadrilla 1W 48K dom 31.5
2026-06-11T13:08:00.042Z [league] pilot vs orca · seed 51705 · arena #31 · pilot 0W 28K dom 11.0 | orca 1W 34K dom 20.0
2026-06-11T13:08:29.863Z [league] pilot vs neural · seed 51706 · arena #41 · pilot 1W 38K dom 32.0 | neural 0W 12K dom -7.5
2026-06-11T13:08:59.917Z [league] pilot vs angler · seed 51707 · arena #53 · pilot 0W 21K dom 3.0 | angler 1W 36K dom 25.5
2026-06-11T13:09:30.237Z [league] pilot vs disciple · seed 51708 · arena #67 · pilot 1W 21K dom 19.5 | disciple 0W 3K dom -8.0
2026-06-11T13:10:00.267Z [league] reaper vs matador · seed 51709 · arena #88 · reaper 0W 25K dom 3.5 | matador 1W 41K dom 28.5
2026-06-11T13:10:29.953Z [league] reaper vs kestrel · seed 51710 · arena #0 · reaper 0W 24K dom 4.5 | kestrel 1W 38K dom 26.0
2026-06-11T13:10:59.819Z [league] reaper vs wolf · seed 51711 · arena #5 · reaper 0W 24K dom 3.0 | wolf 1W 42K dom 30.0
2026-06-11T13:11:29.879Z [league] reaper vs plover · seed 51712 · arena #11 · reaper 0W 20K dom 3.5 | plover 1W 32K dom 22.0
2026-06-11T13:11:59.875Z [league] reaper vs hydra · seed 51713 · arena #19 · reaper 0W 27K dom 8.0 | hydra 1W 38K dom 24.5
2026-06-11T13:12:30.266Z [league] reaper vs shrike · seed 51714 · arena #23 · reaper 0W 28K dom 7.5 | shrike 1W 40K dom 26.0
2026-06-11T13:13:00.703Z [league] reaper vs cuadrilla · seed 51715 · arena #31 · reaper 0W 26K dom 5.5 | cuadrilla 1W 39K dom 26.0
2026-06-11T13:13:30.837Z [league] reaper vs orca · seed 51716 · arena #41 · reaper 0W 18K dom -2.0 | orca 1W 40K dom 31.0
2026-06-11T13:13:59.837Z [league] reaper vs neural · seed 51717 · arena #53 · reaper 1W 42K dom 37.5 | neural 0W 8K dom -13.0
2026-06-11T13:14:29.956Z [league] reaper vs angler · seed 51718 · arena #67 · reaper 0W 20K dom 1.0 | angler 1W 38K dom 28.0
2026-06-11T13:14:59.851Z [league] reaper vs disciple · seed 51719 · arena #88 · reaper 1W 42K dom 40.0 | disciple 0W 3K dom -18.0
2026-06-11T13:15:30.183Z [league] matador vs kestrel · seed 51720 · arena #0 · matador 1W 37K dom 22.5 | kestrel 0W 28K dom 9.5
2026-06-11T13:16:00.434Z [league] matador vs wolf · seed 51721 · arena #5 · matador 1W 45K dom 24.0 | wolf 0W 42K dom 19.5
2026-06-11T13:16:30.818Z [league] matador vs plover · seed 51722 · arena #11 · matador 1W 41K dom 25.5 | plover 0W 30K dom 9.5
2026-06-11T13:16:59.854Z [league] matador vs hydra · seed 51723 · arena #19 · matador 0W 38K dom 18.5 | hydra 1W 39K dom 20.0
2026-06-11T13:17:29.870Z [league] matador vs shrike · seed 51724 · arena #23 · matador 1W 40K dom 20.5 | shrike 0W 38K dom 18.0
2026-06-11T13:17:59.749Z [league] matador vs cuadrilla · seed 51725 · arena #31 · matador 0W 29K dom 13.5 | cuadrilla 1W 29K dom 14.0
2026-06-11T13:18:30.382Z [league] matador vs orca · seed 51726 · arena #41 · matador 1W 41K dom 21.0 | orca 0W 40K dom 19.5
2026-06-11T13:19:01.040Z [league] matador vs neural · seed 51727 · arena #53 · matador 1W 40K dom 36.0 | neural 0W 8K dom -12.0
2026-06-11T13:19:30.834Z [league] matador vs angler · seed 51728 · arena #67 · matador 0W 33K dom 11.5 | angler 1W 42K dom 25.0
2026-06-11T13:19:59.801Z [league] matador vs disciple · seed 51729 · arena #88 · matador 1W 56K dom 54.0 | disciple 0W 4K dom -24.0
2026-06-11T13:20:29.742Z [league] kestrel vs wolf · seed 51730 · arena #0 · kestrel 0W 29K dom 7.5 | wolf 1W 43K dom 28.5
2026-06-11T13:20:59.769Z [league] kestrel vs plover · seed 51731 · arena #5 · kestrel 1W 35K dom 18.0 | plover 0W 34K dom 16.5
2026-06-11T13:21:30.285Z [league] kestrel vs hydra · seed 51732 · arena #11 · kestrel 1W 36K dom 20.5 | hydra 0W 31K dom 13.0
2026-06-11T13:22:00.215Z [league] kestrel vs shrike · seed 51733 · arena #19 · kestrel 0W 30K dom 9.5 | shrike 1W 41K dom 26.0
2026-06-11T13:22:30.541Z [league] kestrel vs cuadrilla · seed 51734 · arena #23 · kestrel 0W 31K dom 14.0 | cuadrilla 1W 34K dom 18.0
2026-06-11T13:23:00.038Z [league] kestrel vs orca · seed 51735 · arena #31 · kestrel 0W 24K dom 10.0 | orca 1W 28K dom 16.0
2026-06-11T13:23:30.326Z [league] kestrel vs neural · seed 51736 · arena #41 · kestrel 1W 35K dom 31.5 | neural 0W 7K dom -10.5
2026-06-11T13:24:00.809Z [league] kestrel vs angler · seed 51737 · arena #53 · kestrel 0W 30K dom 8.0 | angler 1W 44K dom 28.5
2026-06-11T13:24:30.741Z [league] kestrel vs disciple · seed 51738 · arena #67 · kestrel 1W 48K dom 45.5 | disciple 0W 4K dom -20.0
2026-06-11T13:25:01.461Z [league] wolf vs plover · seed 51739 · arena #88 · wolf 1W 41K dom 23.5 | plover 0W 35K dom 14.5
2026-06-11T13:25:30.984Z [league] wolf vs hydra · seed 51740 · arena #0 · wolf 1W 42K dom 23.0 | hydra 0W 38K dom 17.0
2026-06-11T13:26:01.160Z [league] wolf vs shrike · seed 51741 · arena #5 · wolf 1W 34K dom 18.0 | shrike 0W 31K dom 14.0
2026-06-11T13:26:30.629Z [league] wolf vs cuadrilla · seed 51742 · arena #11 · wolf 0W 34K dom 15.5 | cuadrilla 1W 37K dom 20.0
2026-06-11T13:27:00.899Z [league] wolf vs orca · seed 51743 · arena #19 · wolf 0W 31K dom 15.5 | orca 0W 31K dom 15.5
2026-06-11T13:27:30.491Z [league] wolf vs neural · seed 51744 · arena #23 · wolf 1W 53K dom 49.0 | neural 0W 8K dom -19.0
2026-06-11T13:28:00.913Z [league] wolf vs angler · seed 51745 · arena #31 · wolf 0W 30K dom 10.5 | angler 1W 37K dom 22.0
2026-06-11T13:28:31.108Z [league] wolf vs disciple · seed 51746 · arena #41 · wolf 1W 42K dom 40.5 | disciple 0W 3K dom -18.0
2026-06-11T13:29:01.239Z [league] plover vs hydra · seed 51747 · arena #53 · plover 0W 26K dom 8.0 | hydra 1W 36K dom 23.0
2026-06-11T13:29:31.360Z [league] plover vs shrike · seed 51748 · arena #67 · plover 0W 30K dom 12.0 | shrike 1W 36K dom 20.5
2026-06-11T13:30:00.881Z [league] plover vs cuadrilla · seed 51749 · arena #88 · plover 0W 24K dom 5.0 | cuadrilla 1W 38K dom 26.0
2026-06-11T13:30:30.873Z [league] plover vs orca · seed 51750 · arena #0 · plover 0W 29K dom 12.0 | orca 1W 33K dom 18.5
2026-06-11T13:31:00.993Z [league] plover vs neural · seed 51751 · arena #5 · plover 1W 42K dom 38.0 | neural 0W 8K dom -13.0
2026-06-11T13:31:31.191Z [league] plover vs angler · seed 51752 · arena #11 · plover 0W 29K dom 3.5 | angler 1W 51K dom 36.5
2026-06-11T13:32:01.485Z [league] plover vs disciple · seed 51753 · arena #19 · plover 1W 26K dom 25.5 | disciple 0W 1K dom -12.0
2026-06-11T13:32:31.410Z [league] hydra vs shrike · seed 51754 · arena #23 · hydra 0W 28K dom 11.5 | shrike 1W 33K dom 19.0
2026-06-11T13:33:00.823Z [league] hydra vs cuadrilla · seed 51755 · arena #31 · hydra 0W 33K dom 15.5 | cuadrilla 1W 35K dom 18.5
2026-06-11T13:33:30.978Z [league] hydra vs orca · seed 51756 · arena #41 · hydra 1W 41K dom 22.5 | orca 0W 37K dom 16.5
2026-06-11T13:34:00.757Z [league] hydra vs neural · seed 51757 · arena #53 · hydra 1W 48K dom 43.5 | neural 0W 9K dom -15.0
2026-06-11T13:34:31.092Z [league] hydra vs angler · seed 51758 · arena #67 · hydra 0W 32K dom 8.0 | angler 1W 48K dom 32.0
2026-06-11T13:35:01.310Z [league] hydra vs disciple · seed 51759 · arena #88 · hydra 1W 38K dom 37.0 | disciple 0W 2K dom -17.0
2026-06-11T13:35:31.430Z [league] shrike vs cuadrilla · seed 51760 · arena #0 · shrike 0W 36K dom 15.0 | cuadrilla 1W 42K dom 24.0
2026-06-11T13:36:01.806Z [league] shrike vs orca · seed 51761 · arena #5 · shrike 1W 38K dom 23.5 | orca 0W 28K dom 8.5
2026-06-11T13:36:30.968Z [league] shrike vs neural · seed 51762 · arena #11 · shrike 1W 45K dom 40.5 | neural 0W 8K dom -14.5
2026-06-11T13:37:00.761Z [league] shrike vs angler · seed 51763 · arena #19 · shrike 0W 32K dom 12.5 | angler 1W 39K dom 23.0
2026-06-11T13:37:31.526Z [league] shrike vs disciple · seed 51764 · arena #23 · shrike 1W 42K dom 40.5 | disciple 0W 3K dom -18.0
2026-06-11T13:38:01.776Z [league] cuadrilla vs orca · seed 51765 · arena #31 · cuadrilla 1W 36K dom 21.5 | orca 0W 29K dom 11.0
2026-06-11T13:38:31.309Z [league] cuadrilla vs neural · seed 51766 · arena #41 · cuadrilla 1W 44K dom 40.0 | neural 0W 8K dom -14.0
2026-06-11T13:39:01.497Z [league] cuadrilla vs angler · seed 51767 · arena #53 · cuadrilla 0W 41K dom 19.0 | angler 1W 44K dom 23.5
2026-06-11T13:39:30.954Z [league] cuadrilla vs disciple · seed 51768 · arena #67 · cuadrilla 1W 41K dom 39.0 | disciple 0W 4K dom -16.5
2026-06-11T13:40:01.105Z [league] orca vs neural · seed 51769 · arena #88 · orca 1W 48K dom 44.0 | neural 0W 7K dom -17.0
2026-06-11T13:40:31.027Z [league] orca vs angler · seed 51770 · arena #0 · orca 0W 39K dom 18.0 | angler 1W 42K dom 22.5
2026-06-11T13:41:01.756Z [league] orca vs disciple · seed 51771 · arena #5 · orca 1W 37K dom 36.0 | disciple 0W 2K dom -16.5
2026-06-11T13:41:31.831Z [league] neural vs angler · seed 51772 · arena #11 · neural 0W 3K dom -17.5 | angler 1W 41K dom 39.0
2026-06-11T13:42:01.988Z [league] neural vs disciple · seed 51773 · arena #19 · neural 1W 9K dom 7.0 | disciple 0W 4K dom -0.5
2026-06-11T13:42:31.498Z [league] angler vs disciple · seed 51774 · arena #23 · angler 1W 50K dom 48.0 | disciple 0W 4K dom -21.0
2026-06-11T13:42:59.638Z [league] new round-robin pass: 14 engines, 91 pairings
2026-06-11T13:43:00.705Z [league] datasets/ at 35.87 GB — OVER WARN THRESHOLD, consider archiving
2026-06-11T13:43:03.108Z [league] classic vs pilot · seed 51775 · arena #31 · classic 0W 22K dom 0.0 | pilot 1W 44K dom 32.5
2026-06-11T13:43:30.689Z [league] classic vs reaper · seed 51776 · arena #41 · classic 0W 21K dom 3.0 | reaper 1W 36K dom 25.5
2026-06-11T13:44:00.914Z [league] classic vs matador · seed 51777 · arena #53 · classic 0W 22K dom -1.0 | matador 1W 46K dom 34.5
2026-06-11T13:44:31.388Z [league] classic vs kestrel · seed 51778 · arena #67 · classic 0W 18K dom -1.0 | kestrel 1W 38K dom 28.5
2026-06-11T13:45:00.872Z [league] classic vs wolf · seed 51779 · arena #88 · classic 0W 15K dom -9.5 | wolf 1W 49K dom 40.5
2026-06-11T13:45:31.524Z [league] classic vs plover · seed 51780 · arena #0 · classic 0W 21K dom -0.5 | plover 1W 43K dom 32.5
2026-06-11T13:46:00.839Z [league] classic vs hydra · seed 51781 · arena #5 · classic 0W 23K dom 0.0 | hydra 1W 45K dom 33.5
2026-06-11T13:46:30.892Z [league] classic vs shrike · seed 51782 · arena #11 · classic 0W 18K dom -6.5 | shrike 1W 49K dom 40.0
2026-06-11T13:47:00.986Z [league] classic vs cuadrilla · seed 51783 · arena #19 · classic 0W 12K dom -1.0 | cuadrilla 1W 26K dom 20.0
2026-06-11T13:47:31.653Z [league] classic vs orca · seed 51784 · arena #23 · classic 0W 15K dom -7.0 | orca 1W 44K dom 36.5
2026-06-11T13:48:01.599Z [league] classic vs neural · seed 51785 · arena #31 · classic 1W 35K dom 28.0 | neural 0W 13K dom -4.5
2026-06-11T13:48:31.625Z [league] classic vs angler · seed 51786 · arena #41 · classic 0W 14K dom -5.0 | angler 1W 37K dom 29.0
2026-06-11T13:49:02.105Z [league] classic vs disciple · seed 51787 · arena #53 · classic 1W 21K dom 16.5 | disciple 0W 8K dom -2.5
2026-06-11T13:49:30.740Z [league] pilot vs reaper · seed 51788 · arena #67 · pilot 0W 32K dom 15.5 | reaper 1W 33K dom 17.0
2026-06-11T13:50:00.573Z [league] pilot vs matador · seed 51789 · arena #88 · pilot 0W 35K dom 9.0 | matador 1W 51K dom 33.0
2026-06-11T13:50:30.873Z [league] pilot vs kestrel · seed 51790 · arena #0 · pilot 0W 36K dom 16.5 | kestrel 1W 39K dom 20.5
2026-06-11T13:51:01.102Z [league] pilot vs wolf · seed 51791 · arena #5 · pilot 0W 33K dom 10.5 | wolf 1W 44K dom 27.5
2026-06-11T13:51:31.254Z [league] pilot vs plover · seed 51792 · arena #11 · pilot 0W 28K dom 12.0 | plover 1W 32K dom 18.0
2026-06-11T13:52:01.518Z [league] pilot vs hydra · seed 51793 · arena #19 · pilot 0W 24K dom 9.0 | hydra 1W 29K dom 17.0
2026-06-11T13:52:30.922Z [league] pilot vs shrike · seed 51794 · arena #23 · pilot 0W 29K dom 8.0 | shrike 1W 42K dom 27.5
2026-06-11T13:53:00.917Z [league] pilot vs cuadrilla · seed 51795 · arena #31 · pilot 0W 19K dom 6.0 | cuadrilla 1W 25K dom 15.5
2026-06-11T13:53:30.946Z [league] pilot vs orca · seed 51796 · arena #41 · pilot 0W 30K dom 11.0 | orca 1W 38K dom 23.0
2026-06-11T13:54:01.174Z [league] pilot vs neural · seed 51797 · arena #53 · pilot 1W 40K dom 35.5 | neural 0W 8K dom -12.0
2026-06-11T13:54:31.187Z [league] pilot vs angler · seed 51798 · arena #67 · pilot 0W 27K dom 6.5 | angler 1W 41K dom 27.5
2026-06-11T13:55:01.507Z [league] pilot vs disciple · seed 51799 · arena #88 · pilot 1W 46K dom 43.0 | disciple 0W 6K dom -17.0
2026-06-11T13:55:31.214Z [league] reaper vs matador · seed 51800 · arena #0 · reaper 0W 28K dom 6.0 | matador 1W 44K dom 30.0
2026-06-11T13:56:00.902Z [league] reaper vs kestrel · seed 51801 · arena #5 · reaper 0W 21K dom 6.5 | kestrel 1W 29K dom 18.5
2026-06-11T13:56:30.642Z [league] reaper vs wolf · seed 51802 · arena #11 · reaper 0W 28K dom 4.0 | wolf 1W 46K dom 32.0
2026-06-11T13:57:00.877Z [league] reaper vs plover · seed 51803 · arena #19 · reaper 1W 39K dom 22.0 | plover 0W 32K dom 12.5
2026-06-11T13:57:31.520Z [league] reaper vs hydra · seed 51804 · arena #23 · reaper 0W 25K dom 6.5 | hydra 1W 37K dom 24.5
2026-06-11T13:58:01.316Z [league] reaper vs shrike · seed 51805 · arena #31 · reaper 0W 25K dom 4.0 | shrike 1W 42K dom 29.5
2026-06-11T13:58:31.273Z [league] reaper vs cuadrilla · seed 51806 · arena #41 · reaper 0W 18K dom -0.5 | cuadrilla 1W 37K dom 28.0
2026-06-11T13:59:01.178Z [league] reaper vs orca · seed 51807 · arena #53 · reaper 0W 25K dom 7.5 | orca 1W 35K dom 22.5
2026-06-11T13:59:30.839Z [league] reaper vs neural · seed 51808 · arena #67 · reaper 1W 42K dom 34.5 | neural 0W 14K dom -7.5
2026-06-11T14:00:00.758Z [league] reaper vs angler · seed 51809 · arena #88 · reaper 0W 27K dom 4.0 | angler 1W 46K dom 32.5
2026-06-11T14:00:31.435Z [league] reaper vs disciple · seed 51810 · arena #0 · reaper 1W 38K dom 35.5 | disciple 0W 4K dom -15.0
2026-06-11T14:01:01.346Z [league] matador vs kestrel · seed 51811 · arena #5 · matador 1W 32K dom 18.0 | kestrel 0W 27K dom 11.0
2026-06-11T14:01:31.186Z [league] matador vs wolf · seed 51812 · arena #11 · matador 0W 29K dom 11.0 | wolf 1W 36K dom 21.5
2026-06-11T14:02:01.193Z [league] matador vs plover · seed 51813 · arena #19 · matador 1W 43K dom 23.5 | plover 0W 37K dom 15.5
2026-06-11T14:02:30.917Z [league] matador vs hydra · seed 51814 · arena #23 · matador 1W 44K dom 26.0 | hydra 0W 35K dom 13.0
2026-06-11T14:03:00.857Z [league] matador vs shrike · seed 51815 · arena #31 · matador 0W 40K dom 19.0 | shrike 1W 42K dom 22.0
2026-06-11T14:03:30.941Z [league] matador vs cuadrilla · seed 51816 · arena #41 · matador 0W 43K dom 21.0 | cuadrilla 1W 44K dom 22.5
2026-06-11T14:04:01.460Z [league] matador vs orca · seed 51817 · arena #53 · matador 1W 43K dom 22.5 | orca 0W 40K dom 18.5
2026-06-11T14:04:31.201Z [league] matador vs neural · seed 51818 · arena #67 · matador 1W 51K dom 47.5 | neural 0W 7K dom -18.5
2026-06-11T14:05:01.770Z [league] matador vs angler · seed 51819 · arena #88 · matador 0W 26K dom 8.5 | angler 1W 31K dom 18.0
2026-06-11T14:05:31.058Z [league] matador vs disciple · seed 51820 · arena #0 · matador 1W 49K dom 47.5 | disciple 0W 3K dom -21.5
2026-06-11T14:06:00.902Z [league] kestrel vs wolf · seed 51821 · arena #5 · kestrel 0W 32K dom 9.5 | wolf 1W 45K dom 29.0
2026-06-11T14:06:30.721Z [league] kestrel vs plover · seed 51822 · arena #11 · kestrel 1W 32K dom 17.5 | plover 0W 29K dom 13.0
2026-06-11T14:07:01.239Z [league] kestrel vs hydra · seed 51823 · arena #19 · kestrel 0W 38K dom 19.0 | hydra 0W 38K dom 19.0
2026-06-11T14:07:31.116Z [league] kestrel vs shrike · seed 51824 · arena #23 · kestrel 0W 33K dom 12.0 | shrike 1W 42K dom 25.5
2026-06-11T14:08:01.477Z [league] kestrel vs cuadrilla · seed 51825 · arena #31 · kestrel 0W 36K dom 16.0 | cuadrilla 1W 40K dom 22.0
2026-06-11T14:08:31.702Z [league] kestrel vs orca · seed 51826 · arena #41 · kestrel 1W 35K dom 18.0 | orca 0W 34K dom 16.0
2026-06-11T14:09:01.115Z [league] kestrel vs neural · seed 51827 · arena #53 · kestrel 1W 43K dom 37.5 | neural 0W 11K dom -10.5
2026-06-11T14:09:30.922Z [league] kestrel vs angler · seed 51828 · arena #67 · kestrel 0W 29K dom 6.0 | angler 1W 46K dom 31.5
2026-06-11T14:10:01.296Z [league] kestrel vs disciple · seed 51829 · arena #88 · kestrel 1W 38K dom 36.5 | disciple 0W 2K dom -17.0
2026-06-11T14:10:31.431Z [league] wolf vs plover · seed 51830 · arena #0 · wolf 1W 36K dom 23.0 | plover 0W 25K dom 7.0
2026-06-11T14:11:01.374Z [league] wolf vs hydra · seed 51831 · arena #5 · wolf 1W 43K dom 25.0 | hydra 0W 36K dom 14.5
2026-06-11T14:11:31.458Z [league] wolf vs shrike · seed 51832 · arena #11 · wolf 1W 34K dom 20.5 | shrike 0W 27K dom 10.0
2026-06-11T14:12:00.896Z [league] wolf vs cuadrilla · seed 51833 · arena #19 · wolf 0W 34K dom 11.5 | cuadrilla 1W 45K dom 28.0
2026-06-11T14:12:31.169Z [league] wolf vs orca · seed 51834 · arena #23 · wolf 0W 36K dom 15.0 | orca 1W 42K dom 24.0
2026-06-11T14:13:00.630Z [league] wolf vs neural · seed 51835 · arena #31 · wolf 1W 52K dom 48.5 | neural 0W 7K dom -19.5
2026-06-11T14:13:31.045Z [league] wolf vs angler · seed 51836 · arena #41 · wolf 0W 44K dom 20.5 | angler 1W 46K dom 24.0
2026-06-11T14:14:01.416Z [league] wolf vs disciple · seed 51837 · arena #53 · wolf 1W 51K dom 49.5 | disciple 0W 3K dom -22.5
2026-06-11T14:14:31.504Z [league] plover vs hydra · seed 51838 · arena #67 · plover 0W 27K dom 12.5 | hydra 1W 29K dom 15.5
2026-06-11T14:15:01.896Z [league] plover vs shrike · seed 51839 · arena #88 · plover 0W 27K dom 6.5 | shrike 1W 41K dom 27.5
2026-06-11T14:15:31.121Z [league] plover vs cuadrilla · seed 51840 · arena #0 · plover 0W 14K dom 0.0 | cuadrilla 1W 27K dom 20.0
2026-06-11T14:16:01.496Z [league] plover vs orca · seed 51841 · arena #5 · plover 0W 35K dom 15.5 | orca 1W 39K dom 21.5
2026-06-11T14:16:32.704Z [league] plover vs neural · seed 51842 · arena #11 · plover 1W 40K dom 36.5 | neural 0W 7K dom -13.0
2026-06-11T14:17:01.533Z [league] plover vs angler · seed 51843 · arena #19 · plover 0W 30K dom 7.0 | angler 1W 46K dom 31.0
2026-06-11T14:17:31.264Z [league] plover vs disciple · seed 51844 · arena #23 · plover 1W 51K dom 50.0 | disciple 0W 2K dom -23.5
2026-06-11T14:18:01.353Z [league] hydra vs shrike · seed 51845 · arena #31 · hydra 0W 35K dom 17.5 | shrike 0W 35K dom 17.5
2026-06-11T14:18:30.973Z [league] hydra vs cuadrilla · seed 51846 · arena #41 · hydra 0W 33K dom 13.5 | cuadrilla 1W 39K dom 22.5
2026-06-11T14:19:01.137Z [league] hydra vs orca · seed 51847 · arena #53 · hydra 0W 27K dom 12.0 | orca 1W 30K dom 16.5
2026-06-11T14:19:34.401Z [league] hydra vs neural · seed 51848 · arena #67 · hydra 1W 50K dom 46.0 | neural 0W 8K dom -17.5
2026-06-11T14:20:01.375Z [league] hydra vs angler · seed 51849 · arena #88 · hydra 0W 28K dom 12.0 | angler 1W 32K dom 18.0
2026-06-11T14:20:31.563Z [league] hydra vs disciple · seed 51850 · arena #0 · hydra 1W 44K dom 43.0 | disciple 0W 2K dom -20.0
2026-06-11T14:21:01.387Z [league] shrike vs cuadrilla · seed 51851 · arena #5 · shrike 0W 38K dom 18.5 | cuadrilla 1W 39K dom 20.0
2026-06-11T14:21:31.226Z [league] shrike vs orca · seed 51852 · arena #11 · shrike 1W 35K dom 18.0 | orca 0W 34K dom 16.0
2026-06-11T14:22:00.811Z [league] shrike vs neural · seed 51853 · arena #19 · shrike 1W 50K dom 46.5 | neural 0W 6K dom -19.5
2026-06-11T14:22:30.787Z [league] shrike vs angler · seed 51854 · arena #23 · shrike 0W 39K dom 17.0 | angler 1W 44K dom 24.5
2026-06-11T14:23:01.021Z [league] shrike vs disciple · seed 51855 · arena #31 · shrike 1W 35K dom 34.0 | disciple 0W 1K dom -16.5
2026-06-11T14:23:31.341Z [league] cuadrilla vs orca · seed 51856 · arena #41 · cuadrilla 1W 37K dom 19.0 | orca 0W 36K dom 17.5
2026-06-11T14:24:00.992Z [league] cuadrilla vs neural · seed 51857 · arena #53 · cuadrilla 1W 31K dom 28.0 | neural 0W 6K dom -9.5
2026-06-11T14:24:31.149Z [league] cuadrilla vs angler · seed 51858 · arena #67 · cuadrilla 0W 27K dom 11.5 | angler 1W 31K dom 17.0
2026-06-11T14:25:00.937Z [league] cuadrilla vs disciple · seed 51859 · arena #88 · cuadrilla 1W 39K dom 37.0 | disciple 0W 4K dom -15.5
2026-06-11T14:25:31.031Z [league] orca vs neural · seed 51860 · arena #0 · orca 1W 54K dom 49.5 | neural 0W 9K dom -18.5
2026-06-11T14:26:01.580Z [league] orca vs angler · seed 51861 · arena #5 · orca 0W 41K dom 20.0 | angler 1W 42K dom 21.5
2026-06-11T14:26:31.444Z [league] orca vs disciple · seed 51862 · arena #11 · orca 1W 47K dom 45.0 | disciple 0W 4K dom -19.5
2026-06-11T14:27:01.505Z [league] neural vs angler · seed 51863 · arena #19 · neural 0W 8K dom -15.5 | angler 1W 46K dom 42.0
2026-06-11T14:27:31.113Z [league] neural vs disciple · seed 51864 · arena #23 · neural 1W 7K dom 5.5 | disciple 0W 1K dom -2.5
2026-06-11T14:28:00.918Z [league] angler vs disciple · seed 51865 · arena #31 · angler 1W 44K dom 43.5 | disciple 0W 1K dom -21.0
2026-06-11T14:28:29.723Z [league] new round-robin pass: 14 engines, 91 pairings
2026-06-11T14:28:30.805Z [league] datasets/ at 38.06 GB — OVER WARN THRESHOLD, consider archiving
2026-06-11T14:28:32.819Z [league] classic vs pilot · seed 51866 · arena #41 · classic 0W 28K dom 7.5 | pilot 1W 41K dom 26.5
2026-06-11T14:29:00.679Z [league] classic vs reaper · seed 51867 · arena #53 · classic 0W 22K dom 3.0 | reaper 1W 38K dom 26.5
2026-06-11T14:29:30.732Z [league] classic vs matador · seed 51868 · arena #67 · classic 0W 23K dom 6.5 | matador 1W 33K dom 19.5
2026-06-11T14:30:01.065Z [league] classic vs kestrel · seed 51869 · arena #88 · classic 0W 18K dom -3.5 | kestrel 1W 42K dom 32.0
2026-06-11T14:30:30.723Z [league] classic vs wolf · seed 51870 · arena #0 · classic 0W 15K dom -10.5 | wolf 1W 51K dom 43.5
2026-06-11T14:31:00.995Z [league] classic vs plover · seed 51871 · arena #5 · classic 0W 19K dom -2.5 | plover 1W 43K dom 33.5
2026-06-11T14:31:30.829Z [league] classic vs hydra · seed 51872 · arena #11 · classic 0W 15K dom -10.5 | hydra 1W 51K dom 43.0
2026-06-11T14:32:00.776Z [league] classic vs shrike · seed 51873 · arena #19 · classic 0W 17K dom -4.5 | shrike 1W 43K dom 34.5
2026-06-11T14:32:31.076Z [league] classic vs cuadrilla · seed 51874 · arena #23 · classic 0W 16K dom -7.5 | cuadrilla 1W 47K dom 38.5
2026-06-11T14:33:01.496Z [league] classic vs orca · seed 51875 · arena #31 · classic 0W 21K dom 3.0 | orca 1W 36K dom 25.5
2026-06-11T14:33:31.082Z [league] classic vs neural · seed 51876 · arena #41 · classic 1W 28K dom 21.0 | neural 0W 13K dom -1.0
2026-06-11T14:34:00.982Z [league] classic vs angler · seed 51877 · arena #53 · classic 0W 16K dom -8.0 | angler 1W 48K dom 39.5
2026-06-11T14:34:31.007Z [league] classic vs disciple · seed 51878 · arena #67 · classic 1W 28K dom 23.0 | disciple 0W 8K dom -6.0
2026-06-11T14:35:00.608Z [league] pilot vs reaper · seed 51879 · arena #88 · pilot 1W 36K dom 21.0 | reaper 0W 30K dom 12.0
2026-06-11T14:35:30.635Z [league] pilot vs matador · seed 51880 · arena #0 · pilot 0W 34K dom 11.5 | matador 1W 45K dom 27.5
2026-06-11T14:36:00.752Z [league] pilot vs kestrel · seed 51881 · arena #5 · pilot 1W 33K dom 17.0 | kestrel 0W 32K dom 15.5
2026-06-11T14:36:30.843Z [league] pilot vs wolf · seed 51882 · arena #11 · pilot 0W 29K dom 6.0 | wolf 1W 46K dom 31.5
2026-06-11T14:37:03.695Z [league] pilot vs plover · seed 51883 · arena #19 · pilot 0W 27K dom 10.0 | plover 1W 33K dom 19.5
2026-06-11T14:37:32.962Z [league] pilot vs hydra · seed 51884 · arena #23 · pilot 0W 18K dom 2.5 | hydra 1W 29K dom 18.5
2026-06-11T14:38:04.520Z [league] pilot vs shrike · seed 51885 · arena #31 · pilot 0W 39K dom 17.5 | shrike 1W 43K dom 23.5
2026-06-11T14:38:32.815Z [league] pilot vs cuadrilla · seed 51886 · arena #41 · pilot 0W 31K dom 9.0 | cuadrilla 1W 44K dom 28.0
2026-06-11T14:39:04.527Z [league] pilot vs orca · seed 51887 · arena #53 · pilot 0W 29K dom 9.0 | orca 1W 40K dom 25.5
2026-06-11T14:39:34.545Z [league] pilot vs neural · seed 51888 · arena #67 · pilot 1W 40K dom 35.0 | neural 0W 10K dom -10.0
2026-06-11T14:40:04.323Z [league] pilot vs angler · seed 51889 · arena #88 · pilot 0W 32K dom 7.0 | angler 1W 50K dom 34.0
2026-06-11T14:40:35.019Z [league] pilot vs disciple · seed 51890 · arena #0 · pilot 1W 49K dom 46.0 | disciple 0W 6K dom -19.0
2026-06-11T14:41:03.876Z [league] reaper vs matador · seed 51891 · arena #5 · reaper 0W 22K dom 5.5 | matador 1W 32K dom 21.0
2026-06-11T14:41:33.380Z [league] reaper vs kestrel · seed 51892 · arena #11 · reaper 0W 22K dom 7.5 | kestrel 1W 29K dom 18.0
2026-06-11T14:42:02.953Z [league] reaper vs wolf · seed 51893 · arena #19 · reaper 0W 23K dom 4.0 | wolf 1W 38K dom 26.0
2026-06-11T14:42:35.141Z [league] reaper vs plover · seed 51894 · arena #23 · reaper 0W 24K dom 6.0 | plover 1W 36K dom 24.0
2026-06-11T14:43:04.293Z [league] reaper vs hydra · seed 51895 · arena #31 · reaper 0W 28K dom 9.5 | hydra 1W 37K dom 23.0
2026-06-11T14:43:44.197Z [league] reaper vs shrike · seed 51896 · arena #41 · reaper 0W 27K dom 8.5 | shrike 1W 37K dom 23.5
2026-06-11T14:44:07.252Z [league] reaper vs cuadrilla · seed 51897 · arena #53 · reaper 0W 18K dom -0.5 | cuadrilla 1W 37K dom 28.0
2026-06-11T14:44:36.980Z [league] reaper vs orca · seed 51898 · arena #67 · reaper 0W 22K dom 4.5 | orca 1W 35K dom 24.0
2026-06-11T14:45:03.439Z [league] reaper vs neural · seed 51899 · arena #88 · reaper 1W 29K dom 26.0 | neural 0W 6K dom -9.0
2026-06-11T14:45:40.530Z [league] reaper vs angler · seed 51900 · arena #0 · reaper 0W 19K dom -1.0 | angler 1W 39K dom 29.5
2026-06-11T14:46:04.704Z [league] reaper vs disciple · seed 51901 · arena #5 · reaper 1W 40K dom 37.0 | disciple 0W 5K dom -15.0
2026-06-11T14:46:35.603Z [league] matador vs kestrel · seed 51902 · arena #11 · matador 0W 28K dom 11.0 | kestrel 1W 34K dom 19.5
2026-06-11T14:47:08.299Z [league] matador vs wolf · seed 51903 · arena #19 · matador 0W 46K dom 21.5 | wolf 1W 49K dom 26.0
2026-06-11T14:47:38.770Z [league] matador vs plover · seed 51904 · arena #23 · matador 1W 38K dom 22.5 | plover 0W 31K dom 12.0
2026-06-11T14:48:10.994Z [league] matador vs hydra · seed 51905 · arena #31 · matador 0W 36K dom 15.5 | hydra 1W 41K dom 23.0
2026-06-11T14:48:35.106Z [league] matador vs shrike · seed 51906 · arena #41 · matador 0W 34K dom 14.5 | shrike 1W 39K dom 22.0
2026-06-11T14:49:08.897Z [league] matador vs cuadrilla · seed 51907 · arena #53 · matador 0W 28K dom 11.0 | cuadrilla 1W 34K dom 20.0
2026-06-11T14:49:43.653Z [league] matador vs orca · seed 51908 · arena #67 · matador 1W 36K dom 20.5 | orca 0W 30K dom 12.0
2026-06-11T14:50:07.643Z [league] matador vs neural · seed 51909 · arena #88 · matador 1W 51K dom 45.5 | neural 0W 11K dom -14.5
2026-06-11T14:50:37.421Z [league] matador vs angler · seed 51910 · arena #0 · matador 0W 36K dom 15.0 | angler 1W 41K dom 23.0
2026-06-11T14:51:05.520Z [league] matador vs disciple · seed 51911 · arena #5 · matador 1W 60K dom 58.0 | disciple 0W 4K dom -26.0
2026-06-11T14:51:34.441Z [league] kestrel vs wolf · seed 51912 · arena #11 · kestrel 0W 35K dom 13.0 | wolf 1W 44K dom 26.5
2026-06-11T14:52:03.844Z [league] kestrel vs plover · seed 51913 · arena #19 · kestrel 0W 34K dom 15.5 | plover 1W 37K dom 20.0
2026-06-11T14:52:36.872Z [league] kestrel vs hydra · seed 51914 · arena #23 · kestrel 0W 36K dom 14.5 | hydra 1W 43K dom 25.0
2026-06-11T14:53:07.045Z [league] kestrel vs shrike · seed 51915 · arena #31 · kestrel 0W 29K dom 11.0 | shrike 1W 36K dom 21.0
2026-06-11T14:53:36.210Z [league] kestrel vs cuadrilla · seed 51916 · arena #41 · kestrel 0W 31K dom 15.5 | cuadrilla 0W 31K dom 15.5
2026-06-11T14:54:11.624Z [league] kestrel vs orca · seed 51917 · arena #53 · kestrel 0W 28K dom 7.0 | orca 1W 42K dom 27.5
2026-06-11T14:54:37.976Z [league] kestrel vs neural · seed 51918 · arena #67 · kestrel 1W 45K dom 39.0 | neural 0W 11K dom -11.5
2026-06-11T14:55:06.998Z [league] kestrel vs angler · seed 51919 · arena #88 · kestrel 0W 34K dom 8.0 | angler 1W 52K dom 34.5
2026-06-11T14:55:36.263Z [league] kestrel vs disciple · seed 51920 · arena #0 · kestrel 1W 46K dom 44.5 | disciple 0W 2K dom -21.0
2026-06-11T14:56:04.689Z [league] wolf vs plover · seed 51921 · arena #5 · wolf 1W 44K dom 25.0 | plover 0W 38K dom 16.0
2026-06-11T14:56:34.787Z [league] wolf vs hydra · seed 51922 · arena #11 · wolf 1W 42K dom 26.5 | hydra 0W 31K dom 10.0
2026-06-11T14:57:04.873Z [league] wolf vs shrike · seed 51923 · arena #19 · wolf 1W 34K dom 19.0 | shrike 0W 30K dom 13.0
2026-06-11T14:57:34.668Z [league] wolf vs cuadrilla · seed 51924 · arena #23 · wolf 0W 28K dom 13.5 | cuadrilla 1W 28K dom 14.0
2026-06-11T14:58:04.896Z [league] wolf vs orca · seed 51925 · arena #31 · wolf 1W 41K dom 23.5 | orca 0W 35K dom 14.5
2026-06-11T14:58:38.443Z [league] wolf vs neural · seed 51926 · arena #41 · wolf 1W 42K dom 39.5 | neural 0W 5K dom -16.0
2026-06-11T14:59:06.663Z [league] wolf vs angler · seed 51927 · arena #53 · wolf 0W 38K dom 16.5 | angler 1W 43K dom 24.0
2026-06-11T14:59:39.804Z [league] wolf vs disciple · seed 51928 · arena #67 · wolf 1W 52K dom 50.0 | disciple 0W 3K dom -23.0
2026-06-11T15:00:06.028Z [league] plover vs hydra · seed 51929 · arena #88 · plover 0W 29K dom 13.0 | hydra 1W 32K dom 17.5
2026-06-11T15:00:35.548Z [league] plover vs shrike · seed 51930 · arena #0 · plover 0W 30K dom 10.5 | shrike 1W 39K dom 23.5
2026-06-11T15:01:04.165Z [league] plover vs cuadrilla · seed 51931 · arena #5 · plover 0W 17K dom 8.5 | cuadrilla 0W 17K dom 8.5
2026-06-11T15:01:35.589Z [league] plover vs orca · seed 51932 · arena #11 · plover 0W 32K dom 15.0 | orca 1W 33K dom 17.0
2026-06-11T15:02:05.968Z [league] plover vs neural · seed 51933 · arena #19 · plover 1W 37K dom 34.5 | neural 0W 5K dom -14.0
2026-06-11T15:02:35.129Z [league] plover vs angler · seed 51934 · arena #23 · plover 1W 32K dom 16.5 | angler 0W 30K dom 14.0
2026-06-11T15:03:08.184Z [league] plover vs disciple · seed 51935 · arena #31 · plover 1W 50K dom 49.0 | disciple 0W 2K dom -23.0
2026-06-11T15:03:35.716Z [league] hydra vs shrike · seed 51936 · arena #41 · hydra 1W 28K dom 15.0 | shrike 0W 26K dom 12.0
2026-06-11T15:04:06.479Z [league] hydra vs cuadrilla · seed 51937 · arena #53 · hydra 0W 35K dom 13.5 | cuadrilla 1W 43K dom 25.5
2026-06-11T15:04:36.489Z [league] hydra vs orca · seed 51938 · arena #67 · hydra 0W 32K dom 13.5 | orca 1W 36K dom 20.0
2026-06-11T15:05:05.641Z [league] hydra vs neural · seed 51939 · arena #88 · hydra 1W 47K dom 43.0 | neural 0W 8K dom -15.5
2026-06-11T15:05:32.428Z [league] hydra vs angler · seed 51940 · arena #0 · hydra 0W 30K dom 12.0 | angler 1W 36K dom 21.0
2026-06-11T15:06:05.065Z [league] hydra vs disciple · seed 51941 · arena #5 · hydra 1W 33K dom 32.5 | disciple 0W 1K dom -15.5
2026-06-11T15:06:34.851Z [league] shrike vs cuadrilla · seed 51942 · arena #11 · shrike 1W 28K dom 14.5 | cuadrilla 0W 27K dom 13.0
2026-06-11T15:07:05.486Z [league] shrike vs orca · seed 51943 · arena #19 · shrike 1W 41K dom 21.5 | orca 0W 39K dom 18.5
2026-06-11T15:07:34.004Z [league] shrike vs neural · seed 51944 · arena #23 · shrike 1W 38K dom 34.5 | neural 0W 7K dom -12.5
2026-06-11T15:08:03.363Z [league] shrike vs angler · seed 51945 · arena #31 · shrike 0W 39K dom 16.5 | angler 1W 45K dom 25.5
2026-06-11T15:08:34.549Z [league] shrike vs disciple · seed 51946 · arena #41 · shrike 1W 46K dom 43.5 | disciple 0W 5K dom -18.5
2026-06-11T15:09:04.406Z [league] cuadrilla vs orca · seed 51947 · arena #53 · cuadrilla 1W 35K dom 18.5 | orca 0W 33K dom 15.5
2026-06-11T15:09:34.189Z [league] cuadrilla vs neural · seed 51948 · arena #67 · cuadrilla 1W 52K dom 48.0 | neural 0W 8K dom -18.0
2026-06-11T15:10:02.927Z [league] cuadrilla vs angler · seed 51949 · arena #88 · cuadrilla 0W 24K dom 9.5 | angler 1W 29K dom 17.0
2026-06-11T15:10:34.409Z [league] cuadrilla vs disciple · seed 51950 · arena #0 · cuadrilla 1W 38K dom 37.5 | disciple 0W 1K dom -18.0
2026-06-11T15:11:04.551Z [league] orca vs neural · seed 51951 · arena #5 · orca 1W 47K dom 43.5 | neural 0W 7K dom -17.5
2026-06-11T15:11:34.647Z [league] orca vs angler · seed 51952 · arena #11 · orca 1W 32K dom 16.5 | angler 0W 30K dom 14.0
2026-06-11T15:12:04.240Z [league] orca vs disciple · seed 51953 · arena #19 · orca 1W 51K dom 48.5 | disciple 0W 4K dom -21.5
2026-06-11T15:12:33.783Z [league] neural vs angler · seed 51954 · arena #23 · neural 0W 13K dom -13.5 | angler 1W 53K dom 46.5
2026-06-11T15:13:04.760Z [league] neural vs disciple · seed 51955 · arena #31 · neural 1W 7K dom 5.5 | disciple 0W 2K dom -2.0
2026-06-11T15:13:34.158Z [league] angler vs disciple · seed 51956 · arena #41 · angler 1W 48K dom 46.5 | disciple 0W 3K dom -21.0
2026-06-11T15:14:02.972Z [league] new round-robin pass: 14 engines, 91 pairings
2026-06-11T15:14:06.756Z [league] datasets/ at 38.14 GB — OVER WARN THRESHOLD, consider archiving
2026-06-11T15:14:12.166Z [league] classic vs pilot · seed 51957 · arena #53 · classic 0W 19K dom 3.5 | pilot 1W 31K dom 19.5
2026-06-11T15:14:34.052Z [league] classic vs reaper · seed 51958 · arena #67 · classic 0W 24K dom 4.0 | reaper 1W 40K dom 27.5
2026-06-11T15:15:04.152Z [league] classic vs matador · seed 51959 · arena #88 · classic 0W 19K dom -3.0 | matador 1W 42K dom 32.0
2026-06-11T15:15:34.373Z [league] classic vs kestrel · seed 51960 · arena #0 · classic 0W 19K dom 0.0 | kestrel 1W 38K dom 28.5
2026-06-11T15:16:04.128Z [league] classic vs wolf · seed 51961 · arena #5 · classic 0W 14K dom -10.5 | wolf 1W 49K dom 42.0
2026-06-11T15:16:37.160Z [league] classic vs plover · seed 51962 · arena #11 · classic 0W 20K dom -2.0 | plover 1W 43K dom 33.0
2026-06-11T15:17:05.181Z [league] classic vs hydra · seed 51963 · arena #19 · classic 0W 16K dom -7.5 | hydra 1W 47K dom 39.0
2026-06-11T15:17:34.243Z [league] classic vs shrike · seed 51964 · arena #23 · classic 0W 21K dom -3.5 | shrike 1W 48K dom 37.5
2026-06-11T15:18:04.580Z [league] classic vs cuadrilla · seed 51965 · arena #31 · classic 0W 14K dom -6.0 | cuadrilla 1W 40K dom 33.0
2026-06-11T15:18:35.123Z [league] classic vs orca · seed 51966 · arena #41 · classic 0W 15K dom -8.0 | orca 1W 46K dom 38.5
2026-06-11T15:19:02.976Z [league] classic vs neural · seed 51967 · arena #53 · classic 1W 24K dom 19.0 | neural 0W 10K dom -3.0
2026-06-11T15:19:34.456Z [league] classic vs angler · seed 51968 · arena #67 · classic 0W 15K dom -11.0 | angler 1W 51K dom 43.5
2026-06-11T15:20:06.116Z [league] classic vs disciple · seed 51969 · arena #88 · classic 1W 23K dom 19.5 | disciple 0W 7K dom -5.5
2026-06-11T15:20:34.278Z [league] pilot vs reaper · seed 51970 · arena #0 · pilot 1W 27K dom 13.5 | reaper 0W 26K dom 11.5
2026-06-11T15:21:03.815Z [league] pilot vs matador · seed 51971 · arena #5 · pilot 0W 36K dom 13.5 | matador 1W 45K dom 27.0
2026-06-11T15:21:34.965Z [league] pilot vs kestrel · seed 51972 · arena #11 · pilot 0W 27K dom 13.5 | kestrel 0W 27K dom 13.5
2026-06-11T15:22:06.644Z [league] pilot vs wolf · seed 51973 · arena #19 · pilot 0W 33K dom 10.0 | wolf 1W 46K dom 29.5
2026-06-11T15:22:34.727Z [league] pilot vs plover · seed 51974 · arena #23 · pilot 0W 30K dom 10.5 | plover 1W 39K dom 23.5
2026-06-11T15:23:05.851Z [league] pilot vs hydra · seed 51975 · arena #31 · pilot 0W 30K dom 9.5 | hydra 1W 41K dom 26.0
2026-06-11T15:23:34.980Z [league] pilot vs shrike · seed 51976 · arena #41 · pilot 0W 28K dom 7.0 | shrike 1W 42K dom 28.0
2026-06-11T15:24:05.175Z [league] pilot vs cuadrilla · seed 51977 · arena #53 · pilot 0W 24K dom 8.5 | cuadrilla 1W 31K dom 19.0
2026-06-11T15:24:35.693Z [league] pilot vs orca · seed 51978 · arena #67 · pilot 0W 30K dom 10.0 | orca 1W 40K dom 25.0
2026-06-11T15:25:04.681Z [league] pilot vs neural · seed 51979 · arena #88 · pilot 1W 27K dom 23.0 | neural 0W 7K dom -7.0
2026-06-11T15:25:34.960Z [league] pilot vs angler · seed 51980 · arena #0 · pilot 0W 21K dom 1.0 | angler 1W 40K dom 29.0
2026-06-11T15:26:02.790Z [league] pilot vs disciple · seed 51981 · arena #5 · pilot 1W 46K dom 42.5 | disciple 0W 6K dom -17.0
2026-06-11T15:26:34.243Z [league] reaper vs matador · seed 51982 · arena #11 · reaper 0W 33K dom 11.0 | matador 1W 44K dom 27.0
2026-06-11T15:27:05.185Z [league] reaper vs kestrel · seed 51983 · arena #19 · reaper 0W 30K dom 7.5 | kestrel 1W 45K dom 30.0
2026-06-11T15:27:35.598Z [league] reaper vs wolf · seed 51984 · arena #23 · reaper 0W 28K dom 5.5 | wolf 1W 45K dom 31.0
2026-06-11T15:28:05.776Z [league] reaper vs plover · seed 51985 · arena #31 · reaper 0W 29K dom 8.0 | plover 1W 42K dom 27.5
2026-06-11T15:28:34.699Z [league] reaper vs hydra · seed 51986 · arena #41 · reaper 0W 32K dom 14.5 | hydra 1W 35K dom 19.0
2026-06-11T15:29:02.809Z [league] reaper vs shrike · seed 51987 · arena #53 · reaper 0W 26K dom 7.5 | shrike 1W 37K dom 24.0
2026-06-11T15:29:32.039Z [league] reaper vs cuadrilla · seed 51988 · arena #67 · reaper 0W 24K dom 8.0 | cuadrilla 1W 32K dom 20.0
2026-06-11T15:30:02.186Z [league] reaper vs orca · seed 51989 · arena #88 · reaper 0W 22K dom 2.5 | orca 1W 38K dom 27.0
2026-06-11T15:30:32.010Z [league] reaper vs neural · seed 51990 · arena #0 · reaper 1W 35K dom 30.5 | neural 0W 9K dom -9.5
2026-06-11T15:31:01.936Z [league] reaper vs angler · seed 51991 · arena #5 · reaper 0W 30K dom 8.0 | angler 1W 44K dom 29.0
2026-06-11T15:31:31.984Z [league] reaper vs disciple · seed 51992 · arena #11 · reaper 1W 41K dom 38.5 | disciple 0W 5K dom -16.0
2026-06-11T15:32:01.695Z [league] matador vs kestrel · seed 51993 · arena #19 · matador 1W 43K dom 27.5 | kestrel 0W 30K dom 8.0
2026-06-11T15:32:31.539Z [league] matador vs wolf · seed 51994 · arena #23 · matador 0W 44K dom 22.0 | wolf 0W 44K dom 22.0
2026-06-11T15:33:01.858Z [league] matador vs plover · seed 51995 · arena #31 · matador 1W 33K dom 20.5 | plover 0W 24K dom 7.5
2026-06-11T15:33:31.821Z [league] matador vs hydra · seed 51996 · arena #41 · matador 0W 24K dom 7.5 | hydra 1W 32K dom 20.0
2026-06-11T15:34:01.775Z [league] matador vs shrike · seed 51997 · arena #53 · matador 1W 44K dom 24.5 | shrike 0W 39K dom 17.0
2026-06-11T15:34:31.766Z [league] matador vs cuadrilla · seed 51998 · arena #67 · matador 0W 36K dom 15.5 | cuadrilla 1W 41K dom 23.0
2026-06-11T15:35:01.938Z [league] matador vs orca · seed 51999 · arena #88 · matador 1W 40K dom 23.0 | orca 0W 33K dom 12.5
2026-06-11T15:35:33.452Z [league] matador vs neural · seed 52000 · arena #0 · matador 1W 54K dom 48.5 | neural 0W 11K dom -16.0
2026-06-11T15:36:01.839Z [league] matador vs angler · seed 52001 · arena #5 · matador 0W 42K dom 17.5 | angler 1W 49K dom 28.0
2026-06-11T15:36:32.092Z [league] matador vs disciple · seed 52002 · arena #11 · matador 1W 55K dom 54.0 | disciple 0W 2K dom -25.5
2026-06-11T15:37:02.182Z [league] kestrel vs wolf · seed 52003 · arena #19 · kestrel 0W 30K dom 14.5 | wolf 0W 30K dom 14.5
2026-06-11T15:37:32.273Z [league] kestrel vs plover · seed 52004 · arena #23 · kestrel 0W 33K dom 15.5 | plover 1W 34K dom 17.0
2026-06-11T15:38:03.622Z [league] kestrel vs hydra · seed 52005 · arena #31 · kestrel 0W 31K dom 14.0 | hydra 1W 34K dom 18.5
2026-06-11T15:38:33.090Z [league] kestrel vs shrike · seed 52006 · arena #41 · kestrel 0W 26K dom 10.0 | shrike 1W 31K dom 18.0
2026-06-11T15:39:02.125Z [league] kestrel vs cuadrilla · seed 52007 · arena #53 · kestrel 0W 31K dom 12.5 | cuadrilla 1W 37K dom 21.5
2026-06-11T15:39:32.003Z [league] kestrel vs orca · seed 52008 · arena #67 · kestrel 0W 35K dom 17.0 | orca 1W 36K dom 18.5
2026-06-11T15:40:01.815Z [league] kestrel vs neural · seed 52009 · arena #88 · kestrel 1W 39K dom 33.5 | neural 0W 11K dom -8.5
2026-06-11T15:40:33.740Z [league] kestrel vs angler · seed 52010 · arena #0 · kestrel 0W 33K dom 11.0 | angler 1W 44K dom 27.5
2026-06-11T15:41:02.973Z [league] kestrel vs disciple · seed 52011 · arena #5 · kestrel 1W 32K dom 31.0 | disciple 0W 2K dom -14.0
2026-06-11T15:41:33.692Z [league] wolf vs plover · seed 52012 · arena #11 · wolf 1W 44K dom 24.5 | plover 0W 39K dom 17.0
2026-06-11T15:42:03.183Z [league] wolf vs hydra · seed 52013 · arena #19 · wolf 1W 34K dom 19.0 | hydra 0W 30K dom 12.5
2026-06-11T15:42:32.986Z [league] wolf vs shrike · seed 52014 · arena #23 · wolf 1W 42K dom 24.5 | shrike 0W 35K dom 14.0
2026-06-11T15:43:03.608Z [league] wolf vs cuadrilla · seed 52015 · arena #31 · wolf 0W 38K dom 18.5 | cuadrilla 1W 39K dom 20.0
2026-06-11T15:43:33.758Z [league] wolf vs orca · seed 52016 · arena #41 · wolf 1W 32K dom 17.0 | orca 0W 30K dom 14.0
2026-06-11T15:44:03.096Z [league] wolf vs neural · seed 52017 · arena #53 · wolf 1W 55K dom 50.0 | neural 0W 10K dom -17.5
2026-06-11T15:44:31.773Z [league] wolf vs angler · seed 52018 · arena #67 · wolf 0W 34K dom 12.5 | angler 1W 43K dom 26.0
2026-06-11T15:45:01.860Z [league] wolf vs disciple · seed 52019 · arena #88 · wolf 1W 49K dom 48.0 | disciple 0W 2K dom -22.5
2026-06-11T15:45:31.851Z [league] plover vs hydra · seed 52020 · arena #0 · plover 0W 35K dom 15.0 | hydra 1W 40K dom 22.5
2026-06-11T15:46:02.039Z [league] plover vs shrike · seed 52021 · arena #5 · plover 1W 26K dom 13.0 | shrike 0W 26K dom 12.5
2026-06-11T15:46:31.864Z [league] plover vs cuadrilla · seed 52022 · arena #11 · plover 0W 24K dom 11.0 | cuadrilla 1W 25K dom 13.0
2026-06-11T15:47:02.176Z [league] plover vs orca · seed 52023 · arena #19 · plover 0W 26K dom 9.0 | orca 1W 34K dom 20.5
2026-06-11T15:47:31.985Z [league] plover vs neural · seed 52024 · arena #23 · plover 1W 36K dom 30.0 | neural 0W 11K dom -7.0
2026-06-11T15:48:01.975Z [league] plover vs angler · seed 52025 · arena #31 · plover 0W 26K dom 4.0 | angler 1W 44K dom 31.0
2026-06-11T15:48:31.973Z [league] plover vs disciple · seed 52026 · arena #41 · plover 1W 49K dom 46.5 | disciple 0W 5K dom -19.5
2026-06-11T15:49:01.970Z [league] hydra vs shrike · seed 52027 · arena #53 · hydra 0W 33K dom 15.5 | shrike 1W 35K dom 18.5
2026-06-11T15:49:31.929Z [league] hydra vs cuadrilla · seed 52028 · arena #67 · hydra 0W 34K dom 14.5 | cuadrilla 1W 39K dom 22.0
2026-06-11T15:50:02.466Z [league] hydra vs orca · seed 52029 · arena #88 · hydra 0W 28K dom 14.0 | orca 0W 28K dom 14.0
2026-06-11T15:50:31.847Z [league] hydra vs neural · seed 52030 · arena #0 · hydra 1W 38K dom 35.0 | neural 0W 6K dom -13.0
2026-06-11T15:51:01.962Z [league] hydra vs angler · seed 52031 · arena #5 · hydra 0W 33K dom 13.0 | angler 1W 40K dom 23.5
2026-06-11T15:51:31.977Z [league] hydra vs disciple · seed 52032 · arena #11 · hydra 1W 49K dom 46.5 | disciple 0W 5K dom -19.5
2026-06-11T15:52:01.942Z [league] shrike vs cuadrilla · seed 52033 · arena #19 · shrike 0W 35K dom 16.5 | cuadrilla 1W 37K dom 19.5
2026-06-11T15:52:32.166Z [league] shrike vs orca · seed 52034 · arena #23 · shrike 1W 41K dom 24.0 | orca 0W 34K dom 13.5
2026-06-11T15:53:02.004Z [league] shrike vs neural · seed 52035 · arena #31 · shrike 1W 39K dom 37.0 | neural 0W 4K dom -15.5
2026-06-11T15:53:31.899Z [league] shrike vs angler · seed 52036 · arena #41 · shrike 0W 41K dom 17.5 | angler 1W 47K dom 26.5
2026-06-11T15:54:02.047Z [league] shrike vs disciple · seed 52037 · arena #53 · shrike 1W 43K dom 41.5 | disciple 0W 3K dom -18.5
2026-06-11T15:54:32.196Z [league] cuadrilla vs orca · seed 52038 · arena #67 · cuadrilla 1W 26K dom 13.5 | orca 0W 25K dom 11.5
2026-06-11T15:55:02.623Z [league] cuadrilla vs neural · seed 52039 · arena #88 · cuadrilla 1W 43K dom 39.0 | neural 0W 8K dom -13.5
2026-06-11T15:55:32.033Z [league] cuadrilla vs angler · seed 52040 · arena #0 · cuadrilla 0W 24K dom 12.0 | angler 0W 24K dom 12.0
2026-06-11T15:56:02.006Z [league] cuadrilla vs disciple · seed 52041 · arena #5 · cuadrilla 1W 47K dom 45.0 | disciple 0W 4K dom -19.5
2026-06-11T15:56:32.152Z [league] orca vs neural · seed 52042 · arena #11 · orca 1W 47K dom 42.5 | neural 0W 9K dom -14.5
2026-06-11T15:57:02.729Z [league] orca vs angler · seed 52043 · arena #19 · orca 0W 41K dom 19.0 | angler 1W 44K dom 23.5
2026-06-11T15:57:32.301Z [league] orca vs disciple · seed 52044 · arena #23 · orca 1W 51K dom 50.5 | disciple 0W 1K dom -24.5
2026-06-11T15:58:01.957Z [league] neural vs angler · seed 52045 · arena #31 · neural 0W 7K dom -13.5 | angler 1W 40K dom 36.5
2026-06-11T15:58:32.185Z [league] neural vs disciple · seed 52046 · arena #41 · neural 1W 5K dom 4.0 | disciple 0W 2K dom -1.0
2026-06-11T15:59:02.141Z [league] angler vs disciple · seed 52047 · arena #53 · angler 1W 52K dom 51.0 | disciple 0W 2K dom -24.0
2026-06-11T15:59:30.892Z [league] new round-robin pass: 14 engines, 91 pairings
2026-06-11T15:59:32.077Z [league] datasets/ at 38.67 GB — OVER WARN THRESHOLD, consider archiving
2026-06-11T15:59:34.288Z [league] classic vs pilot · seed 52048 · arena #67 · classic 0W 17K dom -1.0 | pilot 1W 36K dom 27.0
2026-06-11T16:00:01.979Z [league] classic vs reaper · seed 52049 · arena #88 · classic 0W 22K dom 3.0 | reaper 1W 38K dom 27.0
2026-06-11T16:00:31.936Z [league] classic vs matador · seed 52050 · arena #0 · classic 0W 21K dom -3.5 | matador 1W 49K dom 38.5
2026-06-11T16:01:02.079Z [league] classic vs kestrel · seed 52051 · arena #5 · classic 0W 21K dom -4.0 | kestrel 1W 50K dom 39.5
2026-06-11T16:01:31.938Z [league] classic vs wolf · seed 52052 · arena #11 · classic 0W 14K dom -12.5 | wolf 1W 53K dom 45.5
2026-06-11T16:02:01.907Z [league] classic vs plover · seed 52053 · arena #19 · classic 0W 20K dom -1.0 | plover 1W 41K dom 30.5
2026-06-11T16:02:31.997Z [league] classic vs hydra · seed 52054 · arena #23 · classic 0W 13K dom -7.0 | hydra 1W 40K dom 33.0
2026-06-11T16:03:02.283Z [league] classic vs shrike · seed 52055 · arena #31 · classic 0W 14K dom -9.0 | shrike 1W 46K dom 39.0
2026-06-11T16:03:32.013Z [league] classic vs cuadrilla · seed 52056 · arena #41 · classic 0W 17K dom -1.0 | cuadrilla 1W 34K dom 25.0
2026-06-11T16:04:02.502Z [league] classic vs orca · seed 52057 · arena #53 · classic 0W 19K dom -6.5 | orca 1W 51K dom 41.5
2026-06-11T16:04:31.986Z [league] classic vs neural · seed 52058 · arena #67 · classic 1W 26K dom 20.0 | neural 0W 11K dom -3.0
2026-06-11T16:05:01.930Z [league] classic vs angler · seed 52059 · arena #88 · classic 0W 12K dom -13.5 | angler 1W 51K dom 44.5
2026-06-11T16:05:32.130Z [league] classic vs disciple · seed 52060 · arena #0 · classic 1W 30K dom 25.5 | disciple 0W 9K dom -6.5
2026-06-11T16:06:01.829Z [league] pilot vs reaper · seed 52061 · arena #5 · pilot 1W 31K dom 18.5 | reaper 0W 23K dom 7.5
2026-06-11T16:06:31.693Z [league] pilot vs matador · seed 52062 · arena #11 · pilot 0W 32K dom 7.5 | matador 1W 49K dom 33.0
2026-06-11T16:07:01.891Z [league] pilot vs kestrel · seed 52063 · arena #19 · pilot 0W 32K dom 12.5 | kestrel 1W 37K dom 21.0
2026-06-11T16:07:31.798Z [league] pilot vs wolf · seed 52064 · arena #23 · pilot 0W 26K dom 7.0 | wolf 1W 38K dom 24.0
2026-06-11T16:08:01.991Z [league] pilot vs plover · seed 52065 · arena #31 · pilot 0W 27K dom 10.5 | plover 1W 33K dom 19.5
2026-06-11T16:08:31.956Z [league] pilot vs hydra · seed 52066 · arena #41 · pilot 0W 30K dom 8.5 | hydra 1W 43K dom 27.5
2026-06-11T16:09:01.913Z [league] pilot vs shrike · seed 52067 · arena #53 · pilot 0W 31K dom 11.0 | shrike 1W 40K dom 24.5
2026-06-11T16:09:31.862Z [league] pilot vs cuadrilla · seed 52068 · arena #67 · pilot 0W 28K dom 7.5 | cuadrilla 1W 41K dom 26.5
2026-06-11T16:10:02.103Z [league] pilot vs orca · seed 52069 · arena #88 · pilot 0W 30K dom 10.0 | orca 1W 40K dom 25.0
2026-06-11T16:10:31.935Z [league] pilot vs neural · seed 52070 · arena #0 · pilot 1W 32K dom 29.0 | neural 0W 5K dom -11.5
2026-06-11T16:11:01.963Z [league] pilot vs angler · seed 52071 · arena #5 · pilot 0W 28K dom 7.5 | angler 1W 41K dom 26.5
2026-06-11T16:11:32.109Z [league] pilot vs disciple · seed 52072 · arena #11 · pilot 1W 24K dom 23.0 | disciple 0W 2K dom -10.0
2026-06-11T16:12:01.789Z [league] reaper vs matador · seed 52073 · arena #19 · reaper 0W 32K dom 8.0 | matador 1W 47K dom 31.0
2026-06-11T16:12:31.975Z [league] reaper vs kestrel · seed 52074 · arena #23 · reaper 0W 28K dom 14.0 | kestrel 0W 28K dom 14.0
2026-06-11T16:13:01.838Z [league] reaper vs wolf · seed 52075 · arena #31 · reaper 0W 30K dom 7.0 | wolf 1W 45K dom 30.0
2026-06-11T16:13:31.957Z [league] reaper vs plover · seed 52076 · arena #41 · reaper 0W 29K dom 10.5 | plover 1W 37K dom 22.5
2026-06-11T16:14:01.943Z [league] reaper vs hydra · seed 52077 · arena #53 · reaper 0W 27K dom 9.0 | hydra 1W 36K dom 22.0
2026-06-11T16:14:31.967Z [league] reaper vs shrike · seed 52078 · arena #67 · reaper 0W 29K dom 8.0 | shrike 1W 42K dom 27.5
2026-06-11T16:15:02.002Z [league] reaper vs cuadrilla · seed 52079 · arena #88 · reaper 0W 25K dom 8.5 | cuadrilla 1W 33K dom 20.5
2026-06-11T16:15:32.199Z [league] reaper vs orca · seed 52080 · arena #0 · reaper 0W 21K dom -0.5 | orca 1W 42K dom 31.5
2026-06-11T16:16:01.946Z [league] reaper vs neural · seed 52081 · arena #5 · reaper 1W 27K dom 22.0 | neural 0W 9K dom -5.0
2026-06-11T16:16:31.975Z [league] reaper vs angler · seed 52082 · arena #11 · reaper 0W 19K dom 1.0 | angler 1W 36K dom 26.5
2026-06-11T16:17:02.115Z [league] reaper vs disciple · seed 52083 · arena #19 · reaper 1W 36K dom 34.0 | disciple 0W 3K dom -15.0
2026-06-11T16:17:31.894Z [league] matador vs kestrel · seed 52084 · arena #23 · matador 1W 42K dom 26.0 | kestrel 0W 32K dom 11.0
2026-06-11T16:18:01.835Z [league] matador vs wolf · seed 52085 · arena #31 · matador 0W 42K dom 21.0 | wolf 0W 42K dom 21.0
2026-06-11T16:18:31.955Z [league] matador vs plover · seed 52086 · arena #41 · matador 1W 39K dom 23.5 | plover 0W 31K dom 11.5
2026-06-11T16:19:01.931Z [league] matador vs hydra · seed 52087 · arena #53 · matador 1W 33K dom 17.0 | hydra 0W 31K dom 14.5
2026-06-11T16:19:31.920Z [league] matador vs shrike · seed 52088 · arena #67 · matador 1W 44K dom 24.0 | shrike 0W 40K dom 18.0
2026-06-11T16:20:02.014Z [league] matador vs cuadrilla · seed 52089 · arena #88 · matador 0W 32K dom 14.5 | cuadrilla 1W 35K dom 18.5
2026-06-11T16:20:32.208Z [league] matador vs orca · seed 52090 · arena #0 · matador 0W 33K dom 15.0 | orca 1W 35K dom 18.5
2026-06-11T16:21:01.915Z [league] matador vs neural · seed 52091 · arena #5 · matador 1W 50K dom 45.0 | neural 0W 10K dom -15.0
2026-06-11T16:21:31.884Z [league] matador vs angler · seed 52092 · arena #11 · matador 0W 39K dom 14.0 | angler 1W 49K dom 29.5
2026-06-11T16:22:02.000Z [league] matador vs disciple · seed 52093 · arena #19 · matador 1W 53K dom 51.5 | disciple 0W 3K dom -23.5
2026-06-11T16:22:31.814Z [league] kestrel vs wolf · seed 52094 · arena #23 · kestrel 0W 33K dom 11.5 | wolf 1W 43K dom 26.5
2026-06-11T16:23:02.355Z [league] kestrel vs plover · seed 52095 · arena #31 · kestrel 0W 25K dom 11.0 | plover 1W 28K dom 15.5
2026-06-11T16:23:32.082Z [league] kestrel vs hydra · seed 52096 · arena #41 · kestrel 0W 31K dom 14.5 | hydra 1W 33K dom 17.0
2026-06-11T16:24:01.979Z [league] kestrel vs shrike · seed 52097 · arena #53 · kestrel 0W 34K dom 14.5 | shrike 1W 39K dom 22.0
2026-06-11T16:24:32.040Z [league] kestrel vs cuadrilla · seed 52098 · arena #67 · kestrel 0W 30K dom 12.0 | cuadrilla 1W 36K dom 21.0
2026-06-11T16:25:02.139Z [league] kestrel vs orca · seed 52099 · arena #88 · kestrel 0W 33K dom 12.5 | orca 1W 41K dom 24.5
2026-06-11T16:25:31.985Z [league] kestrel vs neural · seed 52100 · arena #0 · kestrel 1W 41K dom 36.5 | neural 0W 9K dom -11.5
2026-06-11T16:26:02.031Z [league] kestrel vs angler · seed 52101 · arena #5 · kestrel 0W 29K dom 7.0 | angler 1W 44K dom 29.0
2026-06-11T16:26:32.080Z [league] kestrel vs disciple · seed 52102 · arena #11 · kestrel 1W 35K dom 34.0 | disciple 0W 2K dom -15.5
2026-06-11T16:27:01.919Z [league] wolf vs plover · seed 52103 · arena #19 · wolf 1W 41K dom 23.5 | plover 0W 34K dom 13.5
2026-06-11T16:27:31.953Z [league] wolf vs hydra · seed 52104 · arena #23 · wolf 0W 38K dom 17.5 | hydra 1W 41K dom 21.5
2026-06-11T16:28:02.022Z [league] wolf vs shrike · seed 52105 · arena #31 · wolf 0W 39K dom 18.5 | shrike 1W 41K dom 21.5
2026-06-11T16:28:31.995Z [league] wolf vs cuadrilla · seed 52106 · arena #41 · wolf 0W 37K dom 16.0 | cuadrilla 1W 42K dom 23.5
2026-06-11T16:29:02.167Z [league] wolf vs orca · seed 52107 · arena #53 · wolf 1W 32K dom 17.5 | orca 0W 28K dom 12.0
2026-06-11T16:29:31.904Z [league] wolf vs neural · seed 52108 · arena #67 · wolf 1W 50K dom 47.5 | neural 0W 4K dom -21.0
2026-06-11T16:30:01.984Z [league] wolf vs angler · seed 52109 · arena #88 · wolf 0W 31K dom 9.5 | angler 1W 42K dom 26.5
2026-06-11T16:30:32.029Z [league] wolf vs disciple · seed 52110 · arena #0 · wolf 1W 47K dom 46.5 | disciple 0W 1K dom -22.5
2026-06-11T16:31:02.102Z [league] plover vs hydra · seed 52111 · arena #5 · plover 1W 38K dom 21.5 | hydra 0W 33K dom 14.0
2026-06-11T16:31:32.093Z [league] plover vs shrike · seed 52112 · arena #11 · plover 0W 34K dom 15.0 | shrike 1W 38K dom 21.0
2026-06-11T16:32:02.202Z [league] plover vs cuadrilla · seed 52113 · arena #19 · plover 0W 27K dom 9.0 | cuadrilla 1W 36K dom 22.5
2026-06-11T16:32:32.454Z [league] plover vs orca · seed 52114 · arena #23 · plover 0W 31K dom 11.5 | orca 1W 39K dom 23.5
2026-06-11T16:33:02.099Z [league] plover vs neural · seed 52115 · arena #31 · plover 1W 45K dom 41.0 | neural 0W 7K dom -16.0
2026-06-11T16:33:32.190Z [league] plover vs angler · seed 52116 · arena #41 · plover 0W 26K dom 5.0 | angler 1W 42K dom 28.5
2026-06-11T16:34:02.253Z [league] plover vs disciple · seed 52117 · arena #53 · plover 1W 35K dom 34.5 | disciple 0W 1K dom -16.5
2026-06-11T16:34:32.234Z [league] hydra vs shrike · seed 52118 · arena #67 · hydra 1W 32K dom 18.5 | shrike 0W 27K dom 11.0
2026-06-11T16:35:02.265Z [league] hydra vs cuadrilla · seed 52119 · arena #88 · hydra 0W 30K dom 12.5 | cuadrilla 1W 35K dom 20.0
2026-06-11T16:35:32.572Z [league] hydra vs orca · seed 52120 · arena #0 · hydra 0W 21K dom 9.0 | orca 1W 23K dom 12.0
2026-06-11T16:36:02.171Z [league] hydra vs neural · seed 52121 · arena #5 · hydra 1W 51K dom 47.0 | neural 0W 8K dom -17.5
2026-06-11T16:36:32.121Z [league] hydra vs angler · seed 52122 · arena #11 · hydra 0W 35K dom 13.5 | angler 1W 43K dom 25.5
2026-06-11T16:37:02.253Z [league] hydra vs disciple · seed 52123 · arena #19 · hydra 1W 45K dom 44.0 | disciple 0W 2K dom -20.5
2026-06-11T16:37:32.297Z [league] shrike vs cuadrilla · seed 52124 · arena #23 · shrike 0W 36K dom 15.5 | cuadrilla 1W 41K dom 23.0
2026-06-11T16:38:02.378Z [league] shrike vs orca · seed 52125 · arena #31 · shrike 0W 36K dom 17.0 | orca 1W 36K dom 17.5
2026-06-11T16:38:32.248Z [league] shrike vs neural · seed 52126 · arena #41 · shrike 1W 45K dom 40.0 | neural 0W 10K dom -13.0
2026-06-11T16:39:02.333Z [league] shrike vs angler · seed 52127 · arena #53 · shrike 0W 33K dom 10.0 | angler 1W 46K dom 29.5
2026-06-11T16:39:32.421Z [league] shrike vs disciple · seed 52128 · arena #67 · shrike 1W 36K dom 34.5 | disciple 0W 3K dom -15.0
2026-06-11T16:40:02.400Z [league] cuadrilla vs orca · seed 52129 · arena #88 · cuadrilla 0W 36K dom 18.0 | orca 0W 36K dom 18.0
2026-06-11T16:40:32.182Z [league] cuadrilla vs neural · seed 52130 · arena #0 · cuadrilla 1W 48K dom 44.5 | neural 0W 7K dom -17.0
2026-06-11T16:41:02.211Z [league] cuadrilla vs angler · seed 52131 · arena #5 · cuadrilla 0W 36K dom 13.0 | angler 1W 46K dom 28.0
2026-06-11T16:41:32.237Z [league] cuadrilla vs disciple · seed 52132 · arena #11 · cuadrilla 1W 40K dom 39.0 | disciple 0W 2K dom -18.0
2026-06-11T16:42:02.578Z [league] orca vs neural · seed 52133 · arena #19 · orca 1W 36K dom 33.0 | neural 0W 6K dom -12.0
2026-06-11T16:42:32.559Z [league] orca vs angler · seed 52134 · arena #23 · orca 0W 28K dom 12.0 | angler 1W 32K dom 18.0
2026-06-11T16:43:02.580Z [league] orca vs disciple · seed 52135 · arena #31 · orca 1W 50K dom 48.0 | disciple 0W 4K dom -21.0
2026-06-11T16:43:32.236Z [league] neural vs angler · seed 52136 · arena #41 · neural 0W 10K dom -10.5 | angler 1W 40K dom 35.0
2026-06-11T16:44:02.501Z [league] neural vs disciple · seed 52137 · arena #53 · neural 1W 8K dom 6.5 | disciple 0W 2K dom -2.0
2026-06-11T16:44:32.290Z [league] angler vs disciple · seed 52138 · arena #67 · angler 1W 53K dom 51.5 | disciple 0W 3K dom -23.5
2026-06-11T16:45:01.056Z [league] new round-robin pass: 14 engines, 91 pairings
2026-06-11T16:45:02.671Z [league] datasets/ at 38.95 GB — OVER WARN THRESHOLD, consider archiving
2026-06-11T16:45:04.748Z [league] classic vs pilot · seed 52139 · arena #88 · classic 0W 22K dom 0.5 | pilot 1W 43K dom 32.0
2026-06-11T16:45:32.104Z [league] classic vs reaper · seed 52140 · arena #0 · classic 0W 22K dom 1.0 | reaper 1W 42K dom 31.0
2026-06-11T16:46:02.235Z [league] classic vs matador · seed 52141 · arena #5 · classic 0W 23K dom 3.0 | matador 1W 40K dom 28.5
2026-06-11T16:46:31.973Z [league] classic vs kestrel · seed 52142 · arena #11 · classic 0W 21K dom -3.0 | kestrel 1W 48K dom 37.5
2026-06-11T16:47:02.159Z [league] classic vs wolf · seed 52143 · arena #19 · classic 0W 13K dom -7.5 | wolf 1W 40K dom 33.5
2026-06-11T16:47:32.148Z [league] classic vs plover · seed 52144 · arena #23 · classic 0W 20K dom 2.5 | plover 1W 35K dom 25.0
2026-06-11T16:48:02.198Z [league] classic vs hydra · seed 52145 · arena #31 · classic 0W 22K dom -0.5 | hydra 1W 45K dom 34.0
2026-06-11T16:48:32.255Z [league] classic vs shrike · seed 52146 · arena #41 · classic 0W 12K dom -11.0 | shrike 1W 46K dom 38.5
2026-06-11T16:49:03.409Z [league] classic vs cuadrilla · seed 52147 · arena #53 · classic 0W 18K dom -6.5 | cuadrilla 1W 49K dom 40.0
2026-06-11T16:49:32.399Z [league] classic vs orca · seed 52148 · arena #67 · classic 0W 20K dom -6.0 | orca 1W 51K dom 41.0
2026-06-11T16:50:02.376Z [league] classic vs neural · seed 52149 · arena #88 · classic 1W 28K dom 20.5 | neural 0W 15K dom 1.0
2026-06-11T16:50:32.234Z [league] classic vs angler · seed 52150 · arena #0 · classic 0W 18K dom -9.5 | angler 1W 55K dom 46.0
2026-06-11T16:51:02.450Z [league] classic vs disciple · seed 52151 · arena #5 · classic 1W 18K dom 13.0 | disciple 0W 8K dom -1.0
2026-06-11T16:51:32.219Z [league] pilot vs reaper · seed 52152 · arena #11 · pilot 0W 29K dom 14.0 | reaper 1W 29K dom 14.5
2026-06-11T16:52:01.977Z [league] pilot vs matador · seed 52153 · arena #19 · pilot 1W 32K dom 16.0 | matador 0W 31K dom 15.0
2026-06-11T16:52:32.322Z [league] pilot vs kestrel · seed 52154 · arena #23 · pilot 0W 28K dom 12.0 | kestrel 1W 31K dom 17.0
2026-06-11T16:53:02.006Z [league] pilot vs wolf · seed 52155 · arena #31 · pilot 0W 35K dom 10.5 | wolf 1W 49K dom 31.5
2026-06-11T16:53:32.028Z [league] pilot vs plover · seed 52156 · arena #41 · pilot 1W 35K dom 18.5 | plover 0W 33K dom 15.5
2026-06-11T16:54:02.167Z [league] pilot vs hydra · seed 52157 · arena #53 · pilot 0W 29K dom 9.5 | hydra 1W 37K dom 22.5
2026-06-11T16:54:32.115Z [league] pilot vs shrike · seed 52158 · arena #67 · pilot 0W 31K dom 10.0 | shrike 1W 42K dom 26.5
2026-06-11T18:17:18.590Z [league] pilot vs cuadrilla · seed 52159 · arena #88 · pilot 0W 26K dom 10.0 | cuadrilla 1W 30K dom 17.0
2026-06-11T18:17:37.058Z [league] pilot vs orca · seed 52160 · arena #0 · pilot 0W 24K dom 6.5 | orca 1W 35K dom 23.0
2026-06-11T18:18:02.344Z [league] pilot vs neural · seed 52161 · arena #5 · pilot 1W 44K dom 38.0 | neural 0W 11K dom -11.0
2026-06-11T18:18:32.260Z [league] pilot vs angler · seed 52162 · arena #11 · pilot 0W 27K dom 3.0 | angler 1W 47K dom 33.0
2026-06-11T18:19:04.023Z [league] pilot vs disciple · seed 52163 · arena #19 · pilot 1W 47K dom 44.0 | disciple 0W 5K dom -18.5
2026-06-11T18:19:32.422Z [league] reaper vs matador · seed 52164 · arena #23 · reaper 0W 23K dom 2.0 | matador 1W 42K dom 30.0
2026-06-11T18:20:02.294Z [league] reaper vs kestrel · seed 52165 · arena #31 · reaper 0W 31K dom 8.5 | kestrel 1W 44K dom 28.5
2026-06-11T18:20:32.176Z [league] reaper vs wolf · seed 52166 · arena #41 · reaper 0W 21K dom 3.0 | wolf 1W 36K dom 25.5
2026-06-11T18:21:02.272Z [league] reaper vs plover · seed 52167 · arena #53 · reaper 0W 21K dom 6.5 | plover 1W 29K dom 18.0
2026-06-11T18:21:32.358Z [league] reaper vs hydra · seed 52168 · arena #67 · reaper 0W 20K dom 4.5 | hydra 1W 31K dom 21.0
2026-06-11T18:22:02.321Z [league] reaper vs shrike · seed 52169 · arena #88 · reaper 0W 29K dom 8.0 | shrike 1W 42K dom 27.5
2026-06-11T18:22:32.319Z [league] reaper vs cuadrilla · seed 52170 · arena #0 · reaper 0W 20K dom 1.5 | cuadrilla 1W 37K dom 27.0
2026-06-11T18:23:02.481Z [league] reaper vs orca · seed 52171 · arena #5 · reaper 0W 24K dom 4.5 | orca 1W 39K dom 27.0
2026-06-11T18:23:32.289Z [league] reaper vs neural · seed 52172 · arena #11 · reaper 1W 40K dom 35.0 | neural 0W 10K dom -10.0
2026-06-11T18:24:02.270Z [league] reaper vs angler · seed 52173 · arena #19 · reaper 0W 26K dom 3.5 | angler 1W 45K dom 31.5
2026-06-11T18:24:32.359Z [league] reaper vs disciple · seed 52174 · arena #23 · reaper 1W 37K dom 35.5 | disciple 0W 1K dom -17.5
2026-06-11T18:25:02.233Z [league] matador vs kestrel · seed 52175 · arena #31 · matador 1W 38K dom 20.0 | kestrel 0W 36K dom 17.0
2026-06-11T18:25:32.314Z [league] matador vs wolf · seed 52176 · arena #41 · matador 0W 37K dom 17.5 | wolf 1W 39K dom 20.5
2026-06-11T18:26:02.355Z [league] matador vs plover · seed 52177 · arena #53 · matador 1W 48K dom 28.5 | plover 0W 39K dom 15.0
2026-06-11T18:26:32.355Z [league] matador vs hydra · seed 52178 · arena #67 · matador 1W 38K dom 22.0 | hydra 0W 32K dom 13.0
2026-06-11T18:27:02.601Z [league] matador vs shrike · seed 52179 · arena #88 · matador 1W 41K dom 21.5 | shrike 0W 39K dom 18.5
2026-06-11T18:27:32.225Z [league] matador vs cuadrilla · seed 52180 · arena #0 · matador 1W 47K dom 25.0 | cuadrilla 0W 44K dom 20.5
2026-06-11T18:28:02.373Z [league] matador vs orca · seed 52181 · arena #5 · matador 1W 41K dom 22.5 | orca 0W 37K dom 15.5
2026-06-11T18:28:32.315Z [league] matador vs neural · seed 52182 · arena #11 · matador 1W 51K dom 45.5 | neural 0W 10K dom -16.0
2026-06-11T18:29:02.393Z [league] matador vs angler · seed 52183 · arena #19 · matador 0W 32K dom 11.5 | angler 1W 41K dom 25.0
2026-06-11T18:29:32.347Z [league] matador vs disciple · seed 52184 · arena #23 · matador 1W 52K dom 50.5 | disciple 0W 3K dom -23.0
2026-06-11T18:30:02.279Z [league] kestrel vs wolf · seed 52185 · arena #31 · kestrel 0W 31K dom 14.0 | wolf 1W 34K dom 18.5
2026-06-11T18:30:32.383Z [league] kestrel vs plover · seed 52186 · arena #41 · kestrel 1W 32K dom 16.0 | plover 0W 31K dom 14.5
2026-06-11T18:31:02.287Z [league] kestrel vs hydra · seed 52187 · arena #53 · kestrel 0W 39K dom 19.5 | hydra 0W 39K dom 19.5
2026-06-11T18:31:32.306Z [league] kestrel vs shrike · seed 52188 · arena #67 · kestrel 0W 34K dom 14.0 | shrike 1W 40K dom 23.0
2026-06-11T18:32:02.382Z [league] kestrel vs cuadrilla · seed 52189 · arena #88 · kestrel 0W 23K dom 5.5 | cuadrilla 1W 35K dom 23.5
2026-06-11T18:32:32.499Z [league] kestrel vs orca · seed 52190 · arena #0 · kestrel 0W 28K dom 8.5 | orca 1W 39K dom 25.0
2026-06-11T18:33:02.393Z [league] kestrel vs neural · seed 52191 · arena #5 · kestrel 1W 33K dom 30.0 | neural 0W 6K dom -11.0
2026-06-11T18:33:32.374Z [league] kestrel vs angler · seed 52192 · arena #11 · kestrel 0W 29K dom 6.0 | angler 1W 46K dom 31.5
2026-06-11T18:34:02.411Z [league] kestrel vs disciple · seed 52193 · arena #19 · kestrel 1W 36K dom 35.5 | disciple 0W 1K dom -17.0
2026-06-11T18:34:32.405Z [league] wolf vs plover · seed 52194 · arena #23 · wolf 1W 33K dom 20.0 | plover 0W 26K dom 9.5
2026-06-11T18:35:02.591Z [league] wolf vs hydra · seed 52195 · arena #31 · wolf 1W 39K dom 21.5 | hydra 0W 35K dom 15.5
2026-06-11T18:35:32.431Z [league] wolf vs shrike · seed 52196 · arena #41 · wolf 1W 42K dom 22.5 | shrike 0W 39K dom 18.0
2026-06-11T18:36:02.302Z [league] wolf vs cuadrilla · seed 52197 · arena #53 · wolf 0W 37K dom 18.0 | cuadrilla 1W 38K dom 19.5
2026-06-11T18:36:32.468Z [league] wolf vs orca · seed 52198 · arena #67 · wolf 1W 34K dom 18.0 | orca 0W 32K dom 15.0
2026-06-11T18:37:02.672Z [league] wolf vs neural · seed 52199 · arena #88 · wolf 1W 45K dom 39.0 | neural 0W 12K dom -10.5
2026-06-11T18:37:32.293Z [league] wolf vs angler · seed 52200 · arena #0 · wolf 0W 37K dom 16.5 | angler 1W 41K dom 22.5
2026-06-11T18:38:02.353Z [league] wolf vs disciple · seed 52201 · arena #5 · wolf 1W 40K dom 39.5 | disciple 0W 1K dom -19.0
2026-06-11T18:38:32.437Z [league] plover vs hydra · seed 52202 · arena #11 · plover 0W 22K dom 7.0 | hydra 1W 30K dom 18.5
2026-06-11T18:39:02.399Z [league] plover vs shrike · seed 52203 · arena #19 · plover 0W 37K dom 14.0 | shrike 1W 46K dom 27.5
2026-06-11T18:39:32.447Z [league] plover vs cuadrilla · seed 52204 · arena #23 · plover 0W 24K dom 10.5 | cuadrilla 1W 27K dom 15.0
2026-06-11T18:40:02.597Z [league] plover vs orca · seed 52205 · arena #31 · plover 0W 26K dom 8.0 | orca 1W 36K dom 23.0
2026-06-11T18:40:32.407Z [league] plover vs neural · seed 52206 · arena #41 · plover 1W 49K dom 44.5 | neural 0W 9K dom -16.0
2026-06-11T18:41:02.470Z [league] plover vs angler · seed 52207 · arena #53 · plover 0W 29K dom 8.0 | angler 1W 42K dom 27.5
2026-06-11T18:41:32.432Z [league] plover vs disciple · seed 52208 · arena #67 · plover 1W 46K dom 44.0 | disciple 0W 3K dom -20.0
2026-06-11T18:42:02.447Z [league] hydra vs shrike · seed 52209 · arena #88 · hydra 0W 26K dom 11.0 | shrike 1W 30K dom 17.0
2026-06-11T18:42:32.429Z [league] hydra vs cuadrilla · seed 52210 · arena #0 · hydra 0W 32K dom 10.0 | cuadrilla 1W 44K dom 27.5
2026-06-11T18:43:02.610Z [league] hydra vs orca · seed 52211 · arena #5 · hydra 0W 31K dom 14.5 | orca 1W 33K dom 17.5
2026-06-11T18:43:32.448Z [league] hydra vs neural · seed 52212 · arena #11 · hydra 1W 38K dom 34.5 | neural 0W 7K dom -12.5
2026-06-11T18:44:02.466Z [league] hydra vs angler · seed 52213 · arena #19 · hydra 0W 40K dom 17.5 | angler 1W 45K dom 25.0
2026-06-11T18:44:32.487Z [league] hydra vs disciple · seed 52214 · arena #23 · hydra 1W 48K dom 47.0 | disciple 0W 2K dom -22.0
2026-06-11T18:45:02.489Z [league] shrike vs cuadrilla · seed 52215 · arena #31 · shrike 1W 38K dom 21.5 | cuadrilla 0W 33K dom 14.0
2026-06-11T18:45:32.554Z [league] shrike vs orca · seed 52216 · arena #41 · shrike 0W 37K dom 17.0 | orca 1W 40K dom 21.0
2026-06-11T18:46:02.394Z [league] shrike vs neural · seed 52217 · arena #53 · shrike 1W 55K dom 49.0 | neural 0W 11K dom -17.0
2026-06-11T18:46:32.477Z [league] shrike vs angler · seed 52218 · arena #67 · shrike 0W 33K dom 13.0 | angler 1W 40K dom 23.5
2026-06-11T18:47:02.589Z [league] shrike vs disciple · seed 52219 · arena #88 · shrike 1W 35K dom 33.5 | disciple 0W 3K dom -14.5
2026-06-11T18:47:32.666Z [league] cuadrilla vs orca · seed 52220 · arena #0 · cuadrilla 1W 34K dom 19.0 | orca 0W 30K dom 13.0
2026-06-11T18:48:02.446Z [league] cuadrilla vs neural · seed 52221 · arena #5 · cuadrilla 1W 47K dom 41.5 | neural 0W 10K dom -14.0
2026-06-11T18:48:32.422Z [league] cuadrilla vs angler · seed 52222 · arena #11 · cuadrilla 0W 39K dom 14.5 | angler 1W 48K dom 28.5
2026-06-11T18:49:02.437Z [league] cuadrilla vs disciple · seed 52223 · arena #19 · cuadrilla 1W 48K dom 46.5 | disciple 0W 3K dom -21.0
2026-06-11T18:49:32.744Z [league] orca vs neural · seed 52224 · arena #23 · orca 1W 34K dom 31.0 | neural 0W 6K dom -11.0
2026-06-11T18:50:02.604Z [league] orca vs angler · seed 52225 · arena #31 · orca 0W 30K dom 9.5 | angler 1W 41K dom 26.0
2026-06-11T18:50:32.724Z [league] orca vs disciple · seed 52226 · arena #41 · orca 1W 48K dom 47.5 | disciple 0W 1K dom -23.0
2026-06-11T18:51:02.480Z [league] neural vs angler · seed 52227 · arena #53 · neural 0W 9K dom -18.0 | angler 1W 53K dom 48.0
2026-06-11T18:51:32.654Z [league] neural vs disciple · seed 52228 · arena #67 · neural 1W 8K dom 6.5 | disciple 0W 1K dom -3.0
2026-06-11T18:52:02.522Z [league] angler vs disciple · seed 52229 · arena #88 · angler 1W 42K dom 39.5 | disciple 0W 2K dom -19.0
2026-06-11T18:52:31.753Z [league] new round-robin pass: 14 engines, 91 pairings
2026-06-11T18:52:32.557Z [league] datasets/ at 39.24 GB — OVER WARN THRESHOLD, consider archiving
2026-06-11T18:52:33.946Z [league] classic vs pilot · seed 52230 · arena #0 · classic 0W 26K dom 9.0 | pilot 1W 34K dom 21.0
2026-06-11T18:53:02.410Z [league] classic vs reaper · seed 52231 · arena #5 · classic 0W 24K dom 5.0 | reaper 1W 38K dom 26.0
2026-06-11T18:53:32.406Z [league] classic vs matador · seed 52232 · arena #11 · classic 0W 16K dom -4.5 | matador 1W 38K dom 27.5
2026-06-11T18:54:02.446Z [league] classic vs kestrel · seed 52233 · arena #19 · classic 0W 12K dom -11.0 | kestrel 1W 45K dom 38.5
2026-06-11T18:54:32.387Z [league] classic vs wolf · seed 52234 · arena #23 · classic 0W 18K dom -8.0 | wolf 1W 52K dom 42.5
2026-06-11T18:55:02.421Z [league] classic vs plover · seed 52235 · arena #31 · classic 0W 16K dom -7.0 | plover 1W 46K dom 37.5
2026-06-11T18:55:32.478Z [league] classic vs hydra · seed 52236 · arena #41 · classic 0W 22K dom 0.5 | hydra 1W 42K dom 31.0
2026-06-11T18:56:02.498Z [league] classic vs shrike · seed 52237 · arena #53 · classic 0W 13K dom -8.5 | shrike 1W 43K dom 36.5
2026-06-11T18:56:32.525Z [league] classic vs cuadrilla · seed 52238 · arena #67 · classic 0W 18K dom -5.0 | cuadrilla 1W 46K dom 36.5
2026-06-11T18:57:02.636Z [league] classic vs orca · seed 52239 · arena #88 · classic 0W 14K dom -7.0 | orca 1W 42K dom 35.0
2026-06-11T18:57:32.597Z [league] classic vs neural · seed 52240 · arena #0 · classic 1W 18K dom 15.0 | neural 0W 6K dom -3.0
2026-06-11T18:58:02.493Z [league] classic vs angler · seed 52241 · arena #5 · classic 0W 17K dom -10.0 | angler 1W 54K dom 45.5
2026-06-11T18:58:32.637Z [league] classic vs disciple · seed 52242 · arena #11 · classic 1W 26K dom 21.5 | disciple 0W 9K dom -4.5
2026-06-11T18:59:02.380Z [league] pilot vs reaper · seed 52243 · arena #19 · pilot 1W 33K dom 20.0 | reaper 0W 26K dom 9.5
2026-06-11T18:59:32.298Z [league] pilot vs matador · seed 52244 · arena #23 · pilot 0W 36K dom 9.5 | matador 1W 53K dom 35.0
2026-06-11T19:00:02.378Z [league] pilot vs kestrel · seed 52245 · arena #31 · pilot 0W 29K dom 11.0 | kestrel 1W 36K dom 21.5
2026-06-11T19:00:32.332Z [league] pilot vs wolf · seed 52246 · arena #41 · pilot 0W 30K dom 6.5 | wolf 1W 46K dom 31.0
2026-06-11T19:01:02.525Z [league] pilot vs plover · seed 52247 · arena #53 · pilot 0W 23K dom 6.5 | plover 1W 32K dom 20.5
2026-06-11T19:01:32.535Z [league] pilot vs hydra · seed 52248 · arena #67 · pilot 0W 27K dom 12.5 | hydra 1W 29K dom 15.5
2026-06-11T19:02:02.475Z [league] pilot vs shrike · seed 52249 · arena #88 · pilot 0W 25K dom 2.0 | shrike 1W 46K dom 33.5
2026-06-11T19:02:32.441Z [league] pilot vs cuadrilla · seed 52250 · arena #0 · pilot 0W 24K dom 6.5 | cuadrilla 1W 33K dom 21.0
2026-06-11T19:03:02.577Z [league] pilot vs orca · seed 52251 · arena #5 · pilot 0W 26K dom 5.0 | orca 1W 40K dom 27.0
2026-06-11T19:03:32.468Z [league] pilot vs neural · seed 52252 · arena #11 · pilot 1W 40K dom 35.0 | neural 0W 10K dom -10.0
2026-06-11T19:04:02.458Z [league] pilot vs angler · seed 52253 · arena #19 · pilot 0W 28K dom 2.5 | angler 1W 51K dom 37.0
2026-06-11T19:04:32.539Z [league] pilot vs disciple · seed 52254 · arena #23 · pilot 1W 45K dom 42.5 | disciple 0W 4K dom -18.5
2026-06-11T19:05:02.427Z [league] reaper vs matador · seed 52255 · arena #31 · reaper 0W 21K dom 1.5 | matador 1W 39K dom 28.0
2026-06-11T19:05:32.401Z [league] reaper vs kestrel · seed 52256 · arena #41 · reaper 0W 30K dom 11.0 | kestrel 1W 38K dom 22.5
2026-06-11T19:06:02.329Z [league] reaper vs wolf · seed 52257 · arena #53 · reaper 0W 28K dom 9.0 | wolf 1W 38K dom 24.0
2026-06-11T19:06:32.442Z [league] reaper vs plover · seed 52258 · arena #67 · reaper 0W 21K dom 3.0 | plover 1W 34K dom 23.5
2026-06-11T19:07:02.515Z [league] reaper vs hydra · seed 52259 · arena #88 · reaper 0W 23K dom 4.5 | hydra 1W 37K dom 25.5
2026-06-11T19:07:32.506Z [league] reaper vs shrike · seed 52260 · arena #0 · reaper 0W 24K dom 4.5 | shrike 1W 39K dom 27.0
2026-06-11T19:08:02.514Z [league] reaper vs cuadrilla · seed 52261 · arena #5 · reaper 0W 21K dom 1.5 | cuadrilla 1W 39K dom 28.5
2026-06-11T19:08:32.713Z [league] reaper vs orca · seed 52262 · arena #11 · reaper 0W 21K dom 4.5 | orca 1W 33K dom 22.5
2026-06-11T19:09:02.504Z [league] reaper vs neural · seed 52263 · arena #19 · reaper 1W 29K dom 25.0 | neural 0W 8K dom -6.5
2026-06-11T19:09:32.470Z [league] reaper vs angler · seed 52264 · arena #23 · reaper 0W 26K dom 4.5 | angler 1W 43K dom 30.0
2026-06-11T19:10:02.593Z [league] reaper vs disciple · seed 52265 · arena #31 · reaper 1W 25K dom 22.5 | disciple 0W 3K dom -9.5
2026-06-11T19:10:32.423Z [league] matador vs kestrel · seed 52266 · arena #41 · matador 1W 37K dom 20.5 | kestrel 0W 32K dom 13.5
2026-06-11T19:11:02.379Z [league] matador vs wolf · seed 52267 · arena #53 · matador 0W 39K dom 18.5 | wolf 1W 41K dom 21.5
2026-06-11T19:11:32.494Z [league] matador vs plover · seed 52268 · arena #67 · matador 1W 42K dom 26.0 | plover 0W 31K dom 10.0
2026-06-11T19:12:02.555Z [league] matador vs hydra · seed 52269 · arena #88 · matador 0W 36K dom 17.0 | hydra 1W 38K dom 20.0
2026-06-11T19:12:32.466Z [league] matador vs shrike · seed 52270 · arena #0 · matador 1W 44K dom 24.5 | shrike 0W 39K dom 17.0
2026-06-11T19:13:02.507Z [league] matador vs cuadrilla · seed 52271 · arena #5 · matador 1W 31K dom 18.5 | cuadrilla 0W 24K dom 8.5
2026-06-11T19:13:32.560Z [league] matador vs orca · seed 52272 · arena #11 · matador 0W 40K dom 20.0 | orca 0W 40K dom 20.0
2026-06-11T19:14:02.488Z [league] matador vs neural · seed 52273 · arena #19 · matador 1W 46K dom 42.5 | neural 0W 5K dom -18.0
2026-06-11T19:14:32.537Z [league] matador vs angler · seed 52274 · arena #23 · matador 0W 25K dom 6.0 | angler 1W 38K dom 25.5
2026-06-11T19:15:02.549Z [league] matador vs disciple · seed 52275 · arena #31 · matador 1W 55K dom 52.5 | disciple 0W 5K dom -23.0
2026-06-11T19:15:32.427Z [league] kestrel vs wolf · seed 52276 · arena #41 · kestrel 0W 30K dom 10.5 | wolf 1W 39K dom 24.0
2026-06-11T19:16:02.494Z [league] kestrel vs plover · seed 52277 · arena #53 · kestrel 1W 37K dom 18.5 | plover 0W 36K dom 17.5
2026-06-11T19:16:32.476Z [league] kestrel vs hydra · seed 52278 · arena #67 · kestrel 0W 35K dom 16.5 | hydra 1W 37K dom 19.5
2026-06-11T19:17:02.487Z [league] kestrel vs shrike · seed 52279 · arena #88 · kestrel 0W 34K dom 12.0 | shrike 1W 44K dom 27.0
2026-06-11T19:17:32.523Z [league] kestrel vs cuadrilla · seed 52280 · arena #0 · kestrel 0W 27K dom 10.0 | cuadrilla 1W 34K dom 20.5
2026-06-11T19:18:02.653Z [league] kestrel vs orca · seed 52281 · arena #5 · kestrel 0W 31K dom 13.5 | orca 1W 34K dom 18.5
2026-06-11T19:18:32.496Z [league] kestrel vs neural · seed 52282 · arena #11 · kestrel 1W 49K dom 44.5 | neural 0W 9K dom -15.5
2026-06-11T19:19:02.594Z [league] kestrel vs angler · seed 52283 · arena #19 · kestrel 0W 27K dom 8.0 | angler 1W 38K dom 24.0
2026-06-11T19:19:32.588Z [league] kestrel vs disciple · seed 52284 · arena #23 · kestrel 1W 38K dom 36.5 | disciple 0W 3K dom -16.0
2026-06-11T19:20:02.477Z [league] wolf vs plover · seed 52285 · arena #31 · wolf 1W 42K dom 28.0 | plover 0W 28K dom 7.0
2026-06-11T19:20:32.476Z [league] wolf vs hydra · seed 52286 · arena #41 · wolf 1W 41K dom 23.0 | hydra 0W 35K dom 14.5
2026-06-11T19:21:02.527Z [league] wolf vs shrike · seed 52287 · arena #53 · wolf 1W 36K dom 20.5 | shrike 0W 31K dom 13.0
2026-06-11T19:21:32.525Z [league] wolf vs cuadrilla · seed 52288 · arena #67 · wolf 0W 37K dom 16.0 | cuadrilla 1W 41K dom 22.5
2026-06-11T19:22:02.772Z [league] wolf vs orca · seed 52289 · arena #88 · wolf 1W 34K dom 19.5 | orca 0W 28K dom 11.0
2026-06-11T19:22:32.524Z [league] wolf vs neural · seed 52290 · arena #0 · wolf 1W 39K dom 36.5 | neural 0W 5K dom -14.5
2026-06-11T19:23:02.522Z [league] wolf vs angler · seed 52291 · arena #5 · wolf 0W 36K dom 15.0 | angler 1W 42K dom 24.0
2026-06-11T19:23:32.516Z [league] wolf vs disciple · seed 52292 · arena #11 · wolf 1W 55K dom 53.5 | disciple 0W 3K dom -24.5
2026-06-11T19:24:02.676Z [league] plover vs hydra · seed 52293 · arena #19 · plover 1W 33K dom 18.0 | hydra 0W 29K dom 12.5
2026-06-11T19:24:32.667Z [league] plover vs shrike · seed 52294 · arena #23 · plover 0W 26K dom 6.0 | shrike 1W 40K dom 27.0
2026-06-11T19:25:02.612Z [league] plover vs cuadrilla · seed 52295 · arena #31 · plover 0W 23K dom 5.5 | cuadrilla 1W 35K dom 23.5
2026-06-11T19:25:32.719Z [league] plover vs orca · seed 52296 · arena #41 · plover 0W 37K dom 14.5 | orca 1W 45K dom 26.5
2026-06-11T19:26:02.677Z [league] plover vs neural · seed 52297 · arena #53 · plover 1W 30K dom 26.0 | neural 0W 7K dom -8.5
2026-06-11T19:26:32.643Z [league] plover vs angler · seed 52298 · arena #67 · plover 0W 25K dom 6.5 | angler 1W 37K dom 24.5
2026-06-11T19:27:02.624Z [league] plover vs disciple · seed 52299 · arena #88 · plover 1W 52K dom 50.0 | disciple 0W 4K dom -22.0
2026-06-11T19:27:32.653Z [league] hydra vs shrike · seed 52300 · arena #0 · hydra 0W 28K dom 10.0 | shrike 1W 36K dom 22.0
2026-06-11T19:28:02.639Z [league] hydra vs cuadrilla · seed 52301 · arena #5 · hydra 0W 31K dom 12.0 | cuadrilla 1W 38K dom 22.5
2026-06-11T19:28:32.787Z [league] hydra vs orca · seed 52302 · arena #11 · hydra 0W 36K dom 18.0 | orca 0W 36K dom 18.0
2026-06-11T19:29:02.649Z [league] hydra vs neural · seed 52303 · arena #19 · hydra 1W 51K dom 46.5 | neural 0W 9K dom -16.5
2026-06-11T19:29:32.667Z [league] hydra vs angler · seed 52304 · arena #23 · hydra 0W 35K dom 10.0 | angler 1W 50K dom 32.5
2026-06-11T19:30:02.861Z [league] hydra vs disciple · seed 52305 · arena #31 · hydra 1W 37K dom 36.0 | disciple 0W 2K dom -16.5
2026-06-11T19:30:32.659Z [league] shrike vs cuadrilla · seed 52306 · arena #41 · shrike 0W 34K dom 16.0 | cuadrilla 1W 36K dom 19.0
2026-06-11T19:31:02.997Z [league] shrike vs orca · seed 52307 · arena #53 · shrike 1W 32K dom 19.0 | orca 0W 25K dom 9.0
2026-06-11T19:31:32.618Z [league] shrike vs neural · seed 52308 · arena #67 · shrike 1W 38K dom 34.0 | neural 0W 6K dom -13.0
2026-06-11T19:32:02.842Z [league] shrike vs angler · seed 52309 · arena #88 · shrike 0W 31K dom 9.5 | angler 1W 43K dom 27.5
2026-06-11T19:32:32.912Z [league] shrike vs disciple · seed 52310 · arena #0 · shrike 1W 51K dom 49.0 | disciple 0W 3K dom -22.5
2026-06-11T19:33:03.444Z [league] cuadrilla vs orca · seed 52311 · arena #5 · cuadrilla 1W 34K dom 17.5 | orca 0W 32K dom 15.0
2026-06-11T19:33:33.303Z [league] cuadrilla vs neural · seed 52312 · arena #11 · cuadrilla 1W 49K dom 45.0 | neural 0W 8K dom -16.5
2026-06-11T19:34:02.794Z [league] cuadrilla vs angler · seed 52313 · arena #19 · cuadrilla 0W 24K dom 8.0 | angler 1W 32K dom 20.0
2026-06-11T19:34:32.828Z [league] cuadrilla vs disciple · seed 52314 · arena #23 · cuadrilla 1W 37K dom 35.5 | disciple 0W 3K dom -15.5
2026-06-11T19:35:02.968Z [league] orca vs neural · seed 52315 · arena #31 · orca 1W 41K dom 37.0 | neural 0W 8K dom -12.5
2026-06-11T19:35:32.827Z [league] orca vs angler · seed 52316 · arena #41 · orca 0W 28K dom 8.5 | angler 1W 39K dom 25.0
2026-06-11T19:36:02.828Z [league] orca vs disciple · seed 52317 · arena #53 · orca 1W 50K dom 48.0 | disciple 0W 4K dom -21.5
2026-06-11T19:36:32.812Z [league] neural vs angler · seed 52318 · arena #67 · neural 0W 8K dom -17.5 | angler 1W 50K dom 46.0
2026-06-11T19:37:03.179Z [league] neural vs disciple · seed 52319 · arena #88 · neural 1W 7K dom 5.5 | disciple 0W 3K dom -0.5
2026-06-11T19:37:33.238Z [league] angler vs disciple · seed 52320 · arena #0 · angler 1W 51K dom 49.0 | disciple 0W 4K dom -21.5
2026-06-11T19:38:03.172Z [league] new round-robin pass: 14 engines, 91 pairings
2026-06-11T19:38:06.353Z [league] datasets/ at 41.38 GB — OVER WARN THRESHOLD, consider archiving
2026-06-11T19:38:10.233Z [league] classic vs pilot · seed 52321 · arena #5 · classic 0W 23K dom -3.0 | pilot 1W 52K dom 40.5
2026-06-11T19:38:35.214Z [league] classic vs reaper · seed 52322 · arena #11 · classic 0W 22K dom 3.5 | reaper 1W 36K dom 25.0
2026-06-11T19:39:06.094Z [league] classic vs matador · seed 52323 · arena #19 · classic 0W 16K dom -5.0 | matador 1W 41K dom 32.0
2026-06-11T19:39:35.716Z [league] classic vs kestrel · seed 52324 · arena #23 · classic 0W 17K dom -5.0 | kestrel 1W 44K dom 35.5
2026-06-11T19:40:05.806Z [league] classic vs wolf · seed 52325 · arena #31 · classic 0W 15K dom -10.0 | wolf 1W 50K dom 41.5
2026-06-11T19:40:35.813Z [league] classic vs plover · seed 52326 · arena #41 · classic 0W 17K dom -5.5 | plover 1W 45K dom 36.5
2026-06-11T19:41:05.831Z [league] classic vs hydra · seed 52327 · arena #53 · classic 0W 15K dom -8.0 | hydra 1W 46K dom 38.0
2026-06-11T19:41:36.152Z [league] classic vs shrike · seed 52328 · arena #67 · classic 0W 19K dom -5.0 | shrike 1W 48K dom 37.5
2026-06-11T19:42:06.025Z [league] classic vs cuadrilla · seed 52329 · arena #88 · classic 0W 14K dom -10.0 | cuadrilla 1W 48K dom 40.5
2026-06-11T19:42:36.455Z [league] classic vs orca · seed 52330 · arena #0 · classic 0W 14K dom -7.5 | orca 1W 43K dom 36.0
2026-06-11T19:43:05.890Z [league] classic vs neural · seed 52331 · arena #5 · classic 1W 27K dom 21.0 | neural 0W 12K dom -2.0
2026-06-11T19:43:35.737Z [league] classic vs angler · seed 52332 · arena #11 · classic 0W 18K dom -5.0 | angler 1W 46K dom 36.0
2026-06-11T19:44:06.580Z [league] classic vs disciple · seed 52333 · arena #19 · classic 1W 26K dom 24.0 | disciple 0W 4K dom -9.0
2026-06-11T19:44:35.702Z [league] pilot vs reaper · seed 52334 · arena #23 · pilot 1W 34K dom 21.0 | reaper 0W 26K dom 9.0
2026-06-11T19:45:05.870Z [league] pilot vs matador · seed 52335 · arena #31 · pilot 0W 31K dom 7.0 | matador 1W 48K dom 32.5
2026-06-11T19:45:35.796Z [league] pilot vs kestrel · seed 52336 · arena #41 · pilot 0W 32K dom 15.5 | kestrel 1W 33K dom 17.0
2026-06-11T19:46:05.695Z [league] pilot vs wolf · seed 52337 · arena #53 · pilot 0W 37K dom 13.5 | wolf 1W 46K dom 27.5
2026-06-11T19:46:35.766Z [league] pilot vs plover · seed 52338 · arena #67 · pilot 0W 32K dom 14.5 | plover 1W 35K dom 19.0
2026-06-11T19:47:06.180Z [league] pilot vs hydra · seed 52339 · arena #88 · pilot 0W 21K dom 7.0 | hydra 1W 28K dom 17.0
2026-06-11T19:47:35.867Z [league] pilot vs shrike · seed 52340 · arena #0 · pilot 0W 29K dom 8.0 | shrike 1W 41K dom 26.5
2026-06-11T19:48:05.816Z [league] pilot vs cuadrilla · seed 52341 · arena #5 · pilot 0W 19K dom 2.5 | cuadrilla 1W 33K dom 23.5
2026-06-11T19:48:36.059Z [league] pilot vs orca · seed 52342 · arena #11 · pilot 0W 22K dom 7.0 | orca 1W 29K dom 18.0
2026-06-11T19:49:05.589Z [league] pilot vs neural · seed 52343 · arena #19 · pilot 1W 40K dom 34.0 | neural 0W 9K dom -11.0
2026-06-11T19:49:35.607Z [league] pilot vs angler · seed 52344 · arena #23 · pilot 0W 26K dom 9.0 | angler 1W 34K dom 21.0
2026-06-11T19:50:05.689Z [league] pilot vs disciple · seed 52345 · arena #31 · pilot 1W 47K dom 44.5 | disciple 0W 5K dom -18.5
2026-06-11T19:50:35.288Z [league] reaper vs matador · seed 52346 · arena #41 · reaper 0W 29K dom 6.5 | matador 1W 45K dom 30.5
2026-06-11T19:51:05.942Z [league] reaper vs kestrel · seed 52347 · arena #53 · reaper 0W 34K dom 15.0 | kestrel 1W 37K dom 20.0
2026-06-11T19:51:35.359Z [league] reaper vs wolf · seed 52348 · arena #67 · reaper 0W 23K dom 1.5 | wolf 1W 43K dom 31.5
2026-06-11T19:52:05.310Z [league] reaper vs plover · seed 52349 · arena #88 · reaper 0W 21K dom 5.0 | plover 1W 32K dom 21.0
2026-06-11T19:52:35.308Z [league] reaper vs hydra · seed 52350 · arena #0 · reaper 0W 24K dom 8.5 | hydra 1W 31K dom 19.0
2026-06-11T19:53:06.290Z [league] reaper vs shrike · seed 52351 · arena #5 · reaper 0W 21K dom 2.0 | shrike 1W 38K dom 27.0
2026-06-11T19:53:35.908Z [league] reaper vs cuadrilla · seed 52352 · arena #11 · reaper 0W 24K dom 5.5 | cuadrilla 1W 37K dom 25.0
2026-06-11T19:54:06.628Z [league] reaper vs orca · seed 52353 · arena #19 · reaper 0W 28K dom 7.0 | orca 1W 42K dom 28.0
2026-06-11T19:54:35.927Z [league] reaper vs neural · seed 52354 · arena #23 · reaper 1W 32K dom 27.5 | neural 0W 8K dom -8.0
2026-06-11T19:55:06.067Z [league] reaper vs angler · seed 52355 · arena #31 · reaper 0W 27K dom 3.5 | angler 1W 47K dom 33.5
2026-06-11T19:55:36.555Z [league] reaper vs disciple · seed 52356 · arena #41 · reaper 1W 37K dom 34.0 | disciple 0W 6K dom -12.5
2026-06-11T19:56:05.619Z [league] matador vs kestrel · seed 52357 · arena #53 · matador 1W 48K dom 31.5 | kestrel 0W 32K dom 8.0
2026-06-11T19:56:35.540Z [league] matador vs wolf · seed 52358 · arena #67 · matador 0W 42K dom 19.5 | wolf 1W 45K dom 23.5
2026-06-11T19:57:05.588Z [league] matador vs plover · seed 52359 · arena #88 · matador 1W 31K dom 16.5 | plover 0W 29K dom 13.5
2026-06-11T19:57:35.543Z [league] matador vs hydra · seed 52360 · arena #0 · matador 1W 46K dom 26.5 | hydra 0W 39K dom 16.0
2026-06-11T19:58:06.093Z [league] matador vs shrike · seed 52361 · arena #5 · matador 1W 35K dom 18.0 | shrike 0W 34K dom 16.5
2026-06-11T19:58:35.713Z [league] matador vs cuadrilla · seed 52362 · arena #11 · matador 0W 24K dom 10.5 | cuadrilla 1W 27K dom 15.0
2026-06-11T19:59:06.319Z [league] matador vs orca · seed 52363 · arena #19 · matador 1W 42K dom 22.0 | orca 0W 40K dom 19.0
2026-06-11T19:59:32.890Z [league] matador vs neural · seed 52364 · arena #23 · matador 1W 52K dom 48.0 | neural 0W 8K dom -18.0
2026-06-11T20:00:05.874Z [league] matador vs angler · seed 52365 · arena #31 · matador 0W 41K dom 19.0 | angler 1W 44K dom 23.0
2026-06-11T20:00:35.510Z [league] matador vs disciple · seed 52366 · arena #41 · matador 1W 55K dom 53.5 | disciple 0W 3K dom -24.5
2026-06-11T20:01:05.953Z [league] kestrel vs wolf · seed 52367 · arena #53 · kestrel 0W 23K dom 4.0 | wolf 1W 37K dom 25.5
2026-06-11T20:01:35.274Z [league] kestrel vs plover · seed 52368 · arena #67 · kestrel 1W 38K dom 20.0 | plover 0W 36K dom 17.0
2026-06-11T20:02:06.067Z [league] kestrel vs hydra · seed 52369 · arena #88 · kestrel 1W 26K dom 14.0 | hydra 0W 24K dom 11.0
2026-06-11T20:02:36.283Z [league] kestrel vs shrike · seed 52370 · arena #0 · kestrel 0W 26K dom 8.0 | shrike 1W 35K dom 22.0
2026-06-11T20:03:05.651Z [league] kestrel vs cuadrilla · seed 52371 · arena #5 · kestrel 0W 32K dom 12.5 | cuadrilla 1W 38K dom 22.0
2026-06-11T20:03:36.058Z [league] kestrel vs orca · seed 52372 · arena #11 · kestrel 0W 30K dom 12.5 | orca 1W 34K dom 19.0
2026-06-11T20:04:05.790Z [league] kestrel vs neural · seed 52373 · arena #19 · kestrel 1W 45K dom 40.5 | neural 0W 9K dom -13.5
2026-06-11T20:04:36.009Z [league] kestrel vs angler · seed 52374 · arena #23 · kestrel 0W 29K dom 9.0 | angler 1W 40K dom 25.5
2026-06-11T20:05:06.197Z [league] kestrel vs disciple · seed 52375 · arena #31 · kestrel 1W 36K dom 35.0 | disciple 0W 2K dom -16.0
2026-06-11T20:05:35.598Z [league] wolf vs plover · seed 52376 · arena #41 · wolf 1W 44K dom 24.5 | plover 0W 39K dom 17.0
2026-06-11T20:06:05.245Z [league] wolf vs hydra · seed 52377 · arena #53 · wolf 1W 30K dom 21.0 | hydra 0W 18K dom 2.5
2026-06-11T20:06:35.277Z [league] wolf vs shrike · seed 52378 · arena #67 · wolf 0W 35K dom 17.0 | shrike 1W 36K dom 18.5
2026-06-11T20:07:05.519Z [league] wolf vs cuadrilla · seed 52379 · arena #88 · wolf 0W 34K dom 15.5 | cuadrilla 1W 37K dom 20.0
2026-06-11T20:07:35.993Z [league] wolf vs orca · seed 52380 · arena #0 · wolf 0W 28K dom 11.5 | orca 1W 33K dom 19.0
2026-06-11T20:08:05.505Z [league] wolf vs neural · seed 52381 · arena #5 · wolf 1W 51K dom 45.5 | neural 0W 11K dom -14.5
2026-06-11T20:08:35.581Z [league] wolf vs angler · seed 52382 · arena #11 · wolf 0W 38K dom 16.0 | angler 1W 44K dom 25.0
2026-06-11T20:09:05.681Z [league] wolf vs disciple · seed 52383 · arena #19 · wolf 1W 53K dom 50.0 | disciple 0W 6K dom -20.5
2026-06-11T20:09:35.937Z [league] plover vs hydra · seed 52384 · arena #23 · plover 0W 33K dom 14.0 | hydra 1W 37K dom 20.5
2026-06-11T20:10:05.535Z [league] plover vs shrike · seed 52385 · arena #31 · plover 0W 26K dom 11.5 | shrike 1W 29K dom 15.5
2026-06-11T20:10:36.006Z [league] plover vs cuadrilla · seed 52386 · arena #41 · plover 0W 26K dom 6.0 | cuadrilla 1W 40K dom 27.0
2026-06-11T20:11:06.308Z [league] plover vs orca · seed 52387 · arena #53 · plover 1W 30K dom 16.0 | orca 0W 28K dom 13.0
2026-06-11T20:11:35.725Z [league] plover vs neural · seed 52388 · arena #67 · plover 1W 44K dom 40.5 | neural 0W 7K dom -15.5
2026-06-11T20:12:05.641Z [league] plover vs angler · seed 52389 · arena #88 · plover 0W 29K dom 5.5 | angler 1W 47K dom 32.0
2026-06-11T20:12:35.608Z [league] plover vs disciple · seed 52390 · arena #0 · plover 1W 50K dom 48.0 | disciple 0W 3K dom -22.5
2026-06-11T20:13:06.282Z [league] hydra vs shrike · seed 52391 · arena #5 · hydra 0W 31K dom 12.5 | shrike 1W 37K dom 21.5
2026-06-11T20:13:36.057Z [league] hydra vs cuadrilla · seed 52392 · arena #11 · hydra 0W 32K dom 12.5 | cuadrilla 1W 39K dom 23.0
2026-06-11T20:14:06.582Z [league] hydra vs orca · seed 52393 · arena #19 · hydra 0W 30K dom 13.0 | orca 1W 34K dom 19.0
2026-06-11T20:14:35.855Z [league] hydra vs neural · seed 52394 · arena #23 · hydra 1W 51K dom 46.5 | neural 0W 9K dom -16.5
2026-06-11T20:15:05.899Z [league] hydra vs angler · seed 52395 · arena #31 · hydra 0W 29K dom 8.5 | angler 1W 41K dom 26.5
2026-06-11T20:15:35.933Z [league] hydra vs disciple · seed 52396 · arena #41 · hydra 1W 40K dom 39.5 | disciple 0W 0K dom -20.0
2026-06-11T20:16:05.683Z [league] shrike vs cuadrilla · seed 52397 · arena #53 · shrike 0W 38K dom 17.0 | cuadrilla 1W 42K dom 23.0
2026-06-11T20:16:32.936Z [league] shrike vs orca · seed 52398 · arena #67 · shrike 1W 34K dom 17.5 | orca 0W 33K dom 15.0
2026-06-11T20:17:02.838Z [league] shrike vs neural · seed 52399 · arena #88 · shrike 1W 48K dom 45.0 | neural 0W 6K dom -18.0
2026-06-11T20:17:32.783Z [league] shrike vs angler · seed 52400 · arena #0 · shrike 0W 35K dom 14.0 | angler 1W 42K dom 24.5
2026-06-11T20:18:02.859Z [league] shrike vs disciple · seed 52401 · arena #5 · shrike 1W 48K dom 46.0 | disciple 0W 4K dom -20.0
2026-06-11T20:18:32.928Z [league] cuadrilla vs orca · seed 52402 · arena #11 · cuadrilla 1W 38K dom 21.0 | orca 0W 34K dom 15.0
2026-06-11T20:19:02.789Z [league] cuadrilla vs neural · seed 52403 · arena #19 · cuadrilla 1W 28K dom 24.5 | neural 0W 7K dom -7.0
2026-06-11T20:19:32.804Z [league] cuadrilla vs angler · seed 52404 · arena #23 · cuadrilla 0W 20K dom 8.0 | angler 1W 24K dom 13.5
2026-06-11T20:20:02.830Z [league] cuadrilla vs disciple · seed 52405 · arena #31 · cuadrilla 1W 46K dom 43.0 | disciple 0W 6K dom -17.0
2026-06-11T20:20:33.007Z [league] orca vs neural · seed 52406 · arena #41 · orca 1W 30K dom 27.0 | neural 0W 6K dom -9.5
2026-06-11T20:21:02.971Z [league] orca vs angler · seed 52407 · arena #53 · orca 0W 34K dom 13.5 | angler 1W 41K dom 24.0
2026-06-11T20:21:32.955Z [league] orca vs disciple · seed 52408 · arena #67 · orca 1W 55K dom 53.5 | disciple 0W 3K dom -24.5
2026-06-11T20:22:02.813Z [league] neural vs angler · seed 52409 · arena #88 · neural 0W 10K dom -14.5 | angler 1W 48K dom 43.0
2026-06-11T20:22:32.984Z [league] neural vs disciple · seed 52410 · arena #0 · neural 1W 12K dom 9.5 | disciple 0W 5K dom -1.0
2026-06-11T20:23:02.887Z [league] angler vs disciple · seed 52411 · arena #5 · angler 1W 36K dom 34.0 | disciple 0W 4K dom -14.0
2026-06-11T20:23:32.042Z [league] new round-robin pass: 14 engines, 91 pairings
2026-06-11T20:23:32.896Z [league] datasets/ at 41.66 GB — OVER WARN THRESHOLD, consider archiving
2026-06-11T20:23:34.283Z [league] classic vs pilot · seed 52412 · arena #11 · classic 0W 23K dom 3.0 | pilot 1W 39K dom 27.5
2026-06-11T20:24:02.703Z [league] classic vs reaper · seed 52413 · arena #19 · classic 0W 20K dom 1.0 | reaper 1W 38K dom 28.0
2026-06-11T20:24:32.718Z [league] classic vs matador · seed 52414 · arena #23 · classic 0W 17K dom -6.0 | matador 1W 46K dom 37.0
2026-06-11T20:25:02.717Z [league] classic vs kestrel · seed 52415 · arena #31 · classic 0W 18K dom -5.5 | kestrel 1W 46K dom 35.5
2026-06-11T20:25:32.689Z [league] classic vs wolf · seed 52416 · arena #41 · classic 0W 12K dom -14.5 | wolf 1W 53K dom 46.5
2026-06-11T20:26:02.783Z [league] classic vs plover · seed 52417 · arena #53 · classic 0W 19K dom -4.0 | plover 1W 45K dom 35.5
2026-06-11T20:26:32.827Z [league] classic vs hydra · seed 52418 · arena #67 · classic 0W 18K dom -4.0 | hydra 1W 44K dom 35.0
2026-06-11T20:27:02.827Z [league] classic vs shrike · seed 52419 · arena #88 · classic 0W 13K dom -7.5 | shrike 1W 40K dom 33.5
2026-06-11T20:27:32.842Z [league] classic vs cuadrilla · seed 52420 · arena #0 · classic 0W 13K dom -1.5 | cuadrilla 1W 29K dom 22.5
2026-06-11T20:28:02.895Z [league] classic vs orca · seed 52421 · arena #5 · classic 0W 17K dom -9.5 | orca 1W 51K dom 42.0
2026-06-11T20:28:32.814Z [league] classic vs neural · seed 52422 · arena #11 · classic 1W 28K dom 21.0 | neural 0W 13K dom -1.0
2026-06-11T20:29:02.782Z [league] classic vs angler · seed 52423 · arena #19 · classic 0W 19K dom -7.0 | angler 1W 52K dom 42.5
2026-06-11T20:29:32.925Z [league] classic vs disciple · seed 52424 · arena #23 · classic 1W 28K dom 23.0 | disciple 0W 9K dom -5.0
2026-06-11T20:30:02.684Z [league] pilot vs reaper · seed 52425 · arena #31 · pilot 1W 38K dom 20.5 | reaper 0W 35K dom 16.0
2026-06-11T20:30:32.668Z [league] pilot vs matador · seed 52426 · arena #41 · pilot 0W 36K dom 11.5 | matador 1W 49K dom 31.0
2026-06-11T20:31:02.696Z [league] pilot vs kestrel · seed 52427 · arena #53 · pilot 0W 30K dom 14.5 | kestrel 1W 30K dom 15.0
2026-06-11T20:31:32.637Z [league] pilot vs wolf · seed 52428 · arena #67 · pilot 0W 27K dom 6.0 | wolf 1W 42K dom 28.0
2026-06-11T20:32:02.728Z [league] pilot vs plover · seed 52429 · arena #88 · pilot 0W 31K dom 12.0 | plover 1W 38K dom 22.5
2026-06-11T20:32:32.742Z [league] pilot vs hydra · seed 52430 · arena #0 · pilot 0W 32K dom 11.0 | hydra 1W 41K dom 25.0
2026-06-11T20:33:02.751Z [league] pilot vs shrike · seed 52431 · arena #5 · pilot 0W 29K dom 8.5 | shrike 1W 41K dom 26.5
2026-06-11T20:33:32.733Z [league] pilot vs cuadrilla · seed 52432 · arena #11 · pilot 0W 32K dom 10.5 | cuadrilla 1W 43K dom 27.0
2026-06-11T20:34:02.906Z [league] pilot vs orca · seed 52433 · arena #19 · pilot 0W 32K dom 10.5 | orca 1W 43K dom 27.0
2026-06-11T20:34:32.815Z [league] pilot vs neural · seed 52434 · arena #23 · pilot 1W 35K dom 30.0 | neural 0W 9K dom -8.5
2026-06-11T20:35:02.790Z [league] pilot vs angler · seed 52435 · arena #31 · pilot 0W 22K dom 3.5 | angler 1W 37K dom 25.0
2026-06-11T20:35:32.820Z [league] pilot vs disciple · seed 52436 · arena #41 · pilot 1W 41K dom 39.5 | disciple 0W 3K dom -17.5
2026-06-11T20:36:02.643Z [league] reaper vs matador · seed 52437 · arena #53 · reaper 0W 25K dom 2.0 | matador 1W 46K dom 33.0
2026-06-11T20:36:32.764Z [league] reaper vs kestrel · seed 52438 · arena #67 · reaper 0W 24K dom 6.5 | kestrel 1W 35K dom 23.0
2026-06-11T20:37:02.639Z [league] reaper vs wolf · seed 52439 · arena #88 · reaper 0W 25K dom 3.5 | wolf 1W 43K dom 30.5
2026-06-11T20:37:32.756Z [league] reaper vs plover · seed 52440 · arena #0 · reaper 0W 29K dom 11.0 | plover 1W 36K dom 21.5
2026-06-11T20:38:02.845Z [league] reaper vs hydra · seed 52441 · arena #5 · reaper 0W 22K dom 3.5 | hydra 1W 36K dom 25.0
2026-06-11T20:38:32.838Z [league] reaper vs shrike · seed 52442 · arena #11 · reaper 0W 21K dom 1.5 | shrike 1W 39K dom 28.5
2026-06-11T20:39:02.780Z [league] reaper vs cuadrilla · seed 52443 · arena #19 · reaper 0W 21K dom 6.5 | cuadrilla 1W 29K dom 18.5
2026-06-11T20:39:32.880Z [league] reaper vs orca · seed 52444 · arena #23 · reaper 0W 26K dom 5.5 | orca 1W 40K dom 26.5
2026-06-11T20:40:02.798Z [league] reaper vs neural · seed 52445 · arena #31 · reaper 1W 26K dom 23.0 | neural 0W 6K dom -8.0
2026-06-11T20:40:32.736Z [league] reaper vs angler · seed 52446 · arena #41 · reaper 0W 29K dom 8.5 | angler 1W 41K dom 26.0
2026-06-11T20:41:02.844Z [league] reaper vs disciple · seed 52447 · arena #53 · reaper 1W 36K dom 34.5 | disciple 0W 3K dom -15.0
2026-06-11T20:41:32.740Z [league] matador vs kestrel · seed 52448 · arena #67 · matador 1W 32K dom 16.5 | kestrel 0W 31K dom 14.5
2026-06-11T20:42:02.694Z [league] matador vs wolf · seed 52449 · arena #88 · matador 0W 43K dom 20.5 | wolf 1W 45K dom 23.0
2026-06-11T20:42:32.841Z [league] matador vs plover · seed 52450 · arena #0 · matador 1W 40K dom 26.0 | plover 0W 28K dom 8.0
2026-06-11T20:43:02.781Z [league] matador vs hydra · seed 52451 · arena #5 · matador 1W 46K dom 28.5 | hydra 0W 35K dom 12.0
2026-06-11T20:43:32.825Z [league] matador vs shrike · seed 52452 · arena #11 · matador 0W 41K dom 19.0 | shrike 1W 44K dom 23.5
2026-06-11T20:44:02.972Z [league] matador vs cuadrilla · seed 52453 · arena #19 · matador 0W 27K dom 11.5 | cuadrilla 1W 30K dom 16.5
2026-06-11T20:44:33.021Z [league] matador vs orca · seed 52454 · arena #23 · matador 0W 27K dom 9.0 | orca 1W 36K dom 22.0
2026-06-11T20:45:02.859Z [league] matador vs neural · seed 52455 · arena #31 · matador 1W 47K dom 40.5 | neural 0W 13K dom -11.0
2026-06-11T20:45:32.904Z [league] matador vs angler · seed 52456 · arena #41 · matador 0W 28K dom 9.5 | angler 1W 37K dom 23.0
2026-06-11T20:46:02.932Z [league] matador vs disciple · seed 52457 · arena #53 · matador 1W 50K dom 49.5 | disciple 0W 1K dom -24.0
2026-06-11T20:46:32.849Z [league] kestrel vs wolf · seed 52458 · arena #67 · kestrel 0W 35K dom 12.0 | wolf 1W 46K dom 28.5
2026-06-11T20:47:03.082Z [league] kestrel vs plover · seed 52459 · arena #88 · kestrel 0W 35K dom 15.5 | plover 1W 39K dom 21.5
2026-06-11T20:47:32.972Z [league] kestrel vs hydra · seed 52460 · arena #0 · kestrel 0W 34K dom 16.5 | hydra 1W 35K dom 18.0
2026-06-11T20:48:02.946Z [league] kestrel vs shrike · seed 52461 · arena #5 · kestrel 0W 29K dom 13.0 | shrike 1W 31K dom 16.5
2026-06-11T20:48:32.879Z [league] kestrel vs cuadrilla · seed 52462 · arena #11 · kestrel 0W 23K dom 9.0 | cuadrilla 1W 28K dom 16.5
2026-06-11T20:49:03.019Z [league] kestrel vs orca · seed 52463 · arena #19 · kestrel 0W 31K dom 11.5 | orca 1W 39K dom 23.0
2026-06-11T20:49:32.984Z [league] kestrel vs neural · seed 52464 · arena #23 · kestrel 1W 39K dom 34.0 | neural 0W 10K dom -9.5
2026-06-11T20:50:02.921Z [league] kestrel vs angler · seed 52465 · arena #31 · kestrel 0W 32K dom 9.5 | angler 1W 45K dom 29.0
2026-06-11T20:50:32.941Z [league] kestrel vs disciple · seed 52466 · arena #41 · kestrel 1W 48K dom 46.0 | disciple 0W 4K dom -20.0
2026-06-11T20:51:02.832Z [league] wolf vs plover · seed 52467 · arena #53 · wolf 1W 46K dom 24.5 | plover 0W 43K dom 20.0
2026-06-11T20:51:32.967Z [league] wolf vs hydra · seed 52468 · arena #67 · wolf 1W 43K dom 25.0 | hydra 0W 35K dom 13.5
2026-06-11T20:52:02.881Z [league] wolf vs shrike · seed 52469 · arena #88 · wolf 0W 30K dom 13.5 | shrike 1W 33K dom 18.0
2026-06-11T20:52:32.901Z [league] wolf vs cuadrilla · seed 52470 · arena #0 · wolf 0W 39K dom 18.5 | cuadrilla 1W 41K dom 21.5
2026-06-11T20:53:03.026Z [league] wolf vs orca · seed 52471 · arena #5 · wolf 0W 32K dom 15.5 | orca 1W 33K dom 17.0
2026-06-11T20:53:32.887Z [league] wolf vs neural · seed 52472 · arena #11 · wolf 1W 32K dom 28.5 | neural 0W 7K dom -9.0
2026-06-11T20:54:02.879Z [league] wolf vs angler · seed 52473 · arena #19 · wolf 0W 37K dom 15.0 | angler 1W 44K dom 25.5
2026-06-11T20:54:32.886Z [league] wolf vs disciple · seed 52474 · arena #23 · wolf 1W 58K dom 56.5 | disciple 0W 3K dom -26.0
2026-06-11T20:55:02.992Z [league] plover vs hydra · seed 52475 · arena #31 · plover 0W 32K dom 13.5 | hydra 1W 36K dom 19.5
2026-06-11T20:55:33.022Z [league] plover vs shrike · seed 52476 · arena #41 · plover 0W 29K dom 9.5 | shrike 1W 39K dom 24.0
2026-06-11T20:56:02.949Z [league] plover vs cuadrilla · seed 52477 · arena #53 · plover 0W 35K dom 16.0 | cuadrilla 1W 38K dom 20.5
2026-06-11T20:56:33.109Z [league] plover vs orca · seed 52478 · arena #67 · plover 0W 25K dom 6.0 | orca 1W 38K dom 25.5
2026-06-11T20:57:02.930Z [league] plover vs neural · seed 52479 · arena #88 · plover 1W 33K dom 29.0 | neural 0W 8K dom -9.5
2026-06-11T20:57:32.949Z [league] plover vs angler · seed 52480 · arena #0 · plover 0W 31K dom 9.0 | angler 1W 44K dom 28.5
2026-06-11T20:58:03.063Z [league] plover vs disciple · seed 52481 · arena #5 · plover 1W 36K dom 34.0 | disciple 0W 4K dom -14.0
2026-06-11T20:58:33.063Z [league] hydra vs shrike · seed 52482 · arena #11 · hydra 0W 31K dom 14.0 | shrike 1W 34K dom 18.5
2026-06-11T20:59:03.012Z [league] hydra vs cuadrilla · seed 52483 · arena #19 · hydra 0W 31K dom 13.5 | cuadrilla 1W 34K dom 18.5
2026-06-11T20:59:33.139Z [league] hydra vs orca · seed 52484 · arena #23 · hydra 0W 29K dom 14.0 | orca 1W 29K dom 14.5
2026-06-11T21:00:02.957Z [league] hydra vs neural · seed 52485 · arena #31 · hydra 1W 44K dom 41.0 | neural 0W 6K dom -16.0
2026-06-11T21:00:32.968Z [league] hydra vs angler · seed 52486 · arena #41 · hydra 0W 29K dom 11.5 | angler 1W 35K dom 20.5
2026-06-11T21:01:02.967Z [league] hydra vs disciple · seed 52487 · arena #53 · hydra 1W 45K dom 44.0 | disciple 0W 2K dom -20.5
2026-06-11T21:01:32.926Z [league] shrike vs cuadrilla · seed 52488 · arena #67 · shrike 0W 33K dom 15.0 | cuadrilla 1W 36K dom 19.5
2026-06-11T21:02:03.062Z [league] shrike vs orca · seed 52489 · arena #88 · shrike 1W 39K dom 22.5 | orca 0W 33K dom 13.5
2026-06-11T21:02:32.966Z [league] shrike vs neural · seed 52490 · arena #0 · shrike 1W 47K dom 42.0 | neural 0W 10K dom -13.5
2026-06-11T21:03:02.975Z [league] shrike vs angler · seed 52491 · arena #5 · shrike 0W 30K dom 11.0 | angler 1W 38K dom 23.0
2026-06-11T21:03:33.100Z [league] shrike vs disciple · seed 52492 · arena #11 · shrike 1W 35K dom 33.0 | disciple 0W 4K dom -13.5
2026-06-11T21:04:03.139Z [league] cuadrilla vs orca · seed 52493 · arena #19 · cuadrilla 1W 32K dom 17.0 | orca 0W 30K dom 13.5
2026-06-11T21:04:32.915Z [league] cuadrilla vs neural · seed 52494 · arena #23 · cuadrilla 1W 49K dom 44.5 | neural 0W 9K dom -15.5
2026-06-11T21:05:02.899Z [league] cuadrilla vs angler · seed 52495 · arena #31 · cuadrilla 0W 37K dom 14.0 | angler 1W 46K dom 27.5
2026-06-11T21:05:32.965Z [league] cuadrilla vs disciple · seed 52496 · arena #41 · cuadrilla 1W 42K dom 39.0 | disciple 0W 6K dom -15.0
2026-06-11T21:06:03.172Z [league] orca vs neural · seed 52497 · arena #53 · orca 1W 43K dom 38.0 | neural 0W 10K dom -11.5
2026-06-11T21:06:33.078Z [league] orca vs angler · seed 52498 · arena #67 · orca 0W 37K dom 15.0 | angler 1W 44K dom 25.5
2026-06-11T21:07:03.233Z [league] orca vs disciple · seed 52499 · arena #88 · orca 1W 39K dom 38.5 | disciple 0W 1K dom -18.5
2026-06-11T21:07:32.956Z [league] neural vs angler · seed 52500 · arena #0 · neural 0W 5K dom -16.0 | angler 1W 42K dom 38.5
2026-06-11T21:08:03.142Z [league] neural vs disciple · seed 52501 · arena #5 · neural 1W 6K dom 4.0 | disciple 0W 4K dom 0.5
2026-06-11T21:08:32.956Z [league] angler vs disciple · seed 52502 · arena #11 · angler 1W 52K dom 50.0 | disciple 0W 4K dom -22.0
2026-06-11T21:09:02.180Z [league] new round-robin pass: 14 engines, 91 pairings
2026-06-11T21:09:03.327Z [league] datasets/ at 41.94 GB — OVER WARN THRESHOLD, consider archiving
2026-06-11T21:09:04.845Z [league] classic vs pilot · seed 52503 · arena #19 · classic 0W 21K dom 1.5 | pilot 1W 38K dom 27.0
2026-06-11T21:09:32.799Z [league] classic vs reaper · seed 52504 · arena #23 · classic 0W 28K dom 6.5 | reaper 1W 43K dom 28.0
2026-06-11T21:10:02.812Z [league] classic vs matador · seed 52505 · arena #31 · classic 0W 19K dom -6.5 | matador 1W 51K dom 41.0
2026-06-11T21:10:32.879Z [league] classic vs kestrel · seed 52506 · arena #41 · classic 0W 18K dom -8.0 | kestrel 1W 52K dom 43.0
2026-06-11T21:11:02.992Z [league] classic vs wolf · seed 52507 · arena #53 · classic 0W 18K dom -4.0 | wolf 1W 43K dom 33.0
2026-06-11T21:11:32.955Z [league] classic vs plover · seed 52508 · arena #67 · classic 0W 17K dom -4.5 | plover 1W 42K dom 33.0
2026-06-11T21:12:02.989Z [league] classic vs hydra · seed 52509 · arena #88 · classic 0W 18K dom -4.5 | hydra 1W 45K dom 36.0
2026-06-11T21:12:32.935Z [league] classic vs shrike · seed 52510 · arena #0 · classic 0W 19K dom -0.5 | shrike 1W 39K dom 29.5
2026-06-11T21:13:02.924Z [league] classic vs cuadrilla · seed 52511 · arena #5 · classic 0W 15K dom -9.0 | cuadrilla 1W 48K dom 40.5
2026-06-11T21:13:33.053Z [league] classic vs orca · seed 52512 · arena #11 · classic 0W 15K dom -9.0 | orca 1W 48K dom 40.5
2026-06-11T21:14:02.936Z [league] classic vs neural · seed 52513 · arena #19 · classic 1W 24K dom 17.0 | neural 0W 14K dom 1.5
2026-06-11T21:14:32.977Z [league] classic vs angler · seed 52514 · arena #23 · classic 0W 15K dom -8.0 | angler 1W 46K dom 38.0
2026-06-11T21:15:03.137Z [league] classic vs disciple · seed 52515 · arena #31 · classic 1W 24K dom 22.0 | disciple 0W 4K dom -8.0
2026-06-11T21:15:32.856Z [league] pilot vs reaper · seed 52516 · arena #41 · pilot 1W 41K dom 25.5 | reaper 0W 30K dom 9.5
2026-06-11T21:16:02.946Z [league] pilot vs matador · seed 52517 · arena #53 · pilot 0W 30K dom 13.5 | matador 1W 33K dom 17.5
2026-06-11T21:16:32.853Z [league] pilot vs kestrel · seed 52518 · arena #67 · pilot 0W 27K dom 11.0 | kestrel 1W 30K dom 16.5
2026-06-11T21:17:02.774Z [league] pilot vs wolf · seed 52519 · arena #88 · pilot 0W 34K dom 9.0 | wolf 1W 50K dom 33.0
2026-06-11T21:17:32.927Z [league] pilot vs plover · seed 52520 · arena #0 · pilot 0W 31K dom 13.0 | plover 1W 36K dom 20.5
2026-06-11T21:18:02.870Z [league] pilot vs hydra · seed 52521 · arena #5 · pilot 0W 33K dom 13.5 | hydra 1W 38K dom 21.5
2026-06-11T21:18:32.910Z [league] pilot vs shrike · seed 52522 · arena #11 · pilot 0W 35K dom 10.5 | shrike 1W 49K dom 31.5
2026-06-11T21:21:37.130Z [league] pilot vs cuadrilla · seed 52523 · arena #19 · pilot 0W 31K dom 12.5 | cuadrilla 1W 37K dom 21.0
2026-06-11T21:22:06.512Z [league] pilot vs orca · seed 52524 · arena #23 · pilot 0W 32K dom 10.0 | orca 1W 43K dom 27.0
2026-06-11T21:22:49.305Z [league] pilot vs neural · seed 52525 · arena #31 · pilot 1W 24K dom 19.5 | neural 0W 7K dom -5.0
2026-06-11T21:23:44.308Z [league] pilot vs angler · seed 52526 · arena #41 · pilot 0W 28K dom 6.0 | angler 1W 44K dom 30.0
2026-06-11T21:24:15.773Z [league] pilot vs disciple · seed 52527 · arena #53 · pilot 1W 46K dom 43.5 | disciple 0W 5K dom -18.0
2026-06-11T21:25:20.208Z [league] reaper vs matador · seed 52528 · arena #67 · reaper 0W 25K dom 11.0 | matador 1W 28K dom 15.0
2026-06-11T21:25:48.253Z [league] reaper vs kestrel · seed 52529 · arena #88 · reaper 0W 30K dom 13.0 | kestrel 1W 33K dom 17.5
2026-06-11T21:26:54.392Z [league] reaper vs wolf · seed 52530 · arena #0 · reaper 0W 25K dom 3.5 | wolf 1W 43K dom 30.5
2026-06-11T21:27:24.695Z [league] reaper vs plover · seed 52531 · arena #5 · reaper 0W 24K dom 7.0 | plover 1W 34K dom 21.5
2026-06-11T21:28:18.233Z [league] reaper vs hydra · seed 52532 · arena #11 · reaper 0W 30K dom 10.5 | hydra 1W 39K dom 24.0
2026-06-11T21:28:49.849Z [league] reaper vs shrike · seed 52533 · arena #19 · reaper 0W 22K dom 5.0 | shrike 1W 33K dom 21.5
2026-06-11T21:29:26.710Z [league] reaper vs cuadrilla · seed 52534 · arena #23 · reaper 0W 21K dom 5.5 | cuadrilla 1W 31K dom 19.5
2026-06-11T21:30:21.670Z [league] reaper vs orca · seed 52535 · arena #31 · reaper 0W 25K dom 5.0 | orca 1W 40K dom 27.5
2026-06-11T21:31:07.692Z [league] reaper vs neural · seed 52536 · arena #41 · reaper 1W 28K dom 24.0 | neural 0W 6K dom -8.0
2026-06-11T21:32:12.929Z [league] reaper vs angler · seed 52537 · arena #53 · reaper 0W 22K dom 2.0 | angler 1W 40K dom 29.0
2026-06-11T21:33:03.628Z [league] reaper vs disciple · seed 52538 · arena #67 · reaper 1W 39K dom 36.5 | disciple 0W 5K dom -15.0
2026-06-11T21:33:31.960Z [league] matador vs kestrel · seed 52539 · arena #88 · matador 1W 45K dom 32.0 | kestrel 0W 26K dom 3.5
2026-06-11T21:34:09.536Z [league] matador vs wolf · seed 52540 · arena #0 · matador 0W 39K dom 18.5 | wolf 1W 41K dom 21.5
2026-06-11T21:36:00.379Z [league] matador vs plover · seed 52541 · arena #5 · matador 1W 30K dom 15.0 | plover 0W 30K dom 14.5
2026-06-11T21:36:31.523Z [league] matador vs hydra · seed 52542 · arena #11 · matador 0W 37K dom 18.0 | hydra 1W 38K dom 19.5
2026-06-11T21:37:00.911Z [league] matador vs shrike · seed 52543 · arena #19 · matador 1W 45K dom 25.5 | shrike 0W 39K dom 16.5
2026-06-11T21:37:34.467Z [league] matador vs cuadrilla · seed 52544 · arena #23 · matador 1W 44K dom 23.5 | cuadrilla 0W 41K dom 19.0
2026-06-11T21:39:01.163Z [league] matador vs orca · seed 52545 · arena #31 · matador 1W 38K dom 20.0 | orca 0W 36K dom 17.0
2026-06-11T21:39:31.350Z [league] matador vs neural · seed 52546 · arena #41 · matador 1W 51K dom 47.0 | neural 0W 8K dom -17.5
2026-06-11T21:40:39.295Z [league] matador vs angler · seed 52547 · arena #53 · matador 0W 36K dom 10.5 | angler 1W 51K dom 33.0
2026-06-11T21:41:35.085Z [league] matador vs disciple · seed 52548 · arena #67 · matador 1W 60K dom 58.5 | disciple 0W 3K dom -27.0
2026-06-11T21:43:41.295Z [league] kestrel vs wolf · seed 52549 · arena #88 · kestrel 0W 28K dom 8.5 | wolf 1W 39K dom 25.0
2026-06-11T21:48:12.060Z [league] kestrel vs plover · seed 52550 · arena #0 · done
2026-06-11T21:48:14.057Z [league] kestrel vs hydra · seed 52551 · arena #5 · kestrel 1W 43K dom 24.0 | hydra 0W 38K dom 16.5
2026-06-11T21:48:49.618Z [league] kestrel vs shrike · seed 52552 · arena #11 · kestrel 0W 25K dom 9.5 | shrike 1W 31K dom 18.5
2026-06-11T21:49:25.724Z [league] kestrel vs cuadrilla · seed 52553 · arena #19 · kestrel 0W 32K dom 13.5 | cuadrilla 1W 37K dom 21.0
2026-06-11T21:49:57.783Z [league] kestrel vs orca · seed 52554 · arena #23 · kestrel 0W 25K dom 8.0 | orca 1W 34K dom 21.5
2026-06-11T21:50:26.869Z [league] kestrel vs neural · seed 52555 · arena #31 · kestrel 1W 48K dom 44.5 | neural 0W 7K dom -17.5
2026-06-11T21:52:32.932Z [league] kestrel vs angler · seed 52556 · arena #41 · kestrel 0W 29K dom 8.5 | angler 1W 41K dom 26.5
2026-06-11T21:53:53.902Z [league] kestrel vs disciple · seed 52557 · arena #53 · kestrel 1W 38K dom 35.0 | disciple 0W 6K dom -13.0
2026-06-11T21:54:20.443Z [league] wolf vs plover · seed 52558 · arena #67 · wolf 1W 30K dom 17.5 | plover 0W 25K dom 10.0
2026-06-11T21:55:08.376Z [league] wolf vs hydra · seed 52559 · arena #88 · wolf 1W 42K dom 24.0 | hydra 0W 36K dom 15.0
2026-06-11T21:57:27.231Z [league] wolf vs shrike · seed 52560 · arena #0 · wolf 1W 35K dom 17.5 | shrike 0W 34K dom 16.5
2026-06-11T21:58:31.557Z [league] wolf vs cuadrilla · seed 52561 · arena #5 · wolf 1W 39K dom 21.5 | cuadrilla 0W 35K dom 15.5
2026-06-11T21:59:07.383Z [league] wolf vs orca · seed 52562 · arena #11 · wolf 1W 35K dom 17.5 | orca 0W 34K dom 16.5
2026-06-11T21:59:25.658Z [league] wolf vs neural · seed 52563 · arena #19 · wolf 1W 45K dom 41.5 | neural 0W 7K dom -15.5
2026-06-11T22:00:07.278Z [league] wolf vs angler · seed 52564 · arena #23 · wolf 0W 39K dom 17.0 | angler 1W 44K dom 24.5
2026-06-11T22:00:50.362Z [league] wolf vs disciple · seed 52565 · arena #31 · wolf 1W 44K dom 42.5 | disciple 0W 3K dom -19.0
2026-06-11T22:01:28.833Z [league] plover vs hydra · seed 52566 · arena #41 · plover 0W 23K dom 9.0 | hydra 1W 28K dom 16.5
2026-06-11T22:01:57.169Z [league] plover vs shrike · seed 52567 · arena #53 · plover 0W 31K dom 10.5 | shrike 1W 41K dom 25.5
2026-06-11T22:02:31.347Z [league] plover vs cuadrilla · seed 52568 · arena #67 · plover 0W 17K dom 4.0 | cuadrilla 1W 26K dom 17.5
2026-06-11T22:03:06.044Z [league] plover vs orca · seed 52569 · arena #88 · plover 0W 27K dom 3.5 | orca 1W 47K dom 33.0
2026-06-11T22:03:35.728Z [league] plover vs neural · seed 52570 · arena #0 · plover 1W 47K dom 43.0 | neural 0W 7K dom -16.5
2026-06-11T22:04:10.621Z [league] plover vs angler · seed 52571 · arena #5 · plover 0W 33K dom 10.0 | angler 1W 46K dom 29.5
2026-06-11T22:04:46.915Z [league] plover vs disciple · seed 52572 · arena #11 · plover 1W 48K dom 47.0 | disciple 0W 2K dom -22.0
2026-06-11T22:05:18.749Z [league] hydra vs shrike · seed 52573 · arena #19 · hydra 0W 26K dom 12.5 | shrike 1W 27K dom 14.0
2026-06-11T22:05:56.003Z [league] hydra vs cuadrilla · seed 52574 · arena #23 · hydra 0W 37K dom 17.5 | cuadrilla 1W 39K dom 20.5
2026-06-11T22:06:24.445Z [league] hydra vs orca · seed 52575 · arena #31 · hydra 1W 33K dom 17.0 | orca 0W 32K dom 15.5
2026-06-11T22:06:46.760Z [league] hydra vs neural · seed 52576 · arena #41 · hydra 1W 37K dom 32.0 | neural 0W 9K dom -9.5
2026-06-11T22:07:26.034Z [league] hydra vs angler · seed 52577 · arena #53 · hydra 0W 33K dom 8.5 | angler 1W 49K dom 32.5
2026-06-11T22:07:59.431Z [league] hydra vs disciple · seed 52578 · arena #67 · hydra 1W 32K dom 30.5 | disciple 0W 3K dom -13.0
2026-06-11T22:08:41.036Z [league] shrike vs cuadrilla · seed 52579 · arena #88 · shrike 0W 35K dom 16.5 | cuadrilla 1W 37K dom 18.5
2026-06-11T22:09:04.892Z [league] shrike vs orca · seed 52580 · arena #0 · shrike 1W 40K dom 21.5 | orca 0W 37K dom 17.0
2026-06-11T22:09:27.622Z [league] shrike vs neural · seed 52581 · arena #5 · shrike 1W 51K dom 47.0 | neural 0W 8K dom -17.5
2026-06-11T22:10:10.050Z [league] shrike vs angler · seed 52582 · arena #11 · shrike 0W 35K dom 14.0 | angler 1W 42K dom 24.5
2026-06-11T22:10:42.282Z [league] shrike vs disciple · seed 52583 · arena #19 · shrike 1W 35K dom 34.5 | disciple 0W 1K dom -16.5
2026-06-11T22:11:15.000Z [league] cuadrilla vs orca · seed 52584 · arena #23 · cuadrilla 1W 37K dom 20.5 | orca 0W 33K dom 14.0
2026-06-11T22:11:44.630Z [league] cuadrilla vs neural · seed 52585 · arena #31 · cuadrilla 1W 28K dom 25.0 | neural 0W 6K dom -8.0
2026-06-11T22:12:16.318Z [league] cuadrilla vs angler · seed 52586 · arena #41 · cuadrilla 1W 30K dom 16.0 | angler 0W 28K dom 13.0
2026-06-11T22:12:41.471Z [league] cuadrilla vs disciple · seed 52587 · arena #53 · cuadrilla 1W 42K dom 38.5 | disciple 0W 7K dom -14.0
2026-06-11T22:13:10.110Z [league] orca vs neural · seed 52588 · arena #67 · orca 1W 49K dom 45.5 | neural 0W 7K dom -17.5
2026-06-11T22:13:55.131Z [league] orca vs angler · seed 52589 · arena #88 · orca 0W 34K dom 11.5 | angler 1W 45K dom 28.0
2026-06-11T22:14:27.037Z [league] orca vs disciple · seed 52590 · arena #0 · orca 1W 54K dom 53.5 | disciple 0W 1K dom -26.0
2026-06-11T22:14:57.843Z [league] neural vs angler · seed 52591 · arena #5 · neural 0W 6K dom -13.0 | angler 1W 38K dom 35.0
2026-06-11T22:15:23.065Z [league] neural vs disciple · seed 52592 · arena #11 · neural 1W 10K dom 6.5 | disciple 0W 7K dom 2.0
2026-06-11T22:15:56.238Z [league] angler vs disciple · seed 52593 · arena #19 · angler 1W 44K dom 43.5 | disciple 0W 1K dom -21.0
2026-06-11T22:16:27.888Z [league] new round-robin pass: 14 engines, 91 pairings
2026-06-11T22:16:29.723Z [league] datasets/ at 42.22 GB — OVER WARN THRESHOLD, consider archiving
2026-06-11T22:16:31.802Z [league] classic vs pilot · seed 52594 · arena #23 · classic 0W 27K dom 2.0 | pilot 1W 49K dom 35.5
2026-06-11T22:17:48.957Z [league] classic vs reaper · seed 52595 · arena #31 · classic 0W 25K dom 4.0 | reaper 1W 41K dom 28.5
2026-06-11T22:22:45.933Z [league] classic vs matador · seed 52596 · arena #41 · classic 0W 18K dom -9.0 | matador 1W 54K dom 44.5
2026-06-11T22:22:48.259Z [league] classic vs kestrel · seed 52597 · arena #53 · classic 0W 16K dom -5.5 | kestrel 1W 42K dom 34.0
2026-06-11T22:23:24.057Z [league] classic vs wolf · seed 52598 · arena #67 · classic 0W 16K dom -9.0 | wolf 1W 50K dom 41.5
2026-06-11T22:24:11.124Z [league] classic vs plover · seed 52599 · arena #88 · classic 0W 20K dom -1.5 | plover 1W 43K dom 33.0
2026-06-11T22:24:40.021Z [league] classic vs hydra · seed 52600 · arena #0 · classic 0W 21K dom -2.0 | hydra 1W 46K dom 35.5
2026-06-11T22:25:34.371Z [league] classic vs shrike · seed 52601 · arena #5 · classic 0W 19K dom -3.5 | shrike 1W 45K dom 35.5
2026-06-11T22:27:15.158Z [league] classic vs cuadrilla · seed 52602 · arena #11 · classic 0W 14K dom -5.5 | cuadrilla 1W 39K dom 32.0
2026-06-11T22:27:16.470Z [league] classic vs orca · seed 52603 · arena #19 · classic 0W 16K dom -8.0 | orca 1W 48K dom 40.0
2026-06-11T22:41:11.516Z [league] classic vs neural · seed 52604 · arena #23 · classic 1W 29K dom 20.5 | neural 0W 17K dom 1.0
2026-06-11T22:41:41.489Z [league] classic vs angler · seed 52605 · arena #31 · classic 0W 16K dom -9.5 | angler 1W 51K dom 43.0
2026-06-11T22:42:11.610Z [league] classic vs disciple · seed 52606 · arena #41 · classic 1W 26K dom 21.5 | disciple 0W 8K dom -5.0
2026-06-11T22:42:41.244Z [league] pilot vs reaper · seed 52607 · arena #53 · pilot 0W 32K dom 15.0 | reaper 1W 34K dom 18.0
2026-06-11T22:43:11.174Z [league] pilot vs matador · seed 52608 · arena #67 · pilot 0W 34K dom 12.5 | matador 1W 42K dom 25.0
2026-06-11T22:43:41.170Z [league] pilot vs kestrel · seed 52609 · arena #88 · pilot 0W 33K dom 13.5 | kestrel 1W 39K dom 22.5
2026-06-11T22:44:11.072Z [league] pilot vs wolf · seed 52610 · arena #0 · pilot 0W 31K dom 7.5 | wolf 1W 46K dom 30.5
2026-06-11T22:44:41.237Z [league] pilot vs plover · seed 52611 · arena #5 · pilot 0W 31K dom 14.5 | plover 1W 31K dom 15.5
2026-06-11T22:45:11.250Z [league] pilot vs hydra · seed 52612 · arena #11 · pilot 0W 26K dom 9.5 | hydra 1W 33K dom 20.0
2026-06-11T22:45:41.241Z [league] pilot vs shrike · seed 52613 · arena #19 · pilot 0W 30K dom 8.5 | shrike 1W 42K dom 27.0
2026-06-11T22:46:11.434Z [league] pilot vs cuadrilla · seed 52614 · arena #23 · pilot 0W 16K dom 4.5 | cuadrilla 1W 23K dom 15.0
2026-06-11T22:46:41.478Z [league] pilot vs orca · seed 52615 · arena #31 · pilot 0W 35K dom 12.5 | orca 1W 45K dom 27.5
2026-06-11T22:47:11.325Z [league] pilot vs neural · seed 52616 · arena #41 · pilot 1W 23K dom 19.0 | neural 0W 8K dom -3.5
2026-06-11T22:47:41.275Z [league] pilot vs angler · seed 52617 · arena #53 · pilot 0W 30K dom 4.5 | angler 1W 51K dom 36.0
2026-06-11T22:48:11.463Z [league] pilot vs disciple · seed 52618 · arena #67 · pilot 1W 38K dom 35.5 | disciple 0W 5K dom -14.0
2026-06-11T22:48:41.230Z [league] reaper vs matador · seed 52619 · arena #88 · reaper 1W 34K dom 17.5 | matador 0W 32K dom 14.5
2026-06-11T22:49:11.188Z [league] reaper vs kestrel · seed 52620 · arena #0 · reaper 0W 31K dom 12.0 | kestrel 1W 38K dom 22.5
2026-06-11T22:49:41.203Z [league] reaper vs wolf · seed 52621 · arena #5 · reaper 0W 18K dom -1.5 | wolf 1W 39K dom 29.0
2026-06-11T22:50:11.292Z [league] reaper vs plover · seed 52622 · arena #11 · reaper 0W 19K dom 2.5 | plover 1W 33K dom 23.0
2026-06-11T22:50:41.302Z [league] reaper vs hydra · seed 52623 · arena #19 · reaper 0W 26K dom 8.0 | hydra 1W 35K dom 22.0
2026-06-11T22:51:11.341Z [league] reaper vs shrike · seed 52624 · arena #23 · reaper 0W 26K dom 6.0 | shrike 1W 40K dom 27.0
2026-06-11T22:51:41.366Z [league] reaper vs cuadrilla · seed 52625 · arena #31 · reaper 0W 16K dom -2.5 | cuadrilla 1W 37K dom 29.0
2026-06-11T22:52:11.512Z [league] reaper vs orca · seed 52626 · arena #41 · reaper 0W 26K dom 8.0 | orca 1W 36K dom 23.0
2026-06-11T22:52:41.298Z [league] reaper vs neural · seed 52627 · arena #53 · reaper 1W 30K dom 24.0 | neural 0W 12K dom -3.0
2026-06-11T22:53:11.310Z [league] reaper vs angler · seed 52628 · arena #67 · reaper 0W 22K dom -1.0 | angler 1W 46K dom 35.0
2026-06-11T22:53:41.483Z [league] reaper vs disciple · seed 52629 · arena #88 · reaper 1W 36K dom 33.5 | disciple 0W 5K dom -13.0
2026-06-11T22:54:11.287Z [league] matador vs kestrel · seed 52630 · arena #0 · matador 1W 33K dom 18.5 | kestrel 0W 29K dom 12.0
2026-06-11T22:54:40.516Z [league] pairing matador vs wolf FAILED (continuing): Command failed: pnpm arena --teams matador vs wolf --matches 1 --round 120 --seed 52631 --arena 5
2026-06-11T22:55:10.487Z [league] pairing matador vs plover FAILED (continuing): Command failed: pnpm arena --teams matador vs plover --matches 1 --round 120 --seed 52632 --arena 11
2026-06-11T22:55:40.451Z [league] pairing matador vs hydra FAILED (continuing): Command failed: pnpm arena --teams matador vs hydra --matches 1 --round 120 --seed 52633 --arena 19
2026-06-11T22:56:10.432Z [league] pairing matador vs shrike FAILED (continuing): Command failed: pnpm arena --teams matador vs shrike --matches 1 --round 120 --seed 52634 --arena 23
2026-06-11T22:56:40.421Z [league] pairing matador vs cuadrilla FAILED (continuing): Command failed: pnpm arena --teams matador vs cuadrilla --matches 1 --round 120 --seed 52635 --arena 31
2026-06-11T22:57:11.545Z [league] matador vs orca · seed 52636 · arena #41 · matador 0W 38K dom 19.0 | orca 0W 38K dom 19.0
2026-06-11T22:57:41.657Z [league] matador vs neural · seed 52637 · arena #53 · matador 1W 38K dom 34.0 | neural 0W 8K dom -11.0
2026-06-11T22:58:11.551Z [league] matador vs angler · seed 52638 · arena #67 · matador 0W 29K dom 8.0 | angler 1W 42K dom 27.5
2026-06-11T22:58:41.463Z [league] matador vs disciple · seed 52639 · arena #88 · matador 1W 50K dom 49.5 | disciple 0W 0K dom -25.0
2026-06-11T22:59:11.217Z [league] kestrel vs wolf · seed 52640 · arena #0 · kestrel 0W 25K dom 7.5 | wolf 1W 35K dom 22.0
2026-06-11T22:59:41.454Z [league] kestrel vs plover · seed 52641 · arena #5 · kestrel 1W 35K dom 19.5 | plover 0W 31K dom 13.0
2026-06-11T23:00:12.243Z [league] kestrel vs hydra · seed 52642 · arena #11 · kestrel 0W 32K dom 15.0 | hydra 1W 34K dom 18.0
2026-06-11T23:00:41.408Z [league] kestrel vs shrike · seed 52643 · arena #19 · kestrel 0W 37K dom 15.5 | shrike 1W 43K dom 24.5
2026-06-11T23:01:11.377Z [league] kestrel vs cuadrilla · seed 52644 · arena #23 · kestrel 0W 31K dom 13.0 | cuadrilla 1W 35K dom 19.5
2026-06-11T23:01:41.687Z [league] kestrel vs orca · seed 52645 · arena #31 · kestrel 0W 22K dom 5.5 | orca 1W 33K dom 21.5
2026-06-11T23:02:11.364Z [league] kestrel vs neural · seed 52646 · arena #41 · kestrel 1W 49K dom 44.0 | neural 0W 10K dom -15.5
2026-06-11T23:02:41.307Z [league] kestrel vs angler · seed 52647 · arena #53 · kestrel 0W 35K dom 15.0 | angler 1W 40K dom 22.5
2026-06-11T23:03:11.412Z [league] kestrel vs disciple · seed 52648 · arena #67 · kestrel 1W 36K dom 35.0 | disciple 0W 1K dom -17.0
2026-06-11T23:03:41.219Z [league] wolf vs plover · seed 52649 · arena #88 · wolf 1W 40K dom 23.0 | plover 0W 34K dom 14.0
2026-06-11T23:04:11.322Z [league] wolf vs hydra · seed 52650 · arena #0 · wolf 0W 36K dom 16.0 | hydra 1W 40K dom 22.0
2026-06-11T23:04:41.255Z [league] wolf vs shrike · seed 52651 · arena #5 · wolf 0W 41K dom 19.5 | shrike 1W 42K dom 21.5
2026-06-11T23:05:11.271Z [league] wolf vs cuadrilla · seed 52652 · arena #11 · wolf 0W 35K dom 15.5 | cuadrilla 1W 39K dom 21.5
2026-06-11T23:05:41.538Z [league] wolf vs orca · seed 52653 · arena #19 · wolf 0W 33K dom 16.5 | orca 0W 33K dom 16.5
2026-06-11T23:06:11.282Z [league] wolf vs neural · seed 52654 · arena #23 · wolf 1W 47K dom 43.0 | neural 0W 8K dom -15.5
2026-06-11T23:06:41.308Z [league] wolf vs angler · seed 52655 · arena #31 · wolf 0W 33K dom 15.0 | angler 1W 36K dom 19.5
2026-06-11T23:07:11.409Z [league] wolf vs disciple · seed 52656 · arena #41 · wolf 1W 35K dom 33.5 | disciple 0W 2K dom -15.5
2026-06-11T23:07:41.572Z [league] plover vs hydra · seed 52657 · arena #53 · plover 0W 29K dom 11.0 | hydra 1W 36K dom 21.5
2026-06-11T23:08:11.520Z [league] plover vs shrike · seed 52658 · arena #67 · plover 0W 25K dom 9.0 | shrike 1W 32K dom 19.5
2026-06-11T23:08:41.406Z [league] plover vs cuadrilla · seed 52659 · arena #88 · plover 0W 29K dom 8.0 | cuadrilla 1W 42K dom 27.5
2026-06-11T23:09:11.665Z [league] plover vs orca · seed 52660 · arena #0 · plover 0W 33K dom 16.0 | orca 1W 34K dom 17.0
2026-06-11T23:09:41.359Z [league] plover vs neural · seed 52661 · arena #5 · plover 1W 43K dom 36.5 | neural 0W 13K dom -8.5
2026-06-11T23:10:11.425Z [league] plover vs angler · seed 52662 · arena #11 · plover 0W 29K dom 5.0 | angler 1W 48K dom 33.5
2026-06-11T23:10:41.633Z [league] plover vs disciple · seed 52663 · arena #19 · plover 1W 30K dom 30.0 | disciple 0W 0K dom -15.0
2026-06-11T23:11:11.508Z [league] hydra vs shrike · seed 52664 · arena #23 · hydra 0W 37K dom 16.0 | shrike 1W 42K dom 23.5
2026-06-11T23:11:41.419Z [league] hydra vs cuadrilla · seed 52665 · arena #31 · hydra 0W 18K dom 2.5 | cuadrilla 1W 30K dom 20.5
2026-06-11T23:12:11.820Z [league] hydra vs orca · seed 52666 · arena #41 · hydra 1W 29K dom 15.0 | orca 0W 28K dom 13.0
2026-06-11T23:12:41.512Z [league] hydra vs neural · seed 52667 · arena #53 · hydra 1W 28K dom 25.0 | neural 0W 6K dom -8.0
2026-06-11T23:13:11.504Z [league] hydra vs angler · seed 52668 · arena #67 · hydra 0W 36K dom 16.0 | angler 1W 40K dom 22.0
2026-06-11T23:13:41.617Z [league] hydra vs disciple · seed 52669 · arena #88 · hydra 1W 51K dom 49.5 | disciple 0W 3K dom -22.5
2026-06-11T23:14:11.426Z [league] shrike vs cuadrilla · seed 52670 · arena #0 · shrike 0W 37K dom 15.5 | cuadrilla 1W 42K dom 23.0
2026-06-11T23:14:41.754Z [league] shrike vs orca · seed 52671 · arena #5 · shrike 0W 28K dom 11.5 | orca 1W 33K dom 19.0
2026-06-11T23:15:11.472Z [league] shrike vs neural · seed 52672 · arena #11 · shrike 1W 39K dom 35.5 | neural 0W 7K dom -12.5
2026-06-11T23:15:41.631Z [league] shrike vs angler · seed 52673 · arena #19 · shrike 0W 35K dom 17.5 | angler 0W 35K dom 17.5
2026-06-11T23:16:11.583Z [league] shrike vs disciple · seed 52674 · arena #23 · shrike 1W 52K dom 50.5 | disciple 0W 3K dom -23.5
2026-06-11T23:16:41.775Z [league] cuadrilla vs orca · seed 52675 · arena #31 · cuadrilla 1W 36K dom 22.0 | orca 0W 28K dom 10.0
2026-06-11T23:17:11.568Z [league] cuadrilla vs neural · seed 52676 · arena #41 · cuadrilla 1W 43K dom 39.0 | neural 0W 8K dom -13.5
2026-06-11T23:17:41.472Z [league] cuadrilla vs angler · seed 52677 · arena #53 · cuadrilla 0W 28K dom 12.0 | angler 1W 32K dom 18.0
2026-06-11T23:18:11.581Z [league] cuadrilla vs disciple · seed 52678 · arena #67 · cuadrilla 1W 43K dom 41.0 | disciple 0W 4K dom -17.5
2026-06-11T23:18:56.905Z [league] orca vs neural · seed 52679 · arena #88 · orca 1W 26K dom 24.5 | neural 0W 3K dom -10.0
2026-06-11T23:19:29.848Z [league] orca vs angler · seed 52680 · arena #0 · orca 0W 31K dom 12.0 | angler 1W 38K dom 22.5
2026-06-11T23:19:56.319Z [league] orca vs disciple · seed 52681 · arena #5 · orca 1W 43K dom 42.0 | disciple 0W 2K dom -19.5
2026-06-11T23:20:26.248Z [league] neural vs angler · seed 52682 · arena #11 · neural 0W 8K dom -8.5 | angler 1W 33K dom 29.0
2026-06-11T23:20:58.762Z [league] neural vs disciple · seed 52683 · arena #19 · neural 1W 11K dom 9.0 | disciple 0W 3K dom -2.5
2026-06-11T23:21:28.776Z [league] angler vs disciple · seed 52684 · arena #23 · angler 1W 50K dom 49.0 | disciple 0W 2K dom -23.0
2026-06-11T23:21:50.118Z [league] new round-robin pass: 15 engines, 105 pairings
2026-06-11T23:21:52.201Z [league] datasets/ at 43.69 GB — OVER WARN THRESHOLD, consider archiving
2026-06-11T23:21:54.267Z [league] classic vs pilot · seed 52685 · arena #31 · classic 0W 20K dom -2.5 | pilot 1W 45K dom 34.5
2026-06-11T23:22:11.468Z [league] classic vs reaper · seed 52686 · arena #41 · classic 0W 19K dom 0.0 | reaper 1W 38K dom 28.0
2026-06-11T23:22:41.423Z [league] classic vs matador · seed 52687 · arena #53 · classic 0W 19K dom -4.5 | matador 1W 47K dom 37.5
2026-06-11T23:23:11.455Z [league] classic vs kestrel · seed 52688 · arena #67 · classic 0W 21K dom -4.0 | kestrel 1W 50K dom 39.5
2026-06-11T23:23:41.510Z [league] classic vs wolf · seed 52689 · arena #88 · classic 0W 22K dom 0.0 | wolf 1W 44K dom 33.0
2026-06-11T23:24:11.434Z [league] classic vs plover · seed 52690 · arena #0 · classic 0W 24K dom 3.5 | plover 1W 39K dom 27.0
2026-06-11T23:24:41.542Z [league] classic vs hydra · seed 52691 · arena #5 · classic 0W 18K dom -6.5 | hydra 1W 49K dom 40.0
2026-06-11T23:25:11.529Z [league] classic vs shrike · seed 52692 · arena #11 · classic 0W 20K dom -4.0 | shrike 1W 48K dom 37.5
2026-06-11T23:25:41.514Z [league] classic vs cuadrilla · seed 52693 · arena #19 · classic 0W 14K dom -10.0 | cuadrilla 1W 48K dom 40.5
2026-06-11T23:26:11.740Z [league] classic vs orca · seed 52694 · arena #23 · classic 0W 18K dom -4.5 | orca 1W 45K dom 36.0
2026-06-11T23:26:41.596Z [league] classic vs neural · seed 52695 · arena #31 · classic 1W 15K dom 10.0 | neural 0W 10K dom 2.0
2026-06-11T23:27:11.552Z [league] classic vs angler · seed 52696 · arena #41 · classic 0W 19K dom -8.5 | angler 1W 55K dom 45.0
2026-06-11T23:27:41.906Z [league] classic vs disciple · seed 52697 · arena #53 · classic 1W 18K dom 16.0 | disciple 0W 3K dom -6.0
2026-06-11T23:28:12.078Z [league] classic vs prodigy · seed 52698 · arena #67 · classic 1W 31K dom 26.0 | prodigy 0W 9K dom -7.0
2026-06-11T23:28:41.393Z [league] pilot vs reaper · seed 52699 · arena #88 · pilot 1W 35K dom 20.5 | reaper 0W 29K dom 11.5
2026-06-11T23:29:11.331Z [league] pilot vs matador · seed 52700 · arena #0 · pilot 0W 31K dom 10.0 | matador 1W 42K dom 25.5
2026-06-11T23:29:41.405Z [league] pilot vs kestrel · seed 52701 · arena #5 · pilot 0W 30K dom 12.5 | kestrel 1W 35K dom 19.5
2026-06-11T23:30:11.297Z [league] pilot vs wolf · seed 52702 · arena #11 · pilot 0W 32K dom 10.0 | wolf 1W 44K dom 27.5
2026-06-11T23:30:41.503Z [league] pilot vs plover · seed 52703 · arena #19 · pilot 0W 28K dom 11.0 | plover 1W 34K dom 20.0
2026-06-11T23:31:11.401Z [league] pilot vs hydra · seed 52704 · arena #23 · pilot 0W 38K dom 14.0 | hydra 1W 48K dom 29.0
2026-06-11T23:31:41.639Z [league] pilot vs shrike · seed 52705 · arena #31 · pilot 0W 24K dom 6.5 | shrike 1W 35K dom 23.0
2026-06-11T23:32:11.449Z [league] pilot vs cuadrilla · seed 52706 · arena #41 · pilot 0W 22K dom 6.0 | cuadrilla 1W 31K dom 20.0
2026-06-11T23:32:41.738Z [league] pilot vs orca · seed 52707 · arena #53 · pilot 0W 30K dom 10.0 | orca 1W 39K dom 24.0
2026-06-11T23:33:11.672Z [league] pilot vs neural · seed 52708 · arena #67 · pilot 1W 32K dom 27.0 | neural 0W 10K dom -6.0
2026-06-11T23:33:41.554Z [league] pilot vs angler · seed 52709 · arena #88 · pilot 0W 28K dom 4.5 | angler 1W 47K dom 32.5
2026-06-11T23:34:11.633Z [league] pilot vs disciple · seed 52710 · arena #0 · pilot 1W 44K dom 40.5 | disciple 0W 7K dom -16.0
2026-06-11T23:34:42.049Z [league] pilot vs prodigy · seed 52711 · arena #5 · pilot 1W 38K dom 36.0 | prodigy 0W 3K dom -16.0
2026-06-11T23:35:11.363Z [league] reaper vs matador · seed 52712 · arena #11 · reaper 0W 30K dom 7.0 | matador 1W 46K dom 31.0
2026-06-11T23:35:41.344Z [league] reaper vs kestrel · seed 52713 · arena #19 · reaper 1W 36K dom 19.0 | kestrel 0W 33K dom 14.5
2026-06-11T23:36:11.399Z [league] reaper vs wolf · seed 52714 · arena #23 · reaper 0W 27K dom 3.0 | wolf 1W 47K dom 33.5
2026-06-11T23:36:41.480Z [league] reaper vs plover · seed 52715 · arena #31 · reaper 0W 31K dom 12.0 | plover 1W 37K dom 21.5
2026-06-11T23:37:11.558Z [league] reaper vs hydra · seed 52716 · arena #41 · reaper 0W 21K dom 5.5 | hydra 1W 30K dom 19.5
2026-06-11T23:37:41.511Z [league] reaper vs shrike · seed 52717 · arena #53 · reaper 0W 23K dom 1.5 | shrike 1W 43K dom 31.5
2026-06-11T23:38:11.491Z [league] reaper vs cuadrilla · seed 52718 · arena #67 · reaper 0W 23K dom 5.0 | cuadrilla 1W 36K dom 24.5
2026-06-11T23:38:41.783Z [league] reaper vs orca · seed 52719 · arena #88 · reaper 0W 24K dom 5.5 | orca 1W 37K dom 25.0
2026-06-11T23:39:11.581Z [league] reaper vs neural · seed 52720 · arena #0 · reaper 1W 32K dom 26.5 | neural 0W 10K dom -6.0
2026-06-11T23:39:41.578Z [league] reaper vs angler · seed 52721 · arena #5 · reaper 0W 24K dom 5.5 | angler 1W 35K dom 23.0
2026-06-11T23:40:11.904Z [league] reaper vs disciple · seed 52722 · arena #11 · reaper 1W 33K dom 30.5 | disciple 0W 5K dom -11.5
2026-06-11T23:40:42.332Z [league] reaper vs prodigy · seed 52723 · arena #19 · reaper 1W 30K dom 26.0 | prodigy 0W 7K dom -9.0
2026-06-11T23:41:11.464Z [league] matador vs kestrel · seed 52724 · arena #23 · matador 1W 30K dom 16.5 | kestrel 0W 27K dom 12.0
2026-06-11T23:41:41.328Z [league] matador vs wolf · seed 52725 · arena #31 · matador 0W 41K dom 15.0 | wolf 1W 52K dom 31.5
2026-06-11T23:43:47.220Z [league] matador vs plover · seed 52726 · arena #41 · matador 1W 38K dom 22.5 | plover 0W 31K dom 12.0
2026-06-11T23:44:28.742Z [league] matador vs hydra · seed 52727 · arena #53 · matador 1W 39K dom 21.5 | hydra 0W 35K dom 15.5
2026-06-11T23:44:54.826Z [league] matador vs shrike · seed 52728 · arena #67 · matador 0W 37K dom 17.0 | shrike 1W 39K dom 20.5
2026-06-11T23:45:27.693Z [league] matador vs cuadrilla · seed 52729 · arena #88 · matador 0W 39K dom 19.0 | cuadrilla 1W 39K dom 19.5
2026-06-11T23:46:09.218Z [league] matador vs orca · seed 52730 · arena #0 · matador 1W 40K dom 20.5 | orca 0W 38K dom 18.0
2026-06-11T23:46:33.935Z [league] matador vs neural · seed 52731 · arena #5 · matador 1W 35K dom 32.5 | neural 0W 5K dom -12.5
2026-06-11T23:47:07.455Z [league] matador vs angler · seed 52732 · arena #11 · matador 0W 30K dom 9.0 | angler 1W 41K dom 26.0
2026-06-11T23:47:39.428Z [league] matador vs disciple · seed 52733 · arena #19 · matador 1W 56K dom 53.0 | disciple 0W 6K dom -22.0
2026-06-11T23:47:55.158Z [league] matador vs prodigy · seed 52734 · arena #23 · matador 1W 53K dom 49.5 | prodigy 0W 7K dom -20.5
2026-06-11T23:47:56.749Z [league] kestrel vs wolf · seed 52735 · arena #31 · kestrel 0W 35K dom 10.0 | wolf 1W 49K dom 31.5
2026-06-11T23:48:03.114Z [league] kestrel vs plover · seed 52736 · arena #41 · kestrel 1W 25K dom 14.5 | plover 0W 21K dom 8.0
2026-06-11T23:48:04.439Z [league] kestrel vs hydra · seed 52737 · arena #53 · kestrel 0W 31K dom 12.0 | hydra 1W 38K dom 22.5
2026-06-11T23:48:12.207Z [league] kestrel vs shrike · seed 52738 · arena #67 · kestrel 0W 30K dom 11.0 | shrike 1W 38K dom 22.5
2026-06-11T23:48:42.231Z [league] kestrel vs cuadrilla · seed 52739 · arena #88 · kestrel 0W 35K dom 16.0 | cuadrilla 1W 38K dom 20.5
2026-06-11T23:49:12.351Z [league] kestrel vs orca · seed 52740 · arena #0 · kestrel 0W 41K dom 20.5 | orca 0W 41K dom 20.5
2026-06-11T23:49:55.592Z [league] kestrel vs neural · seed 52741 · arena #5 · kestrel 1W 33K dom 30.0 | neural 0W 6K dom -10.5
2026-06-11T23:50:18.467Z [league] kestrel vs angler · seed 52742 · arena #11 · kestrel 0W 31K dom 14.0 | angler 1W 34K dom 18.0
2026-06-11T23:50:42.405Z [league] kestrel vs disciple · seed 52743 · arena #19 · kestrel 1W 49K dom 47.5 | disciple 0W 3K dom -21.5
2026-06-11T23:51:19.307Z [league] kestrel vs prodigy · seed 52744 · arena #23 · kestrel 1W 34K dom 31.5 | prodigy 0W 5K dom -12.0
2026-06-11T23:51:42.426Z [league] wolf vs plover · seed 52745 · arena #31 · wolf 1W 41K dom 26.5 | plover 0W 28K dom 7.5
2026-06-11T23:52:12.152Z [league] wolf vs hydra · seed 52746 · arena #41 · wolf 1W 36K dom 19.0 | hydra 0W 34K dom 16.0
2026-06-11T23:52:42.177Z [league] wolf vs shrike · seed 52747 · arena #53 · wolf 0W 34K dom 15.5 | shrike 1W 37K dom 20.0
2026-06-11T23:53:12.149Z [league] wolf vs cuadrilla · seed 52748 · arena #67 · wolf 1W 36K dom 19.0 | cuadrilla 0W 34K dom 16.0
2026-06-11T23:53:42.455Z [league] wolf vs orca · seed 52749 · arena #88 · wolf 0W 28K dom 11.0 | orca 1W 33K dom 19.0
2026-06-11T23:54:12.091Z [league] wolf vs neural · seed 52750 · arena #0 · wolf 1W 62K dom 56.5 | neural 0W 11K dom -20.0
2026-06-11T23:54:42.256Z [league] wolf vs angler · seed 52751 · arena #5 · wolf 0W 36K dom 17.0 | angler 1W 38K dom 20.0
2026-06-11T23:55:12.255Z [league] wolf vs disciple · seed 52752 · arena #11 · wolf 1W 42K dom 41.5 | disciple 0W 1K dom -20.0
2026-06-11T23:55:42.660Z [league] wolf vs prodigy · seed 52753 · arena #19 · wolf 1W 55K dom 51.0 | prodigy 0W 7K dom -20.5
2026-06-11T23:56:12.388Z [league] plover vs hydra · seed 52754 · arena #23 · plover 0W 27K dom 10.5 | hydra 1W 33K dom 19.5
2026-06-11T23:56:42.402Z [league] plover vs shrike · seed 52755 · arena #31 · plover 0W 34K dom 12.5 | shrike 1W 43K dom 26.0
2026-06-11T23:57:12.711Z [league] plover vs cuadrilla · seed 52756 · arena #41 · plover 0W 26K dom 6.5 | cuadrilla 1W 38K dom 25.0
2026-06-11T23:57:42.702Z [league] plover vs orca · seed 52757 · arena #53 · plover 0W 33K dom 14.5 | orca 1W 36K dom 19.5
2026-06-11T23:58:12.942Z [league] plover vs neural · seed 52758 · arena #67 · plover 1W 42K dom 38.0 | neural 0W 7K dom -14.5
2026-06-11T23:58:42.433Z [league] plover vs angler · seed 52759 · arena #88 · plover 0W 24K dom 6.5 | angler 1W 35K dom 23.0
2026-06-11T23:59:12.998Z [league] plover vs disciple · seed 52760 · arena #0 · plover 1W 46K dom 44.5 | disciple 0W 3K dom -20.0
2026-06-11T23:59:42.878Z [league] plover vs prodigy · seed 52761 · arena #5 · plover 1W 38K dom 37.0 | prodigy 0W 2K dom -17.0
2026-06-12T00:00:12.397Z [league] hydra vs shrike · seed 52762 · arena #11 · hydra 0W 24K dom 8.0 | shrike 1W 32K dom 20.0
2026-06-12T00:00:43.610Z [league] hydra vs cuadrilla · seed 52763 · arena #19 · hydra 0W 29K dom 10.0 | cuadrilla 1W 38K dom 23.0
2026-06-12T00:01:13.103Z [league] hydra vs orca · seed 52764 · arena #23 · hydra 0W 25K dom 6.5 | orca 1W 37K dom 24.0
2026-06-12T00:01:42.702Z [league] hydra vs neural · seed 52765 · arena #31 · hydra 1W 45K dom 40.5 | neural 0W 9K dom -14.0
2026-06-12T00:02:12.520Z [league] hydra vs angler · seed 52766 · arena #41 · hydra 0W 32K dom 12.0 | angler 1W 40K dom 24.0
2026-06-12T00:02:42.799Z [league] hydra vs disciple · seed 52767 · arena #53 · hydra 1W 34K dom 33.0 | disciple 0W 2K dom -15.0
2026-06-12T00:03:12.951Z [league] hydra vs prodigy · seed 52768 · arena #67 · hydra 1W 54K dom 51.5 | prodigy 0W 4K dom -23.0
2026-06-12T00:03:42.570Z [league] shrike vs cuadrilla · seed 52769 · arena #88 · shrike 0W 29K dom 14.5 | cuadrilla 0W 29K dom 14.5
2026-06-12T00:04:12.724Z [league] shrike vs orca · seed 52770 · arena #0 · shrike 1W 30K dom 16.0 | orca 0W 28K dom 13.0
2026-06-12T00:04:42.405Z [league] shrike vs neural · seed 52771 · arena #5 · shrike 1W 44K dom 40.0 | neural 0W 8K dom -14.0
2026-06-12T00:05:12.395Z [league] shrike vs angler · seed 52772 · arena #11 · shrike 0W 34K dom 13.5 | angler 1W 41K dom 24.0
2026-06-12T00:05:42.457Z [league] shrike vs disciple · seed 52773 · arena #19 · shrike 1W 50K dom 49.5 | disciple 0W 1K dom -24.0
2026-06-12T00:06:12.729Z [league] shrike vs prodigy · seed 52774 · arena #23 · shrike 1W 51K dom 49.0 | prodigy 0W 4K dom -21.5
2026-06-12T00:06:42.698Z [league] cuadrilla vs orca · seed 52775 · arena #31 · cuadrilla 0W 24K dom 10.5 | orca 1W 27K dom 14.5
2026-06-12T00:07:12.321Z [league] cuadrilla vs neural · seed 52776 · arena #41 · cuadrilla 1W 57K dom 53.0 | neural 0W 8K dom -20.5
2026-06-12T00:07:42.538Z [league] cuadrilla vs angler · seed 52777 · arena #53 · cuadrilla 0W 25K dom 10.0 | angler 1W 30K dom 17.5
2026-06-12T00:08:12.698Z [league] cuadrilla vs disciple · seed 52778 · arena #67 · cuadrilla 1W 22K dom 21.5 | disciple 0W 1K dom -10.0
2026-06-12T00:08:42.903Z [league] cuadrilla vs prodigy · seed 52779 · arena #88 · cuadrilla 1W 45K dom 41.5 | prodigy 0W 7K dom -15.5
2026-06-12T00:09:12.746Z [league] orca vs neural · seed 52780 · arena #0 · orca 1W 42K dom 36.5 | neural 0W 11K dom -10.0
2026-06-12T00:09:42.728Z [league] orca vs angler · seed 52781 · arena #5 · orca 0W 37K dom 10.5 | angler 1W 52K dom 33.5
2026-06-12T00:10:12.682Z [league] orca vs disciple · seed 52782 · arena #11 · orca 1W 53K dom 51.5 | disciple 0W 3K dom -23.5
2026-06-12T00:10:43.009Z [league] orca vs prodigy · seed 52783 · arena #19 · orca 1W 50K dom 48.0 | prodigy 0W 4K dom -21.0
2026-06-12T00:11:12.410Z [league] neural vs angler · seed 52784 · arena #23 · neural 0W 10K dom -11.5 | angler 1W 43K dom 38.0
2026-06-12T00:11:42.608Z [league] neural vs disciple · seed 52785 · arena #31 · neural 1W 7K dom 5.5 | disciple 0W 1K dom -2.5
2026-06-12T00:12:13.050Z [league] neural vs prodigy · seed 52786 · arena #41 · neural 1W 9K dom 6.0 | prodigy 0W 4K dom -0.5
2026-06-12T00:12:42.852Z [league] angler vs disciple · seed 52787 · arena #53 · angler 1W 47K dom 44.5 | disciple 0W 5K dom -18.5
2026-06-12T00:13:12.853Z [league] angler vs prodigy · seed 52788 · arena #67 · angler 1W 42K dom 39.5 | prodigy 0W 3K dom -18.0
2026-06-12T00:13:43.433Z [league] disciple vs prodigy · seed 52789 · arena #88 · disciple 1W 5K dom 2.5 | prodigy 0W 5K dom 2.0
2026-06-12T00:14:11.308Z [league] new round-robin pass: 15 engines, 105 pairings
2026-06-12T00:14:13.333Z [league] datasets/ at 38.89 GB — OVER WARN THRESHOLD, consider archiving
2026-06-12T00:14:15.615Z [league] classic vs pilot · seed 52790 · arena #0 · classic 0W 26K dom 4.0 | pilot 1W 44K dom 30.5
2026-06-12T00:14:43.355Z [league] classic vs reaper · seed 52791 · arena #5 · classic 0W 19K dom 0.5 | reaper 1W 37K dom 27.5
2026-06-12T00:15:12.327Z [league] classic vs matador · seed 52792 · arena #11 · classic 0W 21K dom -5.0 | matador 1W 52K dom 40.5
2026-06-12T00:15:42.837Z [league] classic vs kestrel · seed 52793 · arena #19 · classic 0W 23K dom 2.5 | kestrel 1W 41K dom 29.5
2026-06-12T00:16:12.352Z [league] classic vs wolf · seed 52794 · arena #23 · classic 0W 17K dom -9.5 | wolf 1W 53K dom 44.5
2026-06-12T00:16:42.373Z [league] classic vs plover · seed 52795 · arena #31 · classic 0W 19K dom 0.0 | plover 1W 38K dom 28.5
2026-06-12T00:17:12.416Z [league] classic vs hydra · seed 52796 · arena #41 · classic 0W 16K dom -5.0 | hydra 1W 42K dom 34.0
2026-06-12T00:17:42.405Z [league] classic vs shrike · seed 52797 · arena #53 · classic 0W 15K dom -10.0 | shrike 1W 50K dom 42.0
2026-06-12T00:18:12.349Z [league] classic vs cuadrilla · seed 52798 · arena #67 · classic 0W 21K dom -4.5 | cuadrilla 1W 51K dom 40.5
2026-06-12T00:18:42.663Z [league] classic vs orca · seed 52799 · arena #88 · classic 0W 20K dom -8.0 | orca 1W 56K dom 46.0
2026-06-12T00:19:12.554Z [league] classic vs neural · seed 52800 · arena #0 · classic 1W 28K dom 22.0 | neural 0W 12K dom -2.0
2026-06-12T00:19:42.575Z [league] classic vs angler · seed 52801 · arena #5 · classic 0W 18K dom -5.0 | angler 1W 46K dom 37.0
2026-06-12T00:20:12.806Z [league] classic vs disciple · seed 52802 · arena #11 · classic 1W 23K dom 19.5 | disciple 0W 6K dom -6.0
2026-06-12T00:20:43.330Z [league] classic vs prodigy · seed 52803 · arena #19 · classic 1W 38K dom 34.5 | prodigy 0W 7K dom -12.5
2026-06-12T00:21:12.539Z [league] pilot vs reaper · seed 52804 · arena #23 · pilot 1W 40K dom 23.5 | reaper 0W 32K dom 12.0
2026-06-12T00:21:42.368Z [league] pilot vs matador · seed 52805 · arena #31 · pilot 0W 31K dom 8.0 | matador 1W 46K dom 30.5
2026-06-12T00:22:12.543Z [league] pilot vs kestrel · seed 52806 · arena #41 · pilot 0W 33K dom 16.5 | kestrel 0W 33K dom 16.5
2026-06-12T00:22:42.509Z [league] pilot vs wolf · seed 52807 · arena #53 · pilot 0W 21K dom 4.0 | wolf 1W 31K dom 20.5
2026-06-12T00:23:12.507Z [league] pilot vs plover · seed 52808 · arena #67 · pilot 0W 30K dom 11.5 | plover 1W 37K dom 22.0
2026-06-12T00:23:42.469Z [league] pilot vs hydra · seed 52809 · arena #88 · pilot 0W 20K dom 5.0 | hydra 1W 30K dom 20.0
2026-06-12T00:24:12.532Z [league] pilot vs shrike · seed 52810 · arena #0 · pilot 0W 23K dom 8.5 | shrike 1W 29K dom 17.5
2026-06-12T00:24:42.527Z [league] pilot vs cuadrilla · seed 52811 · arena #5 · pilot 0W 27K dom 6.5 | cuadrilla 1W 41K dom 27.5
2026-06-12T00:25:12.858Z [league] pilot vs orca · seed 52812 · arena #11 · pilot 0W 21K dom 4.0 | orca 1W 34K dom 23.0
2026-06-12T00:25:42.416Z [league] pilot vs neural · seed 52813 · arena #19 · pilot 1W 39K dom 35.0 | neural 0W 8K dom -12.0
2026-06-12T00:26:12.561Z [league] pilot vs angler · seed 52814 · arena #23 · pilot 0W 23K dom -2.0 | angler 1W 49K dom 37.5
2026-06-12T00:26:42.570Z [league] pilot vs disciple · seed 52815 · arena #31 · pilot 1W 43K dom 39.5 | disciple 0W 7K dom -14.5
2026-06-12T00:27:13.181Z [league] pilot vs prodigy · seed 52816 · arena #41 · pilot 1W 37K dom 33.0 | prodigy 0W 8K dom -10.5
2026-06-12T00:27:42.367Z [league] reaper vs matador · seed 52817 · arena #53 · reaper 0W 21K dom 4.5 | matador 1W 33K dom 22.5
2026-06-12T00:28:12.754Z [league] reaper vs kestrel · seed 52818 · arena #67 · reaper 0W 30K dom 8.5 | kestrel 1W 43K dom 27.5
2026-06-12T00:28:45.746Z [league] reaper vs wolf · seed 52819 · arena #88 · reaper 0W 22K dom 5.5 | wolf 1W 32K dom 21.0
2026-06-12T00:29:21.200Z [league] reaper vs plover · seed 52820 · arena #0 · reaper 1W 33K dom 17.0 | plover 0W 31K dom 14.5
2026-06-12T00:29:50.393Z [league] reaper vs hydra · seed 52821 · arena #5 · reaper 0W 23K dom 3.5 | hydra 1W 39K dom 27.5
2026-06-12T00:30:20.015Z [league] reaper vs shrike · seed 52822 · arena #11 · reaper 0W 23K dom 5.0 | shrike 1W 35K dom 23.0
2026-06-12T00:30:50.597Z [league] reaper vs cuadrilla · seed 52823 · arena #19 · reaper 0W 18K dom -0.5 | cuadrilla 1W 37K dom 28.0
2026-06-12T00:31:20.763Z [league] reaper vs orca · seed 52824 · arena #23 · reaper 0W 20K dom 0.0 | orca 1W 40K dom 29.5
2026-06-12T00:31:49.878Z [league] reaper vs neural · seed 52825 · arena #31 · reaper 1W 32K dom 27.5 | neural 0W 8K dom -8.0
2026-06-12T00:32:19.958Z [league] reaper vs angler · seed 52826 · arena #41 · reaper 0W 26K dom 3.0 | angler 1W 46K dom 33.0
2026-06-12T00:32:50.047Z [league] reaper vs disciple · seed 52827 · arena #53 · reaper 1W 25K dom 23.5 | disciple 0W 3K dom -9.5
2026-06-12T00:33:20.989Z [league] reaper vs prodigy · seed 52828 · arena #67 · reaper 1W 34K dom 31.0 | prodigy 0W 4K dom -13.5
2026-06-12T00:33:49.281Z [league] matador vs kestrel · seed 52829 · arena #88 · matador 1W 42K dom 26.0 | kestrel 0W 30K dom 9.0
2026-06-12T00:34:18.583Z [league] matador vs wolf · seed 52830 · arena #0 · matador 0W 40K dom 18.0 | wolf 1W 44K dom 24.0
2026-06-12T00:34:49.462Z [league] matador vs plover · seed 52831 · arena #5 · matador 1W 40K dom 24.5 | plover 0W 31K dom 11.0
2026-06-12T00:35:19.465Z [league] matador vs hydra · seed 52832 · arena #11 · matador 1W 45K dom 27.0 | hydra 0W 35K dom 12.5
2026-06-12T00:35:48.837Z [league] matador vs shrike · seed 52833 · arena #19 · matador 0W 40K dom 19.0 | shrike 1W 42K dom 22.0
2026-06-12T00:36:21.269Z [league] matador vs cuadrilla · seed 52834 · arena #23 · matador 0W 41K dom 18.0 | cuadrilla 1W 46K dom 25.5
2026-06-12T00:36:49.380Z [league] matador vs orca · seed 52835 · arena #31 · matador 0W 28K dom 13.5 | orca 1W 28K dom 14.0
2026-06-12T00:37:23.743Z [league] matador vs neural · seed 52836 · arena #41 · matador 1W 43K dom 38.0 | neural 0W 10K dom -11.5
2026-06-12T00:37:51.715Z [league] matador vs angler · seed 52837 · arena #53 · matador 0W 37K dom 14.0 | angler 1W 46K dom 27.5
2026-06-12T00:38:23.065Z [league] matador vs disciple · seed 52838 · arena #67 · matador 1W 39K dom 38.0 | disciple 0W 1K dom -18.5
2026-06-12T00:38:54.567Z [league] matador vs prodigy · seed 52839 · arena #88 · matador 1W 54K dom 51.0 | prodigy 0W 5K dom -22.0
2026-06-12T00:39:23.975Z [league] kestrel vs wolf · seed 52840 · arena #0 · kestrel 0W 31K dom 11.5 | wolf 1W 39K dom 23.5
2026-06-12T00:39:51.741Z [league] kestrel vs plover · seed 52841 · arena #5 · kestrel 1W 37K dom 21.5 | plover 0W 31K dom 12.5
2026-06-12T00:40:21.324Z [league] kestrel vs hydra · seed 52842 · arena #11 · kestrel 0W 31K dom 15.0 | hydra 1W 32K dom 16.5
2026-06-12T00:40:51.343Z [league] kestrel vs shrike · seed 52843 · arena #19 · kestrel 0W 25K dom 8.0 | shrike 1W 34K dom 21.5
2026-06-12T00:41:23.296Z [league] kestrel vs cuadrilla · seed 52844 · arena #23 · kestrel 0W 22K dom 3.5 | cuadrilla 1W 37K dom 26.0
2026-06-12T00:41:50.758Z [league] kestrel vs orca · seed 52845 · arena #31 · kestrel 0W 37K dom 18.0 | orca 1W 37K dom 18.5
2026-06-12T00:42:21.847Z [league] kestrel vs neural · seed 52846 · arena #41 · kestrel 1W 40K dom 35.0 | neural 0W 10K dom -10.0
2026-06-12T00:42:51.708Z [league] kestrel vs angler · seed 52847 · arena #53 · kestrel 0W 30K dom 8.0 | angler 1W 44K dom 29.0
2026-06-12T00:43:20.951Z [league] kestrel vs disciple · seed 52848 · arena #67 · kestrel 1W 45K dom 42.5 | disciple 0W 5K dom -17.5
2026-06-12T00:43:53.607Z [league] kestrel vs prodigy · seed 52849 · arena #88 · kestrel 1W 46K dom 43.0 | prodigy 0W 6K dom -17.5
2026-06-12T00:44:21.723Z [league] wolf vs plover · seed 52850 · arena #0 · wolf 1W 44K dom 28.0 | plover 0W 31K dom 9.0
2026-06-12T00:44:50.982Z [league] wolf vs hydra · seed 52851 · arena #5 · wolf 1W 42K dom 23.0 | hydra 0W 38K dom 17.0
2026-06-12T00:45:19.892Z [league] wolf vs shrike · seed 52852 · arena #11 · wolf 1W 40K dom 21.0 | shrike 0W 38K dom 18.0
2026-06-12T00:45:51.726Z [league] wolf vs cuadrilla · seed 52853 · arena #19 · wolf 0W 21K dom 9.5 | cuadrilla 1W 23K dom 12.5
2026-06-12T00:46:21.335Z [league] wolf vs orca · seed 52854 · arena #23 · wolf 0W 29K dom 10.5 | orca 1W 37K dom 22.5
2026-06-12T00:46:50.458Z [league] wolf vs neural · seed 52855 · arena #31 · wolf 1W 47K dom 43.0 | neural 0W 8K dom -15.5
2026-06-12T00:47:20.873Z [league] wolf vs angler · seed 52856 · arena #41 · wolf 0W 33K dom 11.5 | angler 1W 42K dom 25.5
2026-06-12T00:47:51.280Z [league] wolf vs disciple · seed 52857 · arena #53 · wolf 1W 53K dom 52.0 | disciple 0W 2K dom -24.5
2026-06-12T00:48:22.723Z [league] wolf vs prodigy · seed 52858 · arena #67 · wolf 1W 51K dom 46.5 | prodigy 0W 6K dom -19.5
2026-06-12T00:48:52.765Z [league] plover vs hydra · seed 52859 · arena #88 · plover 0W 30K dom 12.5 | hydra 1W 34K dom 19.0
2026-06-12T00:49:25.321Z [league] plover vs shrike · seed 52860 · arena #0 · plover 0W 27K dom 6.5 | shrike 1W 41K dom 26.5
2026-06-12T00:49:51.653Z [league] plover vs cuadrilla · seed 52861 · arena #5 · plover 0W 19K dom 0.5 | cuadrilla 1W 37K dom 27.0
2026-06-12T00:50:25.072Z [league] plover vs orca · seed 52862 · arena #11 · plover 1W 31K dom 19.5 | orca 0W 23K dom 7.5
2026-06-12T00:50:44.453Z [league] plover vs neural · seed 52863 · arena #19 · plover 1W 40K dom 35.5 | neural 0W 8K dom -12.5
2026-06-12T00:51:21.433Z [league] plover vs angler · seed 52864 · arena #23 · plover 0W 25K dom 4.0 | angler 1W 42K dom 29.0
2026-06-12T00:51:51.436Z [league] plover vs disciple · seed 52865 · arena #31 · plover 1W 29K dom 27.0 | disciple 0W 4K dom -10.5
2026-06-12T00:52:22.232Z [league] plover vs prodigy · seed 52866 · arena #41 · plover 1W 39K dom 38.0 | prodigy 0W 1K dom -18.5
2026-06-12T00:52:50.971Z [league] hydra vs shrike · seed 52867 · arena #53 · hydra 0W 33K dom 14.0 | shrike 1W 38K dom 21.0
2026-06-12T00:53:19.685Z [league] hydra vs cuadrilla · seed 52868 · arena #67 · hydra 0W 42K dom 20.5 | cuadrilla 1W 43K dom 22.0
2026-06-12T00:53:51.759Z [league] hydra vs orca · seed 52869 · arena #88 · hydra 0W 37K dom 16.5 | orca 1W 41K dom 22.5
2026-06-12T00:54:20.449Z [league] hydra vs neural · seed 52870 · arena #0 · hydra 1W 42K dom 37.0 | neural 0W 9K dom -12.0
2026-06-12T00:54:50.904Z [league] hydra vs angler · seed 52871 · arena #5 · hydra 0W 26K dom 7.0 | angler 1W 38K dom 25.0
2026-06-12T00:55:20.195Z [league] hydra vs disciple · seed 52872 · arena #11 · hydra 1W 48K dom 47.0 | disciple 0W 2K dom -22.0
2026-06-12T00:55:54.121Z [league] hydra vs prodigy · seed 52873 · arena #19 · hydra 1W 26K dom 25.5 | prodigy 0W 1K dom -12.0
2026-06-12T00:56:22.210Z [league] shrike vs cuadrilla · seed 52874 · arena #23 · shrike 0W 28K dom 13.0 | cuadrilla 1W 30K dom 16.0
2026-06-12T00:56:51.256Z [league] shrike vs orca · seed 52875 · arena #31 · shrike 1W 41K dom 23.0 | orca 0W 36K dom 15.0
2026-06-12T00:57:20.702Z [league] shrike vs neural · seed 52876 · arena #41 · shrike 1W 31K dom 26.5 | neural 0W 8K dom -8.0
2026-06-12T00:57:50.588Z [league] shrike vs angler · seed 52877 · arena #53 · shrike 0W 38K dom 15.0 | angler 1W 46K dom 27.0
2026-06-12T00:58:20.334Z [league] shrike vs disciple · seed 52878 · arena #67 · shrike 1W 52K dom 50.0 | disciple 0W 3K dom -23.0
2026-06-12T00:58:52.895Z [league] shrike vs prodigy · seed 52879 · arena #88 · shrike 1W 41K dom 38.5 | prodigy 0W 3K dom -17.5
2026-06-12T00:59:22.285Z [league] cuadrilla vs orca · seed 52880 · arena #0 · cuadrilla 1W 38K dom 20.5 | orca 0W 35K dom 16.0
2026-06-12T00:59:49.956Z [league] cuadrilla vs neural · seed 52881 · arena #5 · cuadrilla 1W 39K dom 35.5 | neural 0W 6K dom -13.5
2026-06-12T01:00:20.232Z [league] cuadrilla vs angler · seed 52882 · arena #11 · cuadrilla 1W 31K dom 18.0 | angler 0W 26K dom 10.5
2026-06-12T01:00:51.191Z [league] cuadrilla vs disciple · seed 52883 · arena #19 · cuadrilla 1W 40K dom 38.5 | disciple 0W 3K dom -17.0
2026-06-12T01:01:24.544Z [league] cuadrilla vs prodigy · seed 52884 · arena #23 · cuadrilla 1W 31K dom 29.5 | prodigy 0W 3K dom -13.0
2026-06-12T01:01:54.525Z [league] orca vs neural · seed 52885 · arena #31 · orca 1W 49K dom 45.0 | neural 0W 8K dom -16.5
2026-06-12T01:02:21.825Z [league] orca vs angler · seed 52886 · arena #41 · orca 0W 32K dom 10.0 | angler 1W 44K dom 28.0
2026-06-12T01:02:53.893Z [league] orca vs disciple · seed 52887 · arena #53 · orca 1W 52K dom 51.0 | disciple 0W 2K dom -24.0
2026-06-12T01:03:26.052Z [league] orca vs prodigy · seed 52888 · arena #67 · orca 1W 46K dom 43.0 | prodigy 0W 6K dom -17.0
2026-06-12T01:03:53.005Z [league] neural vs angler · seed 52889 · arena #88 · neural 0W 11K dom -10.5 | angler 1W 42K dom 36.0
2026-06-12T01:04:21.653Z [league] neural vs disciple · seed 52890 · arena #0 · neural 1W 8K dom 7.0 | disciple 0W 2K dom -2.5
2026-06-12T01:04:53.779Z [league] neural vs prodigy · seed 52891 · arena #5 · neural 1W 12K dom 10.0 | prodigy 0W 2K dom -4.0
2026-06-12T01:05:24.233Z [league] angler vs disciple · seed 52892 · arena #11 · angler 1W 39K dom 38.5 | disciple 0W 1K dom -18.5
2026-06-12T01:05:54.750Z [league] angler vs prodigy · seed 52893 · arena #19 · angler 1W 51K dom 49.5 | prodigy 0W 3K dom -22.5
2026-06-12T01:06:27.430Z [league] disciple vs prodigy · seed 52894 · arena #23 · disciple 1W 6K dom 4.0 | prodigy 0W 4K dom 0.5
2026-06-12T01:06:46.765Z [league] new round-robin pass: 15 engines, 105 pairings
2026-06-12T01:06:56.373Z [league] datasets/ at 23.69 GB — OVER WARN THRESHOLD, consider archiving
2026-06-12T01:07:07.709Z [league] classic vs pilot · seed 52895 · arena #31 · classic 0W 21K dom 3.5 | pilot 1W 35K dom 24.0
2026-06-12T01:07:23.752Z [league] classic vs reaper · seed 52896 · arena #41 · classic 0W 16K dom -0.5 | reaper 1W 33K dom 24.0
2026-06-12T01:07:53.078Z [league] classic vs matador · seed 52897 · arena #53 · classic 0W 18K dom -3.5 | matador 1W 43K dom 33.5
2026-06-12T01:08:23.549Z [league] classic vs kestrel · seed 52898 · arena #67 · classic 0W 14K dom -10.5 | kestrel 1W 49K dom 42.0
2026-06-12T01:08:52.134Z [league] classic vs wolf · seed 52899 · arena #88 · classic 0W 11K dom -9.0 | wolf 1W 40K dom 33.5
2026-06-12T01:09:23.567Z [league] classic vs plover · seed 52900 · arena #0 · classic 0W 18K dom -0.5 | plover 1W 37K dom 27.5
2026-06-12T01:09:52.629Z [league] classic vs hydra · seed 52901 · arena #5 · classic 0W 21K dom -2.0 | hydra 1W 45K dom 34.5
2026-06-12T01:10:20.181Z [league] classic vs shrike · seed 52902 · arena #11 · classic 0W 15K dom -9.5 | shrike 1W 49K dom 41.0
2026-06-12T01:10:46.172Z [league] pairing classic vs cuadrilla FAILED (continuing): Command failed: pnpm arena --teams classic vs cuadrilla --matches 1 --round 120 --seed 52903 --arena 19
2026-06-12T01:11:16.714Z [league] pairing classic vs orca FAILED (continuing): Command failed: pnpm arena --teams classic vs orca --matches 1 --round 120 --seed 52904 --arena 23
2026-06-12T01:11:44.279Z [league] pairing classic vs neural FAILED (continuing): Command failed: pnpm arena --teams classic vs neural --matches 1 --round 120 --seed 52905 --arena 31
2026-06-12T01:12:13.433Z [league] pairing classic vs angler FAILED (continuing): Command failed: pnpm arena --teams classic vs angler --matches 1 --round 120 --seed 52906 --arena 41
2026-06-12T01:12:53.718Z [league] classic vs disciple · seed 52907 · arena #53 · classic 1W 20K dom 15.5 | disciple 0W 9K dom -1.0
2026-06-12T01:13:25.906Z [league] classic vs prodigy · seed 52908 · arena #67 · classic 1W 18K dom 16.0 | prodigy 0W 4K dom -5.5
2026-06-12T01:13:46.449Z [league] pilot vs reaper · seed 52909 · arena #88 · pilot 0W 35K dom 17.0 | reaper 1W 35K dom 17.5
2026-06-12T01:14:22.378Z [league] pilot vs matador · seed 52910 · arena #0 · pilot 0W 32K dom 9.0 | matador 1W 44K dom 27.5
2026-06-12T01:14:55.882Z [league] pilot vs kestrel · seed 52911 · arena #5 · pilot 0W 32K dom 12.5 | kestrel 1W 38K dom 22.0
2026-06-12T01:15:21.621Z [league] pilot vs wolf · seed 52912 · arena #11 · pilot 0W 35K dom 11.5 | wolf 1W 47K dom 29.5
2026-06-12T01:15:53.708Z [league] pilot vs plover · seed 52913 · arena #19 · pilot 0W 35K dom 16.0 | plover 1W 38K dom 20.5
2026-06-12T01:16:23.510Z [league] pilot vs hydra · seed 52914 · arena #23 · pilot 0W 32K dom 11.5 | hydra 1W 41K dom 25.0
2026-06-12T01:16:54.973Z [league] pilot vs shrike · seed 52915 · arena #31 · pilot 0W 25K dom 8.5 | shrike 1W 31K dom 18.5
2026-06-12T01:17:23.813Z [league] pilot vs cuadrilla · seed 52916 · arena #41 · pilot 0W 19K dom 6.5 | cuadrilla 1W 23K dom 13.5
2026-06-12T01:17:54.308Z [league] pilot vs orca · seed 52917 · arena #53 · pilot 0W 29K dom 9.5 | orca 1W 38K dom 23.5
2026-06-12T01:18:24.280Z [league] pilot vs neural · seed 52918 · arena #67 · pilot 1W 30K dom 25.5 | neural 0W 8K dom -7.0
2026-06-12T01:18:53.160Z [league] pilot vs angler · seed 52919 · arena #88 · pilot 0W 32K dom 7.0 | angler 1W 49K dom 33.0
2026-06-12T01:19:16.282Z [league] pairing pilot vs disciple FAILED (continuing): Command failed: pnpm arena --teams pilot vs disciple --matches 1 --round 120 --seed 52920 --arena 0
2026-06-12T01:19:46.157Z [league] pairing pilot vs prodigy FAILED (continuing): Command failed: pnpm arena --teams pilot vs prodigy --matches 1 --round 120 --seed 52921 --arena 5
2026-06-12T01:20:13.899Z [league] pairing reaper vs matador FAILED (continuing): Command failed: pnpm arena --teams reaper vs matador --matches 1 --round 120 --seed 52922 --arena 11
2026-06-12T01:20:44.291Z [league] pairing reaper vs kestrel FAILED (continuing): Command failed: pnpm arena --teams reaper vs kestrel --matches 1 --round 120 --seed 52923 --arena 19
2026-06-12T01:21:16.749Z [league] pairing reaper vs wolf FAILED (continuing): Command failed: pnpm arena --teams reaper vs wolf --matches 1 --round 120 --seed 52924 --arena 23
2026-06-12T01:21:47.560Z [league] pairing reaper vs plover FAILED (continuing): Command failed: pnpm arena --teams reaper vs plover --matches 1 --round 120 --seed 52925 --arena 31
2026-06-12T01:22:17.027Z [league] pairing reaper vs hydra FAILED (continuing): Command failed: pnpm arena --teams reaper vs hydra --matches 1 --round 120 --seed 52926 --arena 41
2026-06-12T01:22:45.932Z [league] pairing reaper vs shrike FAILED (continuing): Command failed: pnpm arena --teams reaper vs shrike --matches 1 --round 120 --seed 52927 --arena 53
2026-06-12T01:23:16.671Z [league] pairing reaper vs cuadrilla FAILED (continuing): Command failed: pnpm arena --teams reaper vs cuadrilla --matches 1 --round 120 --seed 52928 --arena 67
2026-06-12T01:23:46.279Z [league] pairing reaper vs orca FAILED (continuing): Command failed: pnpm arena --teams reaper vs orca --matches 1 --round 120 --seed 52929 --arena 88
2026-06-12T01:24:16.342Z [league] pairing reaper vs neural FAILED (continuing): Command failed: pnpm arena --teams reaper vs neural --matches 1 --round 120 --seed 52930 --arena 0
2026-06-12T01:24:47.046Z [league] pairing reaper vs angler FAILED (continuing): Command failed: pnpm arena --teams reaper vs angler --matches 1 --round 120 --seed 52931 --arena 5
2026-06-12T01:25:16.263Z [league] pairing reaper vs disciple FAILED (continuing): Command failed: pnpm arena --teams reaper vs disciple --matches 1 --round 120 --seed 52932 --arena 11
2026-06-12T01:25:45.940Z [league] pairing reaper vs prodigy FAILED (continuing): Command failed: pnpm arena --teams reaper vs prodigy --matches 1 --round 120 --seed 52933 --arena 19
2026-06-12T01:26:16.346Z [league] pairing matador vs kestrel FAILED (continuing): Command failed: pnpm arena --teams matador vs kestrel --matches 1 --round 120 --seed 52934 --arena 23
2026-06-12T01:26:46.660Z [league] pairing matador vs wolf FAILED (continuing): Command failed: pnpm arena --teams matador vs wolf --matches 1 --round 120 --seed 52935 --arena 31
2026-06-12T01:27:16.797Z [league] pairing matador vs plover FAILED (continuing): Command failed: pnpm arena --teams matador vs plover --matches 1 --round 120 --seed 52936 --arena 41
2026-06-12T01:27:47.150Z [league] pairing matador vs hydra FAILED (continuing): Command failed: pnpm arena --teams matador vs hydra --matches 1 --round 120 --seed 52937 --arena 53
2026-06-12T01:28:17.593Z [league] pairing matador vs shrike FAILED (continuing): Command failed: pnpm arena --teams matador vs shrike --matches 1 --round 120 --seed 52938 --arena 67
2026-06-12T01:28:47.754Z [league] pairing matador vs cuadrilla FAILED (continuing): Command failed: pnpm arena --teams matador vs cuadrilla --matches 1 --round 120 --seed 52939 --arena 88
2026-06-12T01:29:15.278Z [league] pairing matador vs orca FAILED (continuing): Command failed: pnpm arena --teams matador vs orca --matches 1 --round 120 --seed 52940 --arena 0
2026-06-12T01:29:47.099Z [league] pairing matador vs neural FAILED (continuing): Command failed: pnpm arena --teams matador vs neural --matches 1 --round 120 --seed 52941 --arena 5
2026-06-12T01:30:14.856Z [league] pairing matador vs angler FAILED (continuing): Command failed: pnpm arena --teams matador vs angler --matches 1 --round 120 --seed 52942 --arena 11
2026-06-12T01:30:47.924Z [league] pairing matador vs disciple FAILED (continuing): Command failed: pnpm arena --teams matador vs disciple --matches 1 --round 120 --seed 52943 --arena 19
2026-06-12T01:31:18.553Z [league] pairing matador vs prodigy FAILED (continuing): Command failed: pnpm arena --teams matador vs prodigy --matches 1 --round 120 --seed 52944 --arena 23
2026-06-12T01:31:46.637Z [league] pairing kestrel vs wolf FAILED (continuing): Command failed: pnpm arena --teams kestrel vs wolf --matches 1 --round 120 --seed 52945 --arena 31
2026-06-12T01:32:16.404Z [league] pairing kestrel vs plover FAILED (continuing): Command failed: pnpm arena --teams kestrel vs plover --matches 1 --round 120 --seed 52946 --arena 41
2026-06-12T01:32:47.129Z [league] pairing kestrel vs hydra FAILED (continuing): Command failed: pnpm arena --teams kestrel vs hydra --matches 1 --round 120 --seed 52947 --arena 53
2026-06-12T01:33:17.001Z [league] pairing kestrel vs shrike FAILED (continuing): Command failed: pnpm arena --teams kestrel vs shrike --matches 1 --round 120 --seed 52948 --arena 67
2026-06-12T01:33:48.124Z [league] pairing kestrel vs cuadrilla FAILED (continuing): Command failed: pnpm arena --teams kestrel vs cuadrilla --matches 1 --round 120 --seed 52949 --arena 88
2026-06-12T01:34:25.832Z [league] kestrel vs orca · seed 52950 · arena #0 · kestrel 0W 24K dom 9.0 | orca 1W 30K dom 17.5
2026-06-12T01:34:55.012Z [league] kestrel vs neural · seed 52951 · arena #5 · kestrel 1W 36K dom 31.0 | neural 0W 9K dom -9.0
2026-06-12T01:35:24.476Z [league] kestrel vs angler · seed 52952 · arena #11 · kestrel 0W 25K dom 7.0 | angler 1W 34K dom 21.0
2026-06-12T01:36:01.014Z [league] kestrel vs disciple · seed 52953 · arena #19 · kestrel 1W 45K dom 44.0 | disciple 0W 2K dom -22.0
2026-06-12T01:36:23.525Z [league] kestrel vs prodigy · seed 52954 · arena #23 · kestrel 1W 49K dom 46.0 | prodigy 0W 6K dom -18.5
2026-06-12T01:37:46.666Z [league] wolf vs plover · seed 52955 · arena #31 · wolf 1W 40K dom 23.0 | plover 0W 34K dom 14.0
2026-06-12T01:38:48.164Z [league] wolf vs hydra · seed 52956 · arena #41 · wolf 1W 41K dom 21.5 | hydra 0W 39K dom 18.5
2026-06-12T01:39:17.990Z [league] wolf vs shrike · seed 52957 · arena #53 · wolf 0W 37K dom 17.5 | shrike 1W 38K dom 19.5
2026-06-12T01:39:40.112Z [league] wolf vs cuadrilla · seed 52958 · arena #67 · wolf 0W 24K dom 8.0 | cuadrilla 1W 31K dom 19.0
2026-06-12T01:39:43.444Z [league] wolf vs orca · seed 52959 · arena #88 · wolf 1W 43K dom 22.5 | orca 0W 41K dom 19.5
2026-06-12T01:39:45.854Z [league] wolf vs neural · seed 52960 · arena #0 · wolf 1W 38K dom 34.0 | neural 0W 8K dom -11.0
2026-06-12T01:39:51.398Z [league] wolf vs angler · seed 52961 · arena #5 · wolf 0W 40K dom 17.5 | angler 1W 45K dom 24.5
2026-06-12T01:40:21.831Z [league] wolf vs disciple · seed 52962 · arena #11 · wolf 1W 59K dom 56.5 | disciple 0W 5K dom -24.5
2026-06-12T01:42:13.628Z [league] wolf vs prodigy · seed 52963 · arena #19 · wolf 1W 47K dom 45.5 | prodigy 0W 3K dom -20.5
2026-06-12T01:42:35.099Z [league] plover vs hydra · seed 52964 · arena #23 · plover 0W 31K dom 10.0 | hydra 1W 41K dom 25.5
2026-06-12T01:43:17.045Z [league] plover vs shrike · seed 52965 · arena #31 · plover 0W 26K dom 12.0 | shrike 1W 28K dom 15.0
2026-06-12T01:43:42.577Z [league] plover vs cuadrilla · seed 52966 · arena #41 · plover 0W 23K dom 8.5 | cuadrilla 1W 28K dom 16.5
2026-06-12T01:43:48.196Z [league] plover vs orca · seed 52967 · arena #53 · plover 0W 24K dom 4.0 | orca 1W 40K dom 28.0
2026-06-12T01:43:49.933Z [league] plover vs neural · seed 52968 · arena #67 · plover 1W 25K dom 23.0 | neural 0W 4K dom -8.5
2026-06-12T01:43:54.138Z [league] plover vs angler · seed 52969 · arena #88 · plover 0W 27K dom 6.5 | angler 1W 40K dom 26.5
2026-06-12T01:45:50.153Z [league] plover vs disciple · seed 52970 · arena #0 · plover 1W 47K dom 46.0 | disciple 0W 2K dom -21.5
2026-06-12T01:46:31.200Z [league] plover vs prodigy · seed 52971 · arena #5 · plover 1W 41K dom 36.5 | prodigy 0W 9K dom -11.5
2026-06-12T01:47:06.479Z [league] hydra vs shrike · seed 52972 · arena #11 · hydra 0W 35K dom 14.5 | shrike 1W 41K dom 23.5
2026-06-12T01:47:13.744Z [league] hydra vs cuadrilla · seed 52973 · arena #19 · hydra 0W 22K dom 10.5 | cuadrilla 1W 23K dom 12.0
2026-06-12T01:47:18.786Z [league] hydra vs orca · seed 52974 · arena #23 · hydra 0W 29K dom 9.5 | orca 1W 39K dom 24.5
2026-06-12T01:47:18.815Z [league] hydra vs neural · seed 52975 · arena #31 · hydra 1W 39K dom 35.0 | neural 0W 8K dom -11.5
2026-06-12T01:47:22.949Z [league] hydra vs angler · seed 52976 · arena #41 · hydra 0W 28K dom 10.0 | angler 1W 36K dom 22.0
2026-06-12T01:48:12.500Z [league] hydra vs disciple · seed 52977 · arena #53 · hydra 1W 47K dom 47.0 | disciple 0W 0K dom -23.5
2026-06-12T01:48:27.415Z [league] hydra vs prodigy · seed 52978 · arena #67 · hydra 1W 51K dom 47.5 | prodigy 0W 7K dom -18.5
2026-06-12T01:48:55.185Z [league] shrike vs cuadrilla · seed 52979 · arena #88 · shrike 0W 35K dom 17.0 | cuadrilla 1W 36K dom 18.5
2026-06-12T01:49:28.182Z [league] shrike vs orca · seed 52980 · arena #0 · shrike 1W 34K dom 17.0 | orca 0W 33K dom 16.0
2026-06-12T01:49:53.933Z [league] shrike vs neural · seed 52981 · arena #5 · shrike 1W 38K dom 34.0 | neural 0W 7K dom -12.0
2026-06-12T01:50:24.333Z [league] shrike vs angler · seed 52982 · arena #11 · shrike 0W 32K dom 10.0 | angler 1W 44K dom 27.5
2026-06-12T01:50:57.149Z [league] shrike vs disciple · seed 52983 · arena #19 · shrike 1W 42K dom 41.5 | disciple 0W 1K dom -20.0
2026-06-12T01:51:27.745Z [league] shrike vs prodigy · seed 52984 · arena #23 · shrike 1W 42K dom 40.5 | prodigy 0W 2K dom -19.5
2026-06-12T01:51:59.360Z [league] cuadrilla vs orca · seed 52985 · arena #31 · cuadrilla 0W 31K dom 15.0 | orca 1W 32K dom 16.0
2026-06-12T01:52:26.431Z [league] cuadrilla vs neural · seed 52986 · arena #41 · cuadrilla 1W 29K dom 24.5 | neural 0W 9K dom -6.5
2026-06-12T01:52:57.054Z [league] cuadrilla vs angler · seed 52987 · arena #53 · cuadrilla 0W 34K dom 13.5 | angler 1W 41K dom 24.0
2026-06-12T01:53:28.975Z [league] cuadrilla vs disciple · seed 52988 · arena #67 · cuadrilla 1W 42K dom 40.0 | disciple 0W 4K dom -17.0
2026-06-12T01:53:58.857Z [league] cuadrilla vs prodigy · seed 52989 · arena #88 · cuadrilla 1W 41K dom 38.5 | prodigy 0W 5K dom -15.5
2026-06-12T01:54:25.816Z [league] orca vs neural · seed 52990 · arena #0 · orca 1W 42K dom 37.5 | neural 0W 9K dom -12.0
2026-06-12T01:54:55.749Z [league] orca vs angler · seed 52991 · arena #5 · orca 0W 30K dom 11.0 | angler 1W 38K dom 23.0
2026-06-12T01:55:26.653Z [league] orca vs disciple · seed 52992 · arena #11 · orca 1W 49K dom 46.5 | disciple 0W 3K dom -21.5
2026-06-12T01:55:58.322Z [league] orca vs prodigy · seed 52993 · arena #19 · orca 1W 33K dom 31.0 | prodigy 0W 3K dom -14.5
2026-06-12T01:56:24.428Z [league] neural vs angler · seed 52994 · arena #23 · neural 0W 7K dom -15.5 | angler 1W 44K dom 40.5
2026-06-12T01:56:49.872Z [league] neural vs disciple · seed 52995 · arena #31 · neural 1W 5K dom 4.0 | disciple 0W 0K dom -2.5
2026-06-12T01:57:31.196Z [league] neural vs prodigy · seed 52996 · arena #41 · neural 1W 11K dom 9.0 | prodigy 0W 3K dom -3.0
2026-06-12T01:57:55.513Z [league] angler vs disciple · seed 52997 · arena #53 · angler 1W 53K dom 51.5 | disciple 0W 2K dom -24.5
2026-06-12T01:58:27.143Z [league] angler vs prodigy · seed 52998 · arena #67 · angler 1W 51K dom 48.0 | prodigy 0W 5K dom -20.5
2026-06-12T01:58:57.914Z [league] disciple vs prodigy · seed 52999 · arena #88 · disciple 0W 4K dom 2.0 | prodigy 0W 4K dom 2.0
2026-06-12T01:59:19.182Z [league] new round-robin pass: 16 engines, 120 pairings
2026-06-12T01:59:28.731Z [league] datasets/ at 28.31 GB — OVER WARN THRESHOLD, consider archiving
2026-06-12T01:59:42.627Z [league] classic vs pilot · seed 53000 · arena #0 · classic 0W 18K dom -2.5 | pilot 1W 41K dom 31.0
2026-06-12T01:59:54.288Z [league] classic vs reaper · seed 53001 · arena #5 · classic 0W 26K dom 7.0 | reaper 1W 37K dom 23.5
2026-06-12T02:00:26.722Z [league] classic vs matador · seed 53002 · arena #11 · classic 0W 19K dom -5.5 | matador 1W 49K dom 39.0
2026-06-12T02:00:56.544Z [league] classic vs kestrel · seed 53003 · arena #19 · classic 0W 23K dom 1.5 | kestrel 1W 43K dom 31.5
2026-06-12T02:01:25.049Z [league] classic vs wolf · seed 53004 · arena #23 · classic 0W 13K dom -9.0 | wolf 1W 44K dom 37.5
2026-06-12T02:01:54.074Z [league] classic vs plover · seed 53005 · arena #31 · classic 0W 18K dom -7.5 | plover 1W 51K dom 42.0
2026-06-12T02:02:25.165Z [league] classic vs hydra · seed 53006 · arena #41 · classic 0W 13K dom -12.0 | hydra 1W 50K dom 43.5
2026-06-12T02:02:55.543Z [league] classic vs shrike · seed 53007 · arena #53 · classic 0W 21K dom -1.0 | shrike 1W 43K dom 32.5
2026-06-12T02:03:27.745Z [league] classic vs cuadrilla · seed 53008 · arena #67 · classic 0W 17K dom -6.5 | cuadrilla 1W 45K dom 36.5
2026-06-12T02:04:01.141Z [league] classic vs orca · seed 53009 · arena #88 · classic 0W 21K dom -3.5 | orca 1W 48K dom 37.5
2026-06-12T02:04:25.517Z [league] classic vs neural · seed 53010 · arena #0 · classic 1W 18K dom 13.5 | neural 0W 9K dom -0.5
2026-06-12T02:04:56.590Z [league] classic vs angler · seed 53011 · arena #5 · classic 0W 18K dom -1.5 | angler 1W 39K dom 29.5
2026-06-12T02:05:27.476Z [league] classic vs disciple · seed 53012 · arena #11 · classic 1W 26K dom 23.5 | disciple 0W 5K dom -8.0
2026-06-12T02:05:57.070Z [league] classic vs prodigy · seed 53013 · arena #19 · classic 1W 30K dom 25.5 | prodigy 0W 8K dom -7.0
2026-06-12T02:06:28.078Z [league] classic vs buttstein · seed 53014 · arena #23 · classic 1W 29K dom 27.0 | buttstein 0W 3K dom -13.0
2026-06-12T02:06:53.500Z [league] pilot vs reaper · seed 53015 · arena #31 · pilot 1W 33K dom 17.5 | reaper 0W 31K dom 14.0
2026-06-12T02:07:20.765Z [league] pilot vs matador · seed 53016 · arena #41 · pilot 0W 35K dom 11.5 | matador 1W 47K dom 29.5
2026-06-12T02:07:53.235Z [league] pilot vs kestrel · seed 53017 · arena #53 · pilot 1W 40K dom 20.0 | kestrel 0W 39K dom 18.5
2026-06-12T02:08:26.764Z [league] pilot vs wolf · seed 53018 · arena #67 · pilot 0W 35K dom 10.5 | wolf 1W 49K dom 31.5
2026-06-12T02:08:57.376Z [league] pilot vs plover · seed 53019 · arena #88 · pilot 1W 29K dom 17.0 | plover 0W 22K dom 7.0
2026-06-12T02:09:25.426Z [league] pilot vs hydra · seed 53020 · arena #0 · pilot 0W 20K dom 6.0 | hydra 1W 27K dom 17.0
2026-06-12T02:09:57.283Z [league] pilot vs shrike · seed 53021 · arena #5 · pilot 0W 28K dom 6.5 | shrike 1W 42K dom 28.0
2026-06-12T02:10:26.420Z [league] pilot vs cuadrilla · seed 53022 · arena #11 · pilot 0W 20K dom 8.0 | cuadrilla 1W 24K dom 14.0
2026-06-12T02:10:56.506Z [league] pilot vs orca · seed 53023 · arena #19 · pilot 0W 21K dom 1.5 | orca 1W 37K dom 26.5
2026-06-12T02:11:29.029Z [league] pilot vs neural · seed 53024 · arena #23 · pilot 1W 24K dom 20.0 | neural 0W 7K dom -5.5
2026-06-12T02:11:55.796Z [league] pilot vs angler · seed 53025 · arena #31 · pilot 0W 28K dom 2.0 | angler 1W 52K dom 38.0
2026-06-12T02:12:24.765Z [league] pilot vs disciple · seed 53026 · arena #41 · pilot 1W 50K dom 47.0 | disciple 0W 5K dom -20.0
2026-06-12T02:12:46.326Z [league] pilot vs prodigy · seed 53027 · arena #53 · pilot 1W 28K dom 23.0 | prodigy 0W 8K dom -7.0
2026-06-12T02:13:15.804Z [league] pilot vs buttstein · seed 53028 · arena #67 · pilot 1W 34K dom 32.5 | buttstein 0W 3K dom -14.5
2026-06-12T02:13:45.321Z [league] reaper vs matador · seed 53029 · arena #88 · reaper 0W 24K dom 7.0 | matador 1W 34K dom 21.5
2026-06-12T02:14:15.416Z [league] reaper vs kestrel · seed 53030 · arena #0 · reaper 0W 31K dom 13.5 | kestrel 1W 35K dom 19.5
2026-06-12T02:14:45.633Z [league] reaper vs wolf · seed 53031 · arena #5 · reaper 0W 27K dom 6.0 | wolf 1W 41K dom 27.5
2026-06-12T02:15:15.835Z [league] reaper vs plover · seed 53032 · arena #11 · reaper 0W 29K dom 13.5 | plover 1W 31K dom 16.5
2026-06-12T02:15:45.483Z [league] reaper vs hydra · seed 53033 · arena #19 · reaper 0W 28K dom 8.5 | hydra 1W 39K dom 25.0
2026-06-12T02:16:15.768Z [league] reaper vs shrike · seed 53034 · arena #23 · reaper 0W 28K dom 7.5 | shrike 1W 41K dom 27.0
2026-06-12T02:16:45.182Z [league] reaper vs cuadrilla · seed 53035 · arena #31 · reaper 0W 20K dom 0.5 | cuadrilla 1W 39K dom 29.0
2026-06-12T02:17:15.907Z [league] reaper vs orca · seed 53036 · arena #41 · reaper 0W 27K dom 3.0 | orca 1W 48K dom 34.5
2026-06-12T02:17:45.661Z [league] reaper vs neural · seed 53037 · arena #53 · reaper 1W 20K dom 16.5 | neural 0W 7K dom -4.5
2026-06-12T02:18:16.908Z [league] reaper vs angler · seed 53038 · arena #67 · reaper 0W 21K dom -0.5 | angler 1W 41K dom 30.0
2026-06-12T02:18:45.761Z [league] reaper vs disciple · seed 53039 · arena #88 · reaper 1W 39K dom 34.5 | disciple 0W 9K dom -10.5
2026-06-12T02:19:15.674Z [league] reaper vs prodigy · seed 53040 · arena #0 · reaper 1W 40K dom 37.0 | prodigy 0W 5K dom -15.5
2026-06-12T02:19:45.701Z [league] reaper vs buttstein · seed 53041 · arena #5 · reaper 1W 31K dom 30.0 | buttstein 0W 1K dom -15.5
2026-06-12T02:20:15.321Z [league] matador vs kestrel · seed 53042 · arena #11 · matador 1W 47K dom 32.0 | kestrel 0W 30K dom 6.5
2026-06-12T02:20:45.232Z [league] matador vs wolf · seed 53043 · arena #19 · matador 0W 45K dom 21.5 | wolf 1W 46K dom 23.5
2026-06-12T02:21:15.898Z [league] matador vs plover · seed 53044 · arena #23 · matador 1W 39K dom 21.0 | plover 0W 36K dom 16.5
2026-06-12T02:21:45.401Z [league] matador vs hydra · seed 53045 · arena #31 · matador 0W 29K dom 12.5 | hydra 1W 32K dom 17.5
2026-06-12T02:22:15.937Z [league] matador vs shrike · seed 53046 · arena #41 · matador 0W 39K dom 18.5 | shrike 1W 40K dom 20.5
2026-06-12T02:22:45.956Z [league] matador vs cuadrilla · seed 53047 · arena #53 · matador 1W 41K dom 21.5 | cuadrilla 0W 39K dom 18.5
2026-06-12T02:23:16.150Z [league] matador vs orca · seed 53048 · arena #67 · matador 0W 26K dom 10.0 | orca 1W 32K dom 19.0
2026-06-12T02:23:45.428Z [league] matador vs neural · seed 53049 · arena #88 · matador 1W 47K dom 42.5 | neural 0W 9K dom -14.5
2026-06-12T02:24:15.272Z [league] matador vs angler · seed 53050 · arena #0 · matador 0W 39K dom 14.0 | angler 1W 50K dom 30.5
2026-06-12T02:24:45.410Z [league] matador vs disciple · seed 53051 · arena #5 · matador 1W 53K dom 51.0 | disciple 0W 3K dom -23.5
2026-06-12T02:25:15.614Z [league] matador vs prodigy · seed 53052 · arena #11 · matador 1W 51K dom 47.5 | prodigy 0W 7K dom -18.5
2026-06-12T02:25:46.117Z [league] matador vs buttstein · seed 53053 · arena #19 · matador 1W 30K dom 29.0 | buttstein 0W 0K dom -15.5
2026-06-12T02:26:15.845Z [league] kestrel vs wolf · seed 53054 · arena #23 · kestrel 0W 30K dom 10.0 | wolf 1W 40K dom 25.0
2026-06-12T02:26:46.199Z [league] kestrel vs plover · seed 53055 · arena #31 · kestrel 1W 30K dom 15.5 | plover 0W 29K dom 14.0
2026-06-12T02:27:15.521Z [league] kestrel vs hydra · seed 53056 · arena #41 · kestrel 0W 29K dom 13.5 | hydra 1W 31K dom 16.0
2026-06-12T02:27:45.603Z [league] kestrel vs shrike · seed 53057 · arena #53 · kestrel 0W 36K dom 14.5 | shrike 1W 43K dom 25.0
2026-06-12T02:28:15.921Z [league] kestrel vs cuadrilla · seed 53058 · arena #67 · kestrel 0W 39K dom 17.5 | cuadrilla 1W 43K dom 23.5
2026-06-12T02:28:46.402Z [league] kestrel vs orca · seed 53059 · arena #88 · kestrel 0W 33K dom 13.5 | orca 1W 39K dom 22.5
2026-06-12T02:29:16.506Z [league] kestrel vs neural · seed 53060 · arena #0 · kestrel 1W 44K dom 39.0 | neural 0W 10K dom -12.0
2026-06-12T02:29:46.041Z [league] kestrel vs angler · seed 53061 · arena #5 · kestrel 0W 37K dom 16.0 | angler 1W 42K dom 23.5
2026-06-12T02:30:16.290Z [league] kestrel vs disciple · seed 53062 · arena #11 · kestrel 1W 30K dom 28.5 | disciple 0W 3K dom -12.0
2026-06-12T02:30:46.621Z [league] kestrel vs prodigy · seed 53063 · arena #19 · kestrel 1W 44K dom 42.5 | prodigy 0W 2K dom -20.0
2026-06-12T02:31:17.000Z [league] kestrel vs buttstein · seed 53064 · arena #23 · kestrel 1W 25K dom 24.0 | buttstein 0W 0K dom -12.5
2026-06-12T02:31:45.882Z [league] wolf vs plover · seed 53065 · arena #31 · wolf 1W 41K dom 24.5 | plover 0W 33K dom 12.5
2026-06-12T02:32:15.729Z [league] wolf vs hydra · seed 53066 · arena #41 · wolf 1W 42K dom 21.5 | hydra 0W 41K dom 20.0
2026-06-12T02:32:46.111Z [league] wolf vs shrike · seed 53067 · arena #53 · wolf 1W 42K dom 23.0 | shrike 0W 38K dom 17.0
2026-06-12T02:33:15.732Z [league] wolf vs cuadrilla · seed 53068 · arena #67 · wolf 1W 42K dom 22.5 | cuadrilla 0W 39K dom 18.0
2026-06-12T02:33:46.028Z [league] wolf vs orca · seed 53069 · arena #88 · wolf 1W 31K dom 16.0 | orca 0W 26K dom 10.5
2026-06-12T02:34:15.733Z [league] wolf vs neural · seed 53070 · arena #0 · wolf 1W 35K dom 31.5 | neural 0W 7K dom -10.5
2026-06-12T02:34:45.404Z [league] wolf vs angler · seed 53071 · arena #5 · wolf 0W 34K dom 14.0 | angler 1W 40K dom 23.0
2026-06-12T02:35:15.483Z [league] wolf vs disciple · seed 53072 · arena #11 · wolf 1W 40K dom 39.0 | disciple 0W 2K dom -18.0
2026-06-12T02:35:45.864Z [league] wolf vs prodigy · seed 53073 · arena #19 · wolf 1W 56K dom 53.5 | prodigy 0W 5K dom -23.0
2026-06-12T02:36:15.780Z [league] wolf vs buttstein · seed 53074 · arena #23 · wolf 1W 49K dom 48.5 | buttstein 0W 0K dom -25.0
2026-06-12T02:36:45.827Z [league] plover vs hydra · seed 53075 · arena #31 · plover 0W 28K dom 10.0 | hydra 1W 36K dom 22.0
2026-06-12T02:37:15.622Z [league] plover vs shrike · seed 53076 · arena #41 · plover 0W 35K dom 13.0 | shrike 1W 44K dom 26.5
2026-06-12T02:37:45.973Z [league] plover vs cuadrilla · seed 53077 · arena #53 · plover 1W 31K dom 18.0 | cuadrilla 0W 26K dom 10.5
2026-06-12T02:38:16.026Z [league] plover vs orca · seed 53078 · arena #67 · plover 0W 32K dom 11.5 | orca 1W 41K dom 25.0
2026-06-12T02:38:45.902Z [league] plover vs neural · seed 53079 · arena #88 · plover 1W 37K dom 32.5 | neural 0W 8K dom -11.5
2026-06-12T02:39:16.000Z [league] plover vs angler · seed 53080 · arena #0 · plover 0W 27K dom 6.0 | angler 1W 42K dom 28.5
2026-06-12T02:39:45.568Z [league] plover vs disciple · seed 53081 · arena #5 · plover 1W 50K dom 50.0 | disciple 0W 0K dom -25.0
2026-06-12T02:40:15.857Z [league] plover vs prodigy · seed 53082 · arena #11 · plover 1W 50K dom 48.5 | prodigy 0W 3K dom -22.0
2026-06-12T02:40:46.150Z [league] plover vs buttstein · seed 53083 · arena #19 · plover 1W 42K dom 41.0 | buttstein 0W 0K dom -21.5
2026-06-12T02:41:15.816Z [league] hydra vs shrike · seed 53084 · arena #23 · hydra 0W 34K dom 15.5 | shrike 1W 37K dom 20.0
2026-06-12T02:41:45.712Z [league] hydra vs cuadrilla · seed 53085 · arena #31 · hydra 0W 24K dom 9.5 | cuadrilla 1W 29K dom 17.0
2026-06-12T02:42:15.779Z [league] hydra vs orca · seed 53086 · arena #41 · hydra 0W 29K dom 11.0 | orca 1W 36K dom 21.5
2026-06-12T02:42:45.752Z [league] hydra vs neural · seed 53087 · arena #53 · hydra 1W 30K dom 26.5 | neural 0W 6K dom -9.0
2026-06-12T02:43:15.576Z [league] hydra vs angler · seed 53088 · arena #67 · hydra 0W 30K dom 14.0 | angler 1W 32K dom 17.0
2026-06-12T02:43:45.582Z [league] hydra vs disciple · seed 53089 · arena #88 · hydra 1W 52K dom 50.5 | disciple 0W 3K dom -23.0
2026-06-12T02:44:16.219Z [league] hydra vs prodigy · seed 53090 · arena #0 · hydra 1W 40K dom 38.5 | prodigy 0W 2K dom -18.5
2026-06-12T02:44:45.972Z [league] hydra vs buttstein · seed 53091 · arena #5 · hydra 1W 46K dom 45.5 | buttstein 0W 1K dom -23.0
2026-06-12T02:45:16.920Z [league] shrike vs cuadrilla · seed 53092 · arena #11 · shrike 1W 36K dom 18.0 | cuadrilla 0W 36K dom 17.5
2026-06-12T02:45:46.657Z [league] shrike vs orca · seed 53093 · arena #19 · shrike 0W 33K dom 15.5 | orca 1W 35K dom 18.5
2026-06-12T02:46:16.258Z [league] shrike vs neural · seed 53094 · arena #23 · shrike 1W 17K dom 15.0 | neural 0W 4K dom -4.5
2026-06-12T02:46:46.826Z [league] shrike vs angler · seed 53095 · arena #31 · shrike 0W 28K dom 12.5 | angler 1W 31K dom 16.5
2026-06-12T02:47:17.010Z [league] shrike vs disciple · seed 53096 · arena #41 · shrike 1W 46K dom 44.0 | disciple 0W 3K dom -20.0
2026-06-12T02:47:47.415Z [league] shrike vs prodigy · seed 53097 · arena #53 · shrike 1W 42K dom 40.0 | prodigy 0W 4K dom -17.0
2026-06-12T02:48:16.603Z [league] shrike vs buttstein · seed 53098 · arena #67 · shrike 1W 33K dom 32.5 | buttstein 0W 0K dom -16.5
2026-06-12T02:48:46.031Z [league] cuadrilla vs orca · seed 53099 · arena #88 · cuadrilla 1W 38K dom 20.5 | orca 0W 35K dom 16.0
2026-06-12T02:49:15.748Z [league] cuadrilla vs neural · seed 53100 · arena #0 · cuadrilla 1W 24K dom 21.5 | neural 0W 5K dom -7.0
2026-06-12T02:49:46.094Z [league] cuadrilla vs angler · seed 53101 · arena #5 · cuadrilla 0W 34K dom 13.5 | angler 1W 41K dom 24.0
2026-06-12T02:50:16.102Z [league] cuadrilla vs disciple · seed 53102 · arena #11 · cuadrilla 1W 44K dom 42.5 | disciple 0W 3K dom -19.5
2026-06-12T02:50:48.025Z [league] cuadrilla vs prodigy · seed 53103 · arena #19 · cuadrilla 1W 20K dom 19.5 | prodigy 0W 1K dom -9.5
2026-06-12T02:51:16.541Z [league] cuadrilla vs buttstein · seed 53104 · arena #23 · cuadrilla 1W 31K dom 31.0 | buttstein 0W 0K dom -16.0
2026-06-12T02:51:47.040Z [league] orca vs neural · seed 53105 · arena #31 · orca 1W 42K dom 37.5 | neural 0W 9K dom -12.0
2026-06-12T02:52:16.568Z [league] orca vs angler · seed 53106 · arena #41 · orca 0W 34K dom 13.5 | angler 1W 41K dom 24.0
2026-06-12T02:52:47.633Z [league] orca vs disciple · seed 53107 · arena #53 · orca 1W 49K dom 46.5 | disciple 0W 5K dom -19.5
2026-06-12T02:53:16.568Z [league] orca vs prodigy · seed 53108 · arena #67 · orca 1W 49K dom 46.0 | prodigy 0W 6K dom -18.5
2026-06-12T02:53:49.554Z [league] orca vs buttstein · seed 53109 · arena #88 · orca 1W 49K dom 48.5 | buttstein 0W 0K dom -24.5
2026-06-12T02:54:16.568Z [league] neural vs angler · seed 53110 · arena #0 · neural 0W 9K dom -17.0 | angler 1W 52K dom 47.5
2026-06-12T02:54:47.874Z [league] neural vs disciple · seed 53111 · arena #5 · neural 1W 4K dom 3.0 | disciple 0W 2K dom 0.0
2026-06-12T02:55:20.889Z [league] neural vs prodigy · seed 53112 · arena #11 · neural 1W 10K dom 7.0 | prodigy 0W 6K dom 1.0
2026-06-12T02:55:50.001Z [league] neural vs buttstein · seed 53113 · arena #19 · neural 1W 5K dom 3.5 | buttstein 0W 2K dom -1.5
2026-06-12T02:56:19.420Z [league] angler vs disciple · seed 53114 · arena #23 · angler 1W 45K dom 44.5 | disciple 0W 1K dom -21.5
2026-06-12T02:56:52.530Z [league] angler vs prodigy · seed 53115 · arena #31 · angler 1W 50K dom 48.0 | prodigy 0W 3K dom -22.0
2026-06-12T02:57:19.508Z [league] angler vs buttstein · seed 53116 · arena #41 · angler 1W 40K dom 39.0 | buttstein 0W 2K dom -18.0
2026-06-12T02:57:47.787Z [league] disciple vs prodigy · seed 53117 · arena #53 · disciple 1W 5K dom 3.0 | prodigy 0W 4K dom 1.5
2026-06-12T02:58:17.676Z [league] disciple vs buttstein · seed 53118 · arena #67 · disciple 1W 4K dom 3.5 | buttstein 0W 1K dom -2.0
2026-06-12T02:58:47.474Z [league] prodigy vs buttstein · seed 53119 · arena #88 · prodigy 1W 4K dom 3.5 | buttstein 0W 1K dom -1.0
2026-06-12T02:59:14.766Z [league] new round-robin pass: 16 engines, 120 pairings
2026-06-12T02:59:22.088Z [league] datasets/ at 37.17 GB — OVER WARN THRESHOLD, consider archiving
2026-06-12T02:59:24.580Z [league] classic vs pilot · seed 53120 · arena #0 · classic 0W 17K dom -2.5 | pilot 1W 39K dom 30.5
2026-06-12T02:59:45.955Z [league] classic vs reaper · seed 53121 · arena #5 · classic 0W 21K dom 3.0 | reaper 1W 36K dom 25.0
2026-06-12T03:00:15.718Z [league] classic vs matador · seed 53122 · arena #11 · classic 0W 20K dom -5.0 | matador 1W 50K dom 39.5
2026-06-12T03:00:46.627Z [league] classic vs kestrel · seed 53123 · arena #19 · classic 0W 16K dom -5.0 | kestrel 1W 41K dom 33.0
2026-06-12T03:01:16.138Z [league] classic vs wolf · seed 53124 · arena #23 · classic 0W 21K dom -1.5 | wolf 1W 45K dom 34.0
2026-06-12T03:01:45.873Z [league] classic vs plover · seed 53125 · arena #31 · classic 0W 16K dom -8.0 | plover 1W 48K dom 40.0
2026-06-12T03:02:16.830Z [league] classic vs hydra · seed 53126 · arena #41 · classic 0W 22K dom 1.5 | hydra 1W 41K dom 30.0
2026-06-12T03:02:46.361Z [league] classic vs shrike · seed 53127 · arena #53 · classic 0W 17K dom -7.5 | shrike 1W 49K dom 40.0
2026-06-12T03:03:16.498Z [league] classic vs cuadrilla · seed 53128 · arena #67 · classic 0W 19K dom -6.0 | cuadrilla 1W 50K dom 40.0
2026-06-12T03:03:46.078Z [league] classic vs orca · seed 53129 · arena #88 · classic 0W 19K dom -4.0 | orca 1W 46K dom 36.0
2026-06-12T03:04:16.906Z [league] classic vs neural · seed 53130 · arena #0 · classic 1W 5K dom 3.0 | neural 0W 4K dom 1.5
2026-06-12T03:04:46.721Z [league] classic vs angler · seed 53131 · arena #5 · classic 0W 18K dom -3.0 | angler 1W 41K dom 31.5
2026-06-12T03:05:17.111Z [league] classic vs disciple · seed 53132 · arena #11 · classic 1W 29K dom 26.0 | disciple 0W 6K dom -8.5
2026-06-12T03:05:46.687Z [league] classic vs prodigy · seed 53133 · arena #19 · classic 1W 20K dom 17.5 | prodigy 0W 4K dom -8.5
2026-06-12T03:06:17.718Z [league] classic vs buttstein · seed 53134 · arena #23 · classic 1W 25K dom 23.5 | buttstein 0W 3K dom -9.5
2026-06-12T03:06:45.932Z [league] pilot vs reaper · seed 53135 · arena #31 · pilot 1W 38K dom 22.0 | reaper 0W 32K dom 13.0
2026-06-12T03:07:16.052Z [league] pilot vs matador · seed 53136 · arena #41 · pilot 0W 26K dom 8.5 | matador 1W 33K dom 20.0
2026-06-12T03:07:46.220Z [league] pilot vs kestrel · seed 53137 · arena #53 · pilot 0W 33K dom 16.0 | kestrel 1W 34K dom 17.5
2026-06-12T03:08:16.188Z [league] pilot vs wolf · seed 53138 · arena #67 · pilot 0W 31K dom 7.5 | wolf 1W 47K dom 31.5
2026-06-12T03:08:45.870Z [league] pilot vs plover · seed 53139 · arena #88 · pilot 0W 36K dom 14.0 | plover 1W 44K dom 26.0
2026-06-12T03:09:16.366Z [league] pilot vs hydra · seed 53140 · arena #0 · pilot 0W 29K dom 7.0 | hydra 1W 44K dom 29.5
2026-06-12T03:09:46.766Z [league] pilot vs shrike · seed 53141 · arena #5 · pilot 0W 31K dom 13.5 | shrike 1W 34K dom 18.5
2026-06-12T03:10:16.862Z [league] pilot vs cuadrilla · seed 53142 · arena #11 · pilot 0W 27K dom 11.5 | cuadrilla 1W 30K dom 16.5
2026-06-12T03:10:46.081Z [league] pilot vs orca · seed 53143 · arena #19 · pilot 0W 30K dom 9.0 | orca 1W 41K dom 26.0
2026-06-12T03:11:16.101Z [league] pilot vs neural · seed 53144 · arena #23 · pilot 1W 15K dom 12.0 | neural 0W 6K dom -1.5
2026-06-12T03:11:45.853Z [league] pilot vs angler · seed 53145 · arena #31 · pilot 0W 26K dom 1.0 | angler 1W 50K dom 37.0
2026-06-12T03:12:15.857Z [league] pilot vs disciple · seed 53146 · arena #41 · pilot 1W 45K dom 42.5 | disciple 0W 5K dom -17.5
2026-06-12T03:12:46.594Z [league] pilot vs prodigy · seed 53147 · arena #53 · pilot 1W 38K dom 35.0 | prodigy 0W 5K dom -14.0
2026-06-12T03:13:16.720Z [league] pilot vs buttstein · seed 53148 · arena #67 · pilot 1W 38K dom 36.0 | buttstein 0W 3K dom -16.0
2026-06-12T03:13:46.035Z [league] reaper vs matador · seed 53149 · arena #88 · reaper 0W 26K dom 8.0 | matador 1W 36K dom 23.0
2026-06-12T03:14:16.508Z [league] reaper vs kestrel · seed 53150 · arena #0 · reaper 0W 25K dom 10.0 | kestrel 1W 29K dom 16.5
2026-06-12T03:14:47.602Z [league] reaper vs wolf · seed 53151 · arena #5 · reaper 0W 28K dom 3.5 | wolf 1W 49K dom 35.0
2026-06-12T03:15:16.461Z [league] reaper vs plover · seed 53152 · arena #11 · reaper 0W 27K dom 11.5 | plover 1W 30K dom 16.5
2026-06-12T03:15:46.437Z [league] reaper vs hydra · seed 53153 · arena #19 · reaper 0W 30K dom 12.0 | hydra 1W 35K dom 20.0
2026-06-12T03:16:16.522Z [league] reaper vs shrike · seed 53154 · arena #23 · reaper 0W 30K dom 9.0 | shrike 1W 42K dom 27.0
2026-06-12T03:16:46.464Z [league] reaper vs cuadrilla · seed 53155 · arena #31 · reaper 0W 24K dom 6.5 | cuadrilla 1W 34K dom 21.5
2026-06-12T03:17:16.629Z [league] reaper vs orca · seed 53156 · arena #41 · reaper 0W 24K dom 5.0 | orca 1W 38K dom 25.5
2026-06-12T03:17:46.446Z [league] reaper vs neural · seed 53157 · arena #53 · reaper 1W 23K dom 20.0 | neural 0W 6K dom -5.5
2026-06-12T03:18:16.867Z [league] reaper vs angler · seed 53158 · arena #67 · reaper 0W 24K dom 4.5 | angler 1W 39K dom 26.0
2026-06-12T03:18:46.657Z [league] reaper vs disciple · seed 53159 · arena #88 · reaper 1W 29K dom 27.5 | disciple 0W 2K dom -12.5
2026-06-12T03:19:16.427Z [league] reaper vs prodigy · seed 53160 · arena #0 · reaper 1W 39K dom 36.0 | prodigy 0W 6K dom -14.0
2026-06-12T03:19:46.745Z [league] reaper vs buttstein · seed 53161 · arena #5 · reaper 1W 37K dom 35.5 | buttstein 0W 2K dom -17.0
2026-06-12T03:20:16.507Z [league] matador vs kestrel · seed 53162 · arena #11 · matador 1W 44K dom 30.0 | kestrel 0W 27K dom 5.0
2026-06-12T03:20:46.363Z [league] matador vs wolf · seed 53163 · arena #19 · matador 0W 47K dom 22.5 | wolf 1W 49K dom 25.5
2026-06-12T03:21:15.649Z [league] matador vs plover · seed 53164 · arena #23 · matador 1W 38K dom 22.0 | plover 0W 32K dom 13.0
2026-06-12T03:21:46.922Z [league] matador vs hydra · seed 53165 · arena #31 · matador 0W 27K dom 11.0 | hydra 1W 30K dom 16.5
2026-06-12T03:22:16.370Z [league] matador vs shrike · seed 53166 · arena #41 · matador 0W 39K dom 16.0 | shrike 1W 46K dom 26.5
2026-06-12T03:22:46.874Z [league] matador vs cuadrilla · seed 53167 · arena #53 · matador 0W 36K dom 15.5 | cuadrilla 1W 39K dom 21.0
2026-06-12T03:23:16.802Z [league] matador vs orca · seed 53168 · arena #67 · matador 0W 34K dom 16.5 | orca 1W 34K dom 17.0
2026-06-12T03:23:45.984Z [league] matador vs neural · seed 53169 · arena #88 · matador 1W 33K dom 30.0 | neural 0W 6K dom -11.0
2026-06-12T03:24:16.814Z [league] matador vs angler · seed 53170 · arena #0 · matador 0W 29K dom 10.5 | angler 1W 37K dom 22.0
2026-06-12T03:24:46.353Z [league] matador vs disciple · seed 53171 · arena #5 · matador 1W 54K dom 53.0 | disciple 0W 2K dom -25.0
2026-06-12T03:25:16.868Z [league] matador vs prodigy · seed 53172 · arena #11 · matador 1W 55K dom 52.0 | prodigy 0W 4K dom -23.5
2026-06-12T03:25:46.482Z [league] matador vs buttstein · seed 53173 · arena #19 · matador 1W 55K dom 53.0 | buttstein 0W 3K dom -25.0
2026-06-12T03:26:16.038Z [league] kestrel vs wolf · seed 53174 · arena #23 · kestrel 0W 31K dom 10.0 | wolf 1W 42K dom 26.5
2026-06-12T03:26:46.757Z [league] kestrel vs plover · seed 53175 · arena #31 · kestrel 1W 29K dom 16.0 | plover 0W 26K dom 11.5
2026-06-12T03:27:16.519Z [league] kestrel vs hydra · seed 53176 · arena #41 · kestrel 0W 34K dom 16.5 | hydra 1W 34K dom 17.0
2026-06-12T03:27:46.449Z [league] kestrel vs shrike · seed 53177 · arena #53 · kestrel 0W 28K dom 11.5 | shrike 1W 33K dom 19.0
2026-06-12T03:28:15.956Z [league] kestrel vs cuadrilla · seed 53178 · arena #67 · kestrel 0W 19K dom 2.5 | cuadrilla 1W 32K dom 22.5
2026-06-12T03:28:46.932Z [league] kestrel vs orca · seed 53179 · arena #88 · kestrel 0W 30K dom 13.0 | orca 1W 34K dom 19.0
2026-06-12T03:29:15.955Z [league] kestrel vs neural · seed 53180 · arena #0 · kestrel 1W 40K dom 35.0 | neural 0W 10K dom -10.0
2026-06-12T03:29:46.362Z [league] kestrel vs angler · seed 53181 · arena #5 · kestrel 0W 27K dom 3.5 | angler 1W 46K dom 32.5
2026-06-12T03:30:16.331Z [league] kestrel vs disciple · seed 53182 · arena #11 · kestrel 1W 44K dom 42.5 | disciple 0W 3K dom -19.0
2026-06-12T03:30:46.772Z [league] kestrel vs prodigy · seed 53183 · arena #19 · kestrel 1W 42K dom 40.5 | prodigy 0W 3K dom -18.0
2026-06-12T03:31:16.975Z [league] kestrel vs buttstein · seed 53184 · arena #23 · kestrel 1W 34K dom 33.0 | buttstein 0W 2K dom -15.5
2026-06-12T03:31:46.678Z [league] wolf vs plover · seed 53185 · arena #31 · wolf 1W 40K dom 23.5 | plover 0W 33K dom 13.0
2026-06-12T03:32:16.452Z [league] wolf vs hydra · seed 53186 · arena #41 · wolf 1W 36K dom 19.5 | hydra 0W 33K dom 15.0
2026-06-12T03:32:46.327Z [league] wolf vs shrike · seed 53187 · arena #53 · wolf 1W 45K dom 24.0 | shrike 0W 41K dom 18.5
2026-06-12T03:33:16.838Z [league] wolf vs cuadrilla · seed 53188 · arena #67 · wolf 0W 40K dom 18.5 | cuadrilla 1W 43K dom 23.0
2026-06-12T03:33:46.757Z [league] wolf vs orca · seed 53189 · arena #88 · wolf 1W 30K dom 18.0 | orca 0W 24K dom 9.0
2026-06-12T03:34:16.231Z [league] wolf vs neural · seed 53190 · arena #0 · wolf 1W 37K dom 32.0 | neural 0W 10K dom -9.0
2026-06-12T03:34:46.539Z [league] wolf vs angler · seed 53191 · arena #5 · wolf 0W 29K dom 10.0 | angler 1W 38K dom 23.5
2026-06-12T03:35:16.336Z [league] wolf vs disciple · seed 53192 · arena #11 · wolf 1W 36K dom 34.5 | disciple 0W 3K dom -15.0
2026-06-12T03:35:46.674Z [league] wolf vs prodigy · seed 53193 · arena #19 · wolf 1W 50K dom 49.0 | prodigy 0W 2K dom -23.0
2026-06-12T03:36:16.591Z [league] wolf vs buttstein · seed 53194 · arena #23 · wolf 1W 27K dom 26.5 | buttstein 0W 0K dom -13.5
2026-06-12T03:36:46.459Z [league] plover vs hydra · seed 53195 · arena #31 · plover 1W 39K dom 20.5 | hydra 0W 37K dom 17.5
2026-06-12T03:37:17.128Z [league] plover vs shrike · seed 53196 · arena #41 · plover 0W 32K dom 11.5 | shrike 1W 41K dom 25.0
2026-06-12T03:37:46.529Z [league] plover vs cuadrilla · seed 53197 · arena #53 · plover 0W 29K dom 13.0 | cuadrilla 1W 32K dom 17.5
2026-06-12T03:38:16.531Z [league] plover vs orca · seed 53198 · arena #67 · plover 0W 25K dom 8.0 | orca 1W 34K dom 21.5
2026-06-12T03:38:46.685Z [league] plover vs neural · seed 53199 · arena #88 · plover 1W 33K dom 28.5 | neural 0W 9K dom -7.5
2026-06-12T03:39:16.712Z [league] plover vs angler · seed 53200 · arena #0 · plover 0W 31K dom 8.0 | angler 1W 46K dom 30.5
2026-06-12T03:39:46.640Z [league] plover vs disciple · seed 53201 · arena #5 · plover 1W 37K dom 35.0 | disciple 0W 4K dom -14.5
2026-06-12T03:40:16.340Z [league] plover vs prodigy · seed 53202 · arena #11 · plover 1W 46K dom 42.5 | prodigy 0W 7K dom -16.5
2026-06-12T03:40:46.591Z [league] plover vs buttstein · seed 53203 · arena #19 · plover 1W 44K dom 43.0 | buttstein 0W 2K dom -20.0
2026-06-12T03:41:16.777Z [league] hydra vs shrike · seed 53204 · arena #23 · hydra 0W 36K dom 16.0 | shrike 1W 40K dom 22.0
2026-06-12T03:41:46.527Z [league] hydra vs cuadrilla · seed 53205 · arena #31 · hydra 0W 35K dom 16.0 | cuadrilla 1W 38K dom 20.5
2026-06-12T03:42:16.806Z [league] hydra vs orca · seed 53206 · arena #41 · hydra 0W 30K dom 11.0 | orca 1W 38K dom 23.0
2026-06-12T03:42:46.786Z [league] hydra vs neural · seed 53207 · arena #53 · hydra 1W 24K dom 21.5 | neural 0W 5K dom -8.0
2026-06-12T03:43:17.668Z [league] hydra vs angler · seed 53208 · arena #67 · hydra 0W 37K dom 16.5 | angler 1W 41K dom 22.5
2026-06-12T03:43:46.833Z [league] hydra vs disciple · seed 53209 · arena #88 · hydra 1W 45K dom 43.0 | disciple 0W 4K dom -18.5
2026-06-12T03:44:17.591Z [league] hydra vs prodigy · seed 53210 · arena #0 · hydra 1W 31K dom 29.5 | prodigy 0W 1K dom -14.5
2026-06-12T03:44:49.377Z [league] hydra vs buttstein · seed 53211 · arena #5 · hydra 1W 47K dom 45.5 | buttstein 0W 3K dom -21.0
2026-06-12T03:45:20.349Z [league] shrike vs cuadrilla · seed 53212 · arena #11 · shrike 1W 36K dom 18.5 | cuadrilla 0W 35K dom 17.0
2026-06-12T03:45:47.773Z [league] shrike vs orca · seed 53213 · arena #19 · shrike 0W 37K dom 16.5 | orca 1W 41K dom 22.5
2026-06-12T03:46:16.434Z [league] shrike vs neural · seed 53214 · arena #23 · shrike 1W 39K dom 35.0 | neural 0W 8K dom -12.0
2026-06-12T03:46:47.219Z [league] shrike vs angler · seed 53215 · arena #31 · shrike 0W 27K dom 10.0 | angler 1W 34K dom 20.5
2026-06-12T03:47:17.173Z [league] shrike vs disciple · seed 53216 · arena #41 · shrike 1W 47K dom 45.0 | disciple 0W 3K dom -20.5
2026-06-12T03:47:46.922Z [league] shrike vs prodigy · seed 53217 · arena #53 · shrike 1W 30K dom 28.5 | prodigy 0W 3K dom -12.0
2026-06-12T03:48:17.546Z [league] shrike vs buttstein · seed 53218 · arena #67 · shrike 1W 24K dom 22.5 | buttstein 0W 0K dom -12.0
2026-06-12T03:48:46.680Z [league] cuadrilla vs orca · seed 53219 · arena #88 · cuadrilla 1W 33K dom 19.5 | orca 0W 27K dom 10.5
2026-06-12T03:49:16.036Z [league] cuadrilla vs neural · seed 53220 · arena #0 · cuadrilla 1W 35K dom 33.0 | neural 0W 4K dom -14.0
2026-06-12T03:49:47.371Z [league] cuadrilla vs angler · seed 53221 · arena #5 · cuadrilla 0W 37K dom 16.5 | angler 1W 41K dom 22.5
2026-06-12T03:50:16.697Z [league] cuadrilla vs disciple · seed 53222 · arena #11 · cuadrilla 1W 40K dom 37.5 | disciple 0W 5K dom -15.0
2026-06-12T03:50:46.682Z [league] cuadrilla vs prodigy · seed 53223 · arena #19 · cuadrilla 1W 46K dom 44.5 | prodigy 0W 3K dom -20.5
2026-06-12T03:51:16.964Z [league] cuadrilla vs buttstein · seed 53224 · arena #23 · cuadrilla 1W 40K dom 39.5 | buttstein 0W 1K dom -19.0
2026-06-12T03:51:47.596Z [league] orca vs neural · seed 53225 · arena #31 · orca 1W 21K dom 16.5 | neural 0W 9K dom -2.0
2026-06-12T03:52:16.539Z [league] orca vs angler · seed 53226 · arena #41 · orca 0W 35K dom 16.0 | angler 1W 38K dom 20.5
2026-06-12T03:52:47.037Z [league] orca vs disciple · seed 53227 · arena #53 · orca 1W 35K dom 34.0 | disciple 0W 1K dom -16.5
2026-06-12T03:53:17.324Z [league] orca vs prodigy · seed 53228 · arena #67 · orca 1W 34K dom 33.5 | prodigy 0W 1K dom -16.0
2026-06-12T03:53:47.147Z [league] orca vs buttstein · seed 53229 · arena #88 · orca 1W 48K dom 47.0 | buttstein 0W 2K dom -23.0
2026-06-12T03:54:17.172Z [league] neural vs angler · seed 53230 · arena #0 · neural 0W 7K dom -14.5 | angler 1W 42K dom 38.5
2026-06-12T03:54:49.127Z [league] neural vs disciple · seed 53231 · arena #5 · neural 1W 7K dom 5.5 | disciple 0W 1K dom -2.5
2026-06-12T03:55:16.934Z [league] neural vs prodigy · seed 53232 · arena #11 · neural 1W 7K dom 4.5 | prodigy 0W 4K dom -0.5
2026-06-12T03:55:47.382Z [league] neural vs buttstein · seed 53233 · arena #19 · neural 1W 7K dom 5.5 | buttstein 0W 1K dom -3.5
2026-06-12T03:56:16.905Z [league] angler vs disciple · seed 53234 · arena #23 · angler 1W 54K dom 52.0 | disciple 0W 4K dom -23.0
2026-06-12T03:56:46.389Z [league] angler vs prodigy · seed 53235 · arena #31 · angler 1W 30K dom 27.5 | prodigy 0W 4K dom -11.0
2026-06-12T03:57:16.932Z [league] angler vs buttstein · seed 53236 · arena #41 · angler 1W 34K dom 32.5 | buttstein 0W 1K dom -16.5
2026-06-12T03:57:47.481Z [league] disciple vs prodigy · seed 53237 · arena #53 · disciple 1W 6K dom 3.5 | prodigy 0W 5K dom 2.0
2026-06-12T03:58:17.211Z [league] disciple vs buttstein · seed 53238 · arena #67 · disciple 1W 3K dom 2.5 | buttstein 0W 1K dom -1.0
2026-06-12T03:58:47.195Z [league] prodigy vs buttstein · seed 53239 · arena #88 · prodigy 1W 4K dom 1.5 | buttstein 0W 2K dom -0.5
2026-06-12T03:59:15.360Z [league] new round-robin pass: 16 engines, 120 pairings
2026-06-12T03:59:28.882Z [league] datasets/ at 46.28 GB — OVER WARN THRESHOLD, consider archiving
2026-06-12T03:59:31.176Z [league] classic vs pilot · seed 53240 · arena #0 · classic 0W 24K dom 3.5 | pilot 1W 41K dom 29.0
2026-06-12T03:59:46.341Z [league] classic vs reaper · seed 53241 · arena #5 · classic 0W 20K dom 1.5 | reaper 1W 37K dom 26.5
2026-06-12T04:00:16.606Z [league] classic vs matador · seed 53242 · arena #11 · classic 0W 19K dom -6.5 | matador 1W 51K dom 40.5
2026-06-12T04:00:47.707Z [league] classic vs kestrel · seed 53243 · arena #19 · classic 0W 21K dom -1.5 | kestrel 1W 45K dom 34.5
2026-06-12T04:01:17.878Z [league] classic vs wolf · seed 53244 · arena #23 · classic 0W 14K dom -6.5 | wolf 1W 41K dom 33.5
2026-06-12T04:01:47.494Z [league] classic vs plover · seed 53245 · arena #31 · classic 0W 21K dom -4.5 | plover 1W 51K dom 40.5
2026-06-12T04:02:19.764Z [league] classic vs hydra · seed 53246 · arena #41 · classic 0W 17K dom -5.5 | hydra 1W 45K dom 35.5
2026-06-12T04:02:47.808Z [league] classic vs shrike · seed 53247 · arena #53 · classic 0W 20K dom -5.0 | shrike 1W 50K dom 40.0
2026-06-12T04:03:16.082Z [league] classic vs cuadrilla · seed 53248 · arena #67 · classic 0W 19K dom -5.0 | cuadrilla 1W 48K dom 38.5
2026-06-12T04:03:47.031Z [league] classic vs orca · seed 53249 · arena #88 · classic 0W 17K dom -7.0 | orca 1W 48K dom 39.5
2026-06-12T04:04:16.665Z [league] classic vs neural · seed 53250 · arena #0 · classic 1W 14K dom 9.5 | neural 0W 9K dom 1.5
2026-06-12T04:04:46.616Z [league] classic vs angler · seed 53251 · arena #5 · classic 0W 17K dom -11.0 | angler 1W 56K dom 47.0
2026-06-12T04:05:17.027Z [league] classic vs disciple · seed 53252 · arena #11 · classic 1W 27K dom 22.0 | disciple 0W 10K dom -3.5
2026-06-12T04:05:47.318Z [league] classic vs prodigy · seed 53253 · arena #19 · classic 1W 28K dom 25.5 | prodigy 0W 5K dom -11.5
2026-06-12T04:06:17.426Z [league] classic vs buttstein · seed 53254 · arena #23 · classic 1W 20K dom 19.0 | buttstein 0W 1K dom -9.0
2026-06-12T04:06:47.125Z [league] pilot vs reaper · seed 53255 · arena #31 · pilot 0W 35K dom 16.5 | reaper 1W 37K dom 19.5
2026-06-12T04:07:17.863Z [league] pilot vs matador · seed 53256 · arena #41 · pilot 0W 28K dom 7.0 | matador 1W 42K dom 27.5
2026-06-12T04:07:48.969Z [league] pilot vs kestrel · seed 53257 · arena #53 · pilot 0W 34K dom 15.0 | kestrel 1W 38K dom 21.0
2026-06-12T04:08:16.205Z [league] pilot vs wolf · seed 53258 · arena #67 · pilot 0W 30K dom 6.5 | wolf 1W 47K dom 31.5
2026-06-12T04:08:47.083Z [league] pilot vs plover · seed 53259 · arena #88 · pilot 0W 34K dom 12.5 | plover 1W 41K dom 24.0
2026-06-12T04:09:17.138Z [league] pilot vs hydra · seed 53260 · arena #0 · pilot 0W 34K dom 15.5 | hydra 1W 37K dom 20.0
2026-06-12T04:09:48.118Z [league] pilot vs shrike · seed 53261 · arena #5 · pilot 0W 23K dom 5.5 | shrike 1W 33K dom 21.5
2026-06-12T04:10:17.284Z [league] pilot vs cuadrilla · seed 53262 · arena #11 · pilot 0W 21K dom 4.5 | cuadrilla 1W 33K dom 22.5
2026-06-12T04:10:48.599Z [league] pilot vs orca · seed 53263 · arena #19 · pilot 0W 29K dom 6.5 | orca 1W 45K dom 30.5
2026-06-12T04:11:17.208Z [league] pilot vs neural · seed 53264 · arena #23 · pilot 1W 19K dom 17.0 | neural 0W 2K dom -7.5
2026-06-12T04:11:46.907Z [league] pilot vs angler · seed 53265 · arena #31 · pilot 0W 32K dom 10.0 | angler 1W 44K dom 28.0
2026-06-12T04:12:16.444Z [league] pilot vs disciple · seed 53266 · arena #41 · pilot 1W 46K dom 43.0 | disciple 0W 6K dom -17.0
2026-06-12T04:12:46.396Z [league] pilot vs prodigy · seed 53267 · arena #53 · pilot 1W 38K dom 36.0 | prodigy 0W 4K dom -15.0
2026-06-12T04:13:17.464Z [league] pilot vs buttstein · seed 53268 · arena #67 · pilot 1W 31K dom 30.0 | buttstein 0W 1K dom -14.5
2026-06-12T04:13:47.452Z [league] reaper vs matador · seed 53269 · arena #88 · reaper 0W 27K dom 12.5 | matador 1W 29K dom 13.0
2026-06-12T04:14:16.696Z [league] reaper vs kestrel · seed 53270 · arena #0 · reaper 0W 19K dom 2.5 | kestrel 1W 32K dom 22.5
2026-06-12T04:14:47.282Z [league] reaper vs wolf · seed 53271 · arena #5 · reaper 0W 27K dom 7.0 | wolf 1W 40K dom 26.5
2026-06-12T04:15:16.479Z [league] reaper vs plover · seed 53272 · arena #11 · reaper 1W 32K dom 19.0 | plover 0W 26K dom 9.5
2026-06-12T04:15:55.788Z [league] reaper vs hydra · seed 53273 · arena #19 · reaper 0W 29K dom 7.0 | hydra 1W 44K dom 29.5
2026-06-12T04:16:16.625Z [league] reaper vs shrike · seed 53274 · arena #23 · reaper 0W 29K dom 8.5 | shrike 1W 41K dom 26.5
2026-06-12T04:16:46.085Z [league] reaper vs cuadrilla · seed 53275 · arena #31 · reaper 0W 26K dom 5.5 | cuadrilla 1W 41K dom 28.0
2026-06-12T04:17:19.889Z [league] reaper vs orca · seed 53276 · arena #41 · reaper 0W 21K dom 3.5 | orca 1W 34K dom 23.5
2026-06-12T04:17:46.535Z [league] reaper vs neural · seed 53277 · arena #53 · reaper 1W 19K dom 16.0 | neural 0W 6K dom -4.0
2026-06-12T04:18:16.218Z [league] reaper vs angler · seed 53278 · arena #67 · reaper 0W 26K dom 3.5 | angler 1W 45K dom 32.0
2026-06-12T04:18:46.368Z [league] reaper vs disciple · seed 53279 · arena #88 · reaper 1W 35K dom 33.0 | disciple 0W 4K dom -13.5
2026-06-12T04:19:16.717Z [league] reaper vs prodigy · seed 53280 · arena #0 · reaper 1W 37K dom 34.0 | prodigy 0W 5K dom -13.5
2026-06-12T04:19:57.714Z [league] reaper vs buttstein · seed 53281 · arena #5 · reaper 1W 33K dom 32.5 | buttstein 0W 1K dom -15.5
2026-06-12T04:20:16.395Z [league] matador vs kestrel · seed 53282 · arena #11 · matador 1W 31K dom 17.5 | kestrel 0W 27K dom 11.5
2026-06-12T04:20:46.552Z [league] matador vs wolf · seed 53283 · arena #19 · matador 1W 43K dom 22.5 | wolf 0W 40K dom 18.5
2026-06-12T04:21:25.268Z [league] matador vs plover · seed 53284 · arena #23 · matador 1W 41K dom 23.5 | plover 0W 34K dom 13.5
2026-06-12T04:21:50.011Z [league] matador vs hydra · seed 53285 · arena #31 · matador 1W 40K dom 21.0 | hydra 0W 38K dom 18.0
2026-06-12T04:22:24.321Z [league] matador vs shrike · seed 53286 · arena #41 · matador 1W 39K dom 21.0 | shrike 0W 36K dom 16.5
2026-06-12T04:22:52.539Z [league] matador vs cuadrilla · seed 53287 · arena #53 · matador 0W 23K dom 7.5 | cuadrilla 1W 31K dom 19.5
2026-06-12T04:23:27.282Z [league] matador vs orca · seed 53288 · arena #67 · matador 1W 48K dom 26.5 | orca 0W 42K dom 18.0
2026-06-12T04:23:48.316Z [league] matador vs neural · seed 53289 · arena #88 · matador 1W 48K dom 42.5 | neural 0W 10K dom -14.0
2026-06-12T04:24:17.099Z [league] matador vs angler · seed 53290 · arena #0 · matador 0W 34K dom 14.5 | angler 1W 39K dom 22.0
2026-06-12T04:24:49.517Z [league] matador vs disciple · seed 53291 · arena #5 · matador 1W 58K dom 56.5 | disciple 0W 3K dom -26.5
2026-06-12T04:25:16.034Z [league] matador vs prodigy · seed 53292 · arena #11 · matador 1W 49K dom 47.0 | prodigy 0W 4K dom -20.5
2026-06-12T04:25:46.724Z [league] matador vs buttstein · seed 53293 · arena #19 · matador 1W 44K dom 43.0 | buttstein 0W 1K dom -21.0
2026-06-12T04:26:16.589Z [league] kestrel vs wolf · seed 53294 · arena #23 · kestrel 0W 31K dom 9.5 | wolf 1W 43K dom 27.5
2026-06-12T04:26:46.622Z [league] kestrel vs plover · seed 53295 · arena #31 · kestrel 1W 35K dom 18.5 | plover 0W 32K dom 14.5
2026-06-12T04:27:16.251Z [league] kestrel vs hydra · seed 53296 · arena #41 · kestrel 1W 34K dom 18.5 | hydra 0W 31K dom 14.0
2026-06-12T04:27:46.188Z [league] kestrel vs shrike · seed 53297 · arena #53 · kestrel 0W 26K dom 10.0 | shrike 1W 32K dom 18.5
2026-06-12T04:28:18.821Z [league] kestrel vs cuadrilla · seed 53298 · arena #67 · kestrel 0W 20K dom 7.0 | cuadrilla 1W 26K dom 16.0
2026-06-12T04:28:48.492Z [league] kestrel vs orca · seed 53299 · arena #88 · kestrel 0W 31K dom 12.0 | orca 1W 37K dom 21.0
2026-06-12T04:29:16.899Z [league] kestrel vs neural · seed 53300 · arena #0 · kestrel 1W 27K dom 23.5 | neural 0W 7K dom -6.5
2026-06-12T04:29:47.097Z [league] kestrel vs angler · seed 53301 · arena #5 · kestrel 0W 32K dom 9.0 | angler 1W 46K dom 30.0
2026-06-12T04:30:16.574Z [league] kestrel vs disciple · seed 53302 · arena #11 · kestrel 1W 45K dom 43.0 | disciple 0W 3K dom -19.5
2026-06-12T04:30:47.426Z [league] kestrel vs prodigy · seed 53303 · arena #19 · kestrel 1W 36K dom 34.5 | prodigy 0W 2K dom -17.0
2026-06-12T04:31:16.848Z [league] kestrel vs buttstein · seed 53304 · arena #23 · kestrel 1W 39K dom 37.0 | buttstein 0W 2K dom -17.5
2026-06-12T04:31:48.133Z [league] wolf vs plover · seed 53305 · arena #31 · wolf 1W 29K dom 16.5 | plover 0W 25K dom 10.5
2026-06-12T04:32:16.483Z [league] wolf vs hydra · seed 53306 · arena #41 · wolf 1W 36K dom 20.5 | hydra 0W 31K dom 13.0
2026-06-12T04:32:46.945Z [league] wolf vs shrike · seed 53307 · arena #53 · wolf 1W 42K dom 22.0 | shrike 0W 40K dom 19.0
2026-06-12T04:33:16.764Z [league] wolf vs cuadrilla · seed 53308 · arena #67 · wolf 0W 36K dom 16.5 | cuadrilla 1W 39K dom 21.0
2026-06-12T04:33:47.295Z [league] wolf vs orca · seed 53309 · arena #88 · wolf 0W 40K dom 20.0 | orca 0W 40K dom 20.0
2026-06-12T04:34:16.775Z [league] wolf vs neural · seed 53310 · arena #0 · wolf 1W 31K dom 29.5 | neural 0W 3K dom -12.5
2026-06-12T04:34:47.417Z [league] wolf vs angler · seed 53311 · arena #5 · wolf 0W 40K dom 18.5 | angler 1W 43K dom 23.0
2026-06-12T04:35:16.576Z [league] wolf vs disciple · seed 53312 · arena #11 · wolf 1W 50K dom 49.5 | disciple 0W 1K dom -24.0
2026-06-12T04:35:47.269Z [league] wolf vs prodigy · seed 53313 · arena #19 · wolf 1W 52K dom 48.5 | prodigy 0W 7K dom -19.0
2026-06-12T04:36:16.881Z [league] wolf vs buttstein · seed 53314 · arena #23 · wolf 1W 41K dom 39.5 | buttstein 0W 2K dom -19.0
2026-06-12T04:36:46.179Z [league] plover vs hydra · seed 53315 · arena #31 · plover 0W 34K dom 16.5 | hydra 1W 35K dom 18.0
2026-06-12T04:37:22.922Z [league] plover vs shrike · seed 53316 · arena #41 · plover 0W 34K dom 13.5 | shrike 1W 41K dom 24.0
2026-06-12T04:37:56.436Z [league] plover vs cuadrilla · seed 53317 · arena #53 · plover 0W 23K dom 3.5 | cuadrilla 1W 39K dom 27.5
2026-06-12T04:38:16.607Z [league] plover vs orca · seed 53318 · arena #67 · plover 0W 32K dom 11.5 | orca 1W 41K dom 25.0
2026-06-12T04:38:46.559Z [league] plover vs neural · seed 53319 · arena #88 · plover 1W 27K dom 25.0 | neural 0W 3K dom -10.5
2026-06-12T04:39:16.573Z [league] plover vs angler · seed 53320 · arena #0 · plover 0W 31K dom 7.0 | angler 1W 48K dom 32.5
2026-06-12T04:39:46.946Z [league] plover vs disciple · seed 53321 · arena #5 · plover 1W 40K dom 38.5 | disciple 0W 3K dom -17.0
2026-06-12T04:40:16.800Z [league] plover vs prodigy · seed 53322 · arena #11 · plover 1W 34K dom 31.5 | prodigy 0W 5K dom -12.5
2026-06-12T04:40:47.574Z [league] plover vs buttstein · seed 53323 · arena #19 · plover 1W 42K dom 42.0 | buttstein 0W 0K dom -21.5
2026-06-12T04:41:17.111Z [league] hydra vs shrike · seed 53324 · arena #23 · hydra 1W 41K dom 25.0 | shrike 0W 32K dom 11.5
2026-06-12T04:41:48.403Z [league] hydra vs cuadrilla · seed 53325 · arena #31 · hydra 0W 29K dom 11.0 | cuadrilla 1W 36K dom 21.5
2026-06-12T04:42:18.447Z [league] hydra vs orca · seed 53326 · arena #41 · hydra 1W 39K dom 21.5 | orca 0W 35K dom 15.5
2026-06-12T04:42:47.841Z [league] hydra vs neural · seed 53327 · arena #53 · hydra 1W 12K dom 11.0 | neural 0W 2K dom -4.0
2026-06-12T04:43:18.728Z [league] hydra vs angler · seed 53328 · arena #67 · hydra 0W 30K dom 6.5 | angler 1W 47K dom 32.0
2026-06-12T04:43:47.199Z [league] hydra vs disciple · seed 53329 · arena #88 · hydra 1W 31K dom 30.5 | disciple 0W 1K dom -14.5
2026-06-12T04:44:17.664Z [league] hydra vs prodigy · seed 53330 · arena #0 · hydra 1W 39K dom 37.5 | prodigy 0W 3K dom -17.0
2026-06-12T04:44:55.088Z [league] hydra vs buttstein · seed 53331 · arena #5 · hydra 1W 45K dom 45.0 | buttstein 0W 0K dom -22.5
2026-06-12T04:45:17.029Z [league] shrike vs cuadrilla · seed 53332 · arena #11 · shrike 0W 36K dom 16.5 | cuadrilla 1W 39K dom 21.0
2026-06-12T04:45:47.224Z [league] shrike vs orca · seed 53333 · arena #19 · shrike 0W 36K dom 16.5 | orca 1W 39K dom 21.0
2026-06-12T04:46:16.904Z [league] shrike vs neural · seed 53334 · arena #23 · shrike 1W 37K dom 33.5 | neural 0W 7K dom -11.5
2026-06-12T04:46:46.392Z [league] shrike vs angler · seed 53335 · arena #31 · shrike 0W 35K dom 16.5 | angler 1W 37K dom 19.5
2026-06-12T04:47:16.564Z [league] shrike vs disciple · seed 53336 · arena #41 · shrike 1W 52K dom 50.0 | disciple 0W 4K dom -22.0
2026-06-12T04:47:46.715Z [league] shrike vs prodigy · seed 53337 · arena #53 · shrike 1W 49K dom 46.0 | prodigy 0W 6K dom -19.0
2026-06-12T04:48:16.493Z [league] shrike vs buttstein · seed 53338 · arena #67 · shrike 1W 27K dom 26.5 | buttstein 0W 0K dom -13.5
2026-06-12T04:48:47.419Z [league] cuadrilla vs orca · seed 53339 · arena #88 · cuadrilla 1W 40K dom 22.0 | orca 0W 35K dom 15.0
2026-06-12T04:49:17.489Z [league] cuadrilla vs neural · seed 53340 · arena #0 · cuadrilla 1W 30K dom 27.0 | neural 0W 6K dom -9.5
2026-06-12T04:49:55.511Z [league] cuadrilla vs angler · seed 53341 · arena #5 · cuadrilla 0W 31K dom 9.0 | angler 1W 44K dom 28.0
2026-06-12T04:50:20.463Z [league] cuadrilla vs disciple · seed 53342 · arena #11 · cuadrilla 1W 37K dom 35.5 | disciple 0W 3K dom -15.5
2026-06-12T04:50:55.460Z [league] cuadrilla vs prodigy · seed 53343 · arena #19 · cuadrilla 1W 46K dom 45.0 | prodigy 0W 2K dom -21.0
2026-06-12T04:51:18.723Z [league] cuadrilla vs buttstein · seed 53344 · arena #23 · cuadrilla 1W 46K dom 45.5 | buttstein 0W 1K dom -22.5
2026-06-12T04:51:54.434Z [league] orca vs neural · seed 53345 · arena #31 · orca 1W 32K dom 27.0 | neural 0W 10K dom -7.0
2026-06-12T04:52:25.044Z [league] orca vs angler · seed 53346 · arena #41 · orca 0W 35K dom 13.5 | angler 1W 43K dom 25.5
2026-06-12T04:52:47.029Z [league] orca vs disciple · seed 53347 · arena #53 · orca 1W 34K dom 31.5 | disciple 0W 3K dom -14.0
2026-06-12T04:53:19.438Z [league] orca vs prodigy · seed 53348 · arena #67 · orca 1W 38K dom 36.5 | prodigy 0W 2K dom -19.0
2026-06-12T04:53:47.300Z [league] orca vs buttstein · seed 53349 · arena #88 · orca 1W 36K dom 34.5 | buttstein 0W 2K dom -17.5
2026-06-12T04:54:21.176Z [league] neural vs angler · seed 53350 · arena #0 · neural 0W 10K dom -9.5 | angler 1W 39K dom 34.0
2026-06-12T04:54:50.033Z [league] neural vs disciple · seed 53351 · arena #5 · neural 1W 8K dom 5.5 | disciple 0W 2K dom -2.5
2026-06-12T04:55:21.634Z [league] neural vs prodigy · seed 53352 · arena #11 · neural 1W 11K dom 8.5 | prodigy 0W 5K dom -0.5
2026-06-12T04:55:47.463Z [league] neural vs buttstein · seed 53353 · arena #19 · neural 1W 10K dom 7.5 | buttstein 0W 3K dom -2.5
2026-06-12T04:56:16.654Z [league] angler vs disciple · seed 53354 · arena #23 · angler 1W 56K dom 54.0 | disciple 0W 3K dom -25.0
2026-06-12T04:56:47.386Z [league] angler vs prodigy · seed 53355 · arena #31 · angler 1W 31K dom 29.0 | prodigy 0W 3K dom -12.5
2026-06-12T04:57:16.618Z [league] angler vs buttstein · seed 53356 · arena #41 · angler 1W 25K dom 24.0 | buttstein 0W 2K dom -11.0
2026-06-12T04:57:52.151Z [league] disciple vs prodigy · seed 53357 · arena #53 · disciple 1W 6K dom 4.0 | prodigy 0W 4K dom 1.0
2026-06-12T04:58:16.801Z [league] disciple vs buttstein · seed 53358 · arena #67 · disciple 1W 5K dom 4.5 | buttstein 0W 1K dom -3.0
2026-06-12T04:58:48.044Z [league] prodigy vs buttstein · seed 53359 · arena #88 · prodigy 1W 4K dom 2.5 | buttstein 0W 1K dom -1.0
2026-06-12T04:59:15.004Z [league] new round-robin pass: 16 engines, 120 pairings
2026-06-12T04:59:19.550Z [league] datasets/ at 48.93 GB — OVER WARN THRESHOLD, consider archiving
2026-06-12T04:59:33.219Z [league] classic vs pilot · seed 53360 · arena #0 · classic 0W 21K dom -1.0 | pilot 1W 44K dom 33.5
2026-06-12T04:59:47.377Z [league] classic vs reaper · seed 53361 · arena #5 · classic 0W 19K dom 1.0 | reaper 1W 36K dom 26.5
2026-06-12T05:00:27.673Z [league] classic vs matador · seed 53362 · arena #11 · classic 0W 18K dom -5.0 | matador 1W 46K dom 36.0
2026-06-12T05:00:55.641Z [league] classic vs kestrel · seed 53363 · arena #19 · classic 0W 14K dom -5.0 | kestrel 1W 38K dom 30.5
2026-06-12T05:01:16.692Z [league] classic vs wolf · seed 53364 · arena #23 · classic 0W 14K dom -8.0 | wolf 1W 43K dom 36.0
2026-06-12T05:01:47.109Z [league] classic vs plover · seed 53365 · arena #31 · classic 0W 18K dom -2.0 | plover 1W 40K dom 30.0
2026-06-12T05:02:16.086Z [league] classic vs hydra · seed 53366 · arena #41 · classic 0W 19K dom -3.5 | hydra 1W 45K dom 35.0
2026-06-12T05:02:54.763Z [league] classic vs shrike · seed 53367 · arena #53 · classic 0W 15K dom -10.5 | shrike 1W 51K dom 42.0
2026-06-12T05:03:16.381Z [league] classic vs cuadrilla · seed 53368 · arena #67 · classic 0W 13K dom -8.5 | cuadrilla 1W 43K dom 36.5
2026-06-12T05:03:56.290Z [league] classic vs orca · seed 53369 · arena #88 · classic 0W 18K dom -5.5 | orca 1W 47K dom 38.0
2026-06-12T05:04:17.362Z [league] classic vs neural · seed 53370 · arena #0 · classic 1W 13K dom 11.0 | neural 0W 4K dom -2.5
2026-06-12T05:04:46.974Z [league] classic vs angler · seed 53371 · arena #5 · classic 0W 21K dom 0.0 | angler 1W 42K dom 31.5
2026-06-12T05:05:17.270Z [league] classic vs disciple · seed 53372 · arena #11 · classic 1W 31K dom 26.0 | disciple 0W 10K dom -5.5
2026-06-12T05:05:56.573Z [league] classic vs prodigy · seed 53373 · arena #19 · classic 1W 24K dom 21.0 | prodigy 0W 5K dom -7.0
2026-06-12T05:06:18.810Z [league] classic vs buttstein · seed 53374 · arena #23 · classic 1W 25K dom 22.0 | buttstein 0W 3K dom -10.5
2026-06-12T05:06:50.236Z [league] pilot vs reaper · seed 53375 · arena #31 · pilot 1W 30K dom 15.5 | reaper 0W 28K dom 12.5
2026-06-12T05:07:18.717Z [league] pilot vs matador · seed 53376 · arena #41 · pilot 0W 32K dom 10.0 | matador 1W 44K dom 28.0
2026-06-12T05:07:47.170Z [league] pilot vs kestrel · seed 53377 · arena #53 · pilot 1W 40K dom 20.5 | kestrel 0W 39K dom 19.0
2026-06-12T05:08:16.352Z [league] pilot vs wolf · seed 53378 · arena #67 · pilot 0W 30K dom 6.5 | wolf 1W 46K dom 31.0
2026-06-12T05:08:49.377Z [league] pilot vs plover · seed 53379 · arena #88 · pilot 0W 33K dom 15.5 | plover 1W 35K dom 18.5
2026-06-12T05:09:16.602Z [league] pilot vs hydra · seed 53380 · arena #0 · pilot 0W 34K dom 12.5 | hydra 1W 42K dom 25.0
2026-06-12T05:09:46.397Z [league] pilot vs shrike · seed 53381 · arena #5 · pilot 0W 29K dom 11.5 | shrike 1W 34K dom 19.5
2026-06-12T05:10:17.042Z [league] pilot vs cuadrilla · seed 53382 · arena #11 · pilot 0W 23K dom 2.5 | cuadrilla 1W 41K dom 29.5
2026-06-12T05:10:46.418Z [league] pilot vs orca · seed 53383 · arena #19 · pilot 0W 24K dom 7.5 | orca 1W 31K dom 18.5
2026-06-12T05:11:24.683Z [league] pilot vs neural · seed 53384 · arena #23 · pilot 1W 21K dom 18.5 | neural 0W 5K dom -5.5
2026-06-12T05:11:46.984Z [league] pilot vs angler · seed 53385 · arena #31 · pilot 0W 24K dom 0.0 | angler 1W 48K dom 36.0
2026-06-12T05:12:27.319Z [league] pilot vs disciple · seed 53386 · arena #41 · pilot 1W 34K dom 32.0 | disciple 0W 3K dom -14.0
2026-06-12T05:12:47.490Z [league] pilot vs prodigy · seed 53387 · arena #53 · pilot 1W 37K dom 34.0 | prodigy 0W 4K dom -14.5
2026-06-12T05:13:16.982Z [league] pilot vs buttstein · seed 53388 · arena #67 · pilot 1W 34K dom 32.5 | buttstein 0W 2K dom -15.0
2026-06-12T05:13:46.407Z [league] reaper vs matador · seed 53389 · arena #88 · reaper 0W 27K dom 4.5 | matador 1W 45K dom 31.5
2026-06-12T05:14:26.451Z [league] reaper vs kestrel · seed 53390 · arena #0 · reaper 0W 30K dom 9.0 | kestrel 1W 41K dom 25.5
2026-06-12T05:14:46.229Z [league] reaper vs wolf · seed 53391 · arena #5 · reaper 0W 23K dom 3.5 | wolf 1W 39K dom 27.0
2026-06-12T05:15:16.403Z [league] reaper vs plover · seed 53392 · arena #11 · reaper 0W 25K dom 7.5 | plover 1W 35K dom 22.0
2026-06-12T05:15:48.248Z [league] reaper vs hydra · seed 53393 · arena #19 · reaper 0W 23K dom 4.5 | hydra 1W 37K dom 25.5
2026-06-12T05:16:16.929Z [league] reaper vs shrike · seed 53394 · arena #23 · reaper 0W 26K dom 9.0 | shrike 1W 34K dom 21.0
2026-06-12T05:16:48.542Z [league] reaper vs cuadrilla · seed 53395 · arena #31 · reaper 0W 18K dom 0.5 | cuadrilla 1W 34K dom 24.5
2026-06-12T05:17:16.201Z [league] reaper vs orca · seed 53396 · arena #41 · reaper 0W 24K dom 6.5 | orca 1W 35K dom 23.0
2026-06-12T05:17:46.622Z [league] reaper vs neural · seed 53397 · arena #53 · reaper 1W 27K dom 23.5 | neural 0W 7K dom -7.0
2026-06-12T05:18:16.635Z [league] reaper vs angler · seed 53398 · arena #67 · reaper 0W 24K dom 1.0 | angler 1W 46K dom 34.0
2026-06-12T05:18:50.181Z [league] reaper vs disciple · seed 53399 · arena #88 · reaper 1W 28K dom 26.0 | disciple 0W 3K dom -11.0
2026-06-12T05:19:16.722Z [league] reaper vs prodigy · seed 53400 · arena #0 · reaper 1W 39K dom 35.0 | prodigy 0W 8K dom -11.5
2026-06-12T05:19:47.047Z [league] reaper vs buttstein · seed 53401 · arena #5 · reaper 1W 17K dom 16.0 | buttstein 0W 1K dom -8.0
2026-06-12T05:20:17.102Z [league] matador vs kestrel · seed 53402 · arena #11 · matador 1W 33K dom 17.5 | kestrel 0W 31K dom 14.0
2026-06-12T05:20:49.239Z [league] matador vs wolf · seed 53403 · arena #19 · matador 0W 39K dom 14.5 | wolf 1W 49K dom 29.5
2026-06-12T05:21:16.618Z [league] matador vs plover · seed 53404 · arena #23 · matador 1W 43K dom 26.5 | plover 0W 33K dom 11.5
2026-06-12T05:21:46.912Z [league] matador vs hydra · seed 53405 · arena #31 · matador 1W 41K dom 22.0 | hydra 0W 38K dom 17.5
2026-06-12T05:22:21.712Z [league] matador vs shrike · seed 53406 · arena #41 · matador 0W 39K dom 18.0 | shrike 1W 42K dom 22.5
2026-06-12T05:22:55.007Z [league] matador vs cuadrilla · seed 53407 · arena #53 · matador 0W 29K dom 13.0 | cuadrilla 1W 32K dom 17.5
2026-06-12T05:23:16.998Z [league] matador vs orca · seed 53408 · arena #67 · matador 0W 39K dom 19.0 | orca 1W 40K dom 20.0
2026-06-12T05:23:46.891Z [league] matador vs neural · seed 53409 · arena #88 · matador 1W 33K dom 27.0 | neural 0W 12K dom -4.5
2026-06-12T05:24:17.009Z [league] matador vs angler · seed 53410 · arena #0 · matador 0W 33K dom 13.0 | angler 1W 39K dom 22.5
2026-06-12T05:24:46.487Z [league] matador vs disciple · seed 53411 · arena #5 · matador 1W 55K dom 54.0 | disciple 0W 1K dom -26.5
2026-06-12T05:25:19.785Z [league] matador vs prodigy · seed 53412 · arena #11 · matador 1W 44K dom 41.0 | prodigy 0W 5K dom -17.5
2026-06-12T05:25:46.837Z [league] matador vs buttstein · seed 53413 · arena #19 · matador 1W 48K dom 46.5 | buttstein 0W 2K dom -22.0
2026-06-12T05:26:16.949Z [league] kestrel vs wolf · seed 53414 · arena #23 · kestrel 0W 33K dom 11.5 | wolf 1W 43K dom 26.5
2026-06-12T05:26:47.096Z [league] kestrel vs plover · seed 53415 · arena #31 · kestrel 0W 35K dom 14.5 | plover 1W 41K dom 23.0
2026-06-12T05:27:16.281Z [league] kestrel vs hydra · seed 53416 · arena #41 · kestrel 1W 38K dom 19.0 | hydra 0W 38K dom 18.5
2026-06-12T05:27:48.858Z [league] kestrel vs shrike · seed 53417 · arena #53 · kestrel 0W 32K dom 14.5 | shrike 1W 35K dom 19.0
2026-06-12T05:28:16.903Z [league] kestrel vs cuadrilla · seed 53418 · arena #67 · kestrel 0W 30K dom 11.5 | cuadrilla 1W 37K dom 22.0
2026-06-12T05:28:53.582Z [league] kestrel vs orca · seed 53419 · arena #88 · kestrel 0W 35K dom 17.5 | orca 0W 35K dom 17.5
2026-06-12T05:29:24.328Z [league] pairing kestrel vs neural FAILED (continuing): Command failed: pnpm arena --teams kestrel vs neural --matches 1 --round 120 --seed 53420 --arena 0
2026-06-12T05:29:54.868Z [league] pairing kestrel vs angler FAILED (continuing): Command failed: pnpm arena --teams kestrel vs angler --matches 1 --round 120 --seed 53421 --arena 5
2026-06-12T05:30:15.291Z [league] pairing kestrel vs disciple FAILED (continuing): Command failed: pnpm arena --teams kestrel vs disciple --matches 1 --round 120 --seed 53422 --arena 11
2026-06-12T05:30:45.143Z [league] pairing kestrel vs prodigy FAILED (continuing): Command failed: pnpm arena --teams kestrel vs prodigy --matches 1 --round 120 --seed 53423 --arena 19
2026-06-12T05:31:15.702Z [league] pairing kestrel vs buttstein FAILED (continuing): Command failed: pnpm arena --teams kestrel vs buttstein --matches 1 --round 120 --seed 53424 --arena 23
2026-06-12T05:31:45.788Z [league] pairing wolf vs plover FAILED (continuing): Command failed: pnpm arena --teams wolf vs plover --matches 1 --round 120 --seed 53425 --arena 31
2026-06-12T05:32:15.805Z [league] pairing wolf vs hydra FAILED (continuing): Command failed: pnpm arena --teams wolf vs hydra --matches 1 --round 120 --seed 53426 --arena 41
2026-06-12T05:32:45.900Z [league] pairing wolf vs shrike FAILED (continuing): Command failed: pnpm arena --teams wolf vs shrike --matches 1 --round 120 --seed 53427 --arena 53
2026-06-12T05:33:15.921Z [league] pairing wolf vs cuadrilla FAILED (continuing): Command failed: pnpm arena --teams wolf vs cuadrilla --matches 1 --round 120 --seed 53428 --arena 67
2026-06-12T05:33:52.402Z [league] pairing wolf vs orca FAILED (continuing): Command failed: pnpm arena --teams wolf vs orca --matches 1 --round 120 --seed 53429 --arena 88
2026-06-12T05:34:15.352Z [league] pairing wolf vs neural FAILED (continuing): Command failed: pnpm arena --teams wolf vs neural --matches 1 --round 120 --seed 53430 --arena 0
2026-06-12T05:34:45.575Z [league] pairing wolf vs angler FAILED (continuing): Command failed: pnpm arena --teams wolf vs angler --matches 1 --round 120 --seed 53431 --arena 5
2026-06-12T05:35:15.287Z [league] pairing wolf vs disciple FAILED (continuing): Command failed: pnpm arena --teams wolf vs disciple --matches 1 --round 120 --seed 53432 --arena 11
2026-06-12T05:35:49.909Z [league] wolf vs prodigy · seed 53433 · arena #19 · wolf 1W 52K dom 47.5 | prodigy 0W 6K dom -20.0
2026-06-12T05:36:17.506Z [league] wolf vs buttstein · seed 53434 · arena #23 · wolf 1W 43K dom 43.0 | buttstein 0W 0K dom -21.5
2026-06-12T05:36:46.571Z [league] plover vs hydra · seed 53435 · arena #31 · plover 0W 23K dom 7.5 | hydra 1W 30K dom 18.5
2026-06-12T05:37:16.818Z [league] plover vs shrike · seed 53436 · arena #41 · plover 0W 26K dom 12.5 | shrike 1W 27K dom 14.0
2026-06-12T05:37:53.278Z [league] plover vs cuadrilla · seed 53437 · arena #53 · plover 0W 27K dom 8.0 | cuadrilla 1W 38K dom 24.5
2026-06-12T05:38:18.554Z [league] plover vs orca · seed 53438 · arena #67 · plover 0W 29K dom 12.5 | orca 1W 33K dom 18.5
2026-06-12T05:38:46.921Z [league] plover vs neural · seed 53439 · arena #88 · plover 1W 38K dom 34.5 | neural 0W 7K dom -12.5
2026-06-12T05:39:17.123Z [league] plover vs angler · seed 53440 · arena #0 · plover 0W 27K dom 8.0 | angler 1W 38K dom 24.0
2026-06-12T05:39:46.617Z [league] plover vs disciple · seed 53441 · arena #5 · plover 1W 39K dom 36.0 | disciple 0W 5K dom -14.5
2026-06-12T05:40:17.050Z [league] plover vs prodigy · seed 53442 · arena #11 · plover 1W 34K dom 33.0 | prodigy 0W 2K dom -16.0
2026-06-12T05:40:47.053Z [league] plover vs buttstein · seed 53443 · arena #19 · plover 1W 43K dom 42.0 | buttstein 0W 2K dom -19.5
2026-06-12T05:41:17.309Z [league] hydra vs shrike · seed 53444 · arena #23 · hydra 0W 27K dom 11.5 | shrike 1W 31K dom 17.5
2026-06-12T05:41:47.017Z [league] hydra vs cuadrilla · seed 53445 · arena #31 · hydra 0W 33K dom 13.0 | cuadrilla 1W 40K dom 23.5
2026-06-12T05:42:17.280Z [league] hydra vs orca · seed 53446 · arena #41 · hydra 1W 35K dom 18.5 | orca 0W 33K dom 15.5
2026-06-12T05:42:46.322Z [league] hydra vs neural · seed 53447 · arena #53 · hydra 1W 39K dom 34.5 | neural 0W 9K dom -10.5
2026-06-12T05:43:23.202Z [league] hydra vs angler · seed 53448 · arena #67 · hydra 0W 32K dom 10.0 | angler 1W 44K dom 28.0
2026-06-12T05:44:44.277Z [league] hydra vs disciple · seed 53449 · arena #88 · hydra 1W 36K dom 35.5 | disciple 0W 0K dom -18.5
2026-06-12T05:44:58.142Z [league] hydra vs prodigy · seed 53450 · arena #0 · hydra 1W 53K dom 49.0 | prodigy 0W 8K dom -19.5
2026-06-12T05:45:54.019Z [league] hydra vs buttstein · seed 53451 · arena #5 · hydra 1W 39K dom 39.0 | buttstein 0W 0K dom -20.5
2026-06-12T05:46:23.662Z [league] shrike vs cuadrilla · seed 53452 · arena #11 · shrike 0W 23K dom 8.5 | cuadrilla 1W 29K dom 17.5
2026-06-12T05:46:36.173Z [league] shrike vs orca · seed 53453 · arena #19 · shrike 0W 36K dom 18.0 | orca 0W 36K dom 18.0
2026-06-12T05:46:45.276Z [league] shrike vs neural · seed 53454 · arena #23 · shrike 1W 46K dom 42.0 | neural 0W 8K dom -15.0
2026-06-12T05:47:04.663Z [league] shrike vs angler · seed 53455 · arena #31 · shrike 0W 31K dom 10.0 | angler 1W 42K dom 26.5
2026-06-12T05:47:38.666Z [league] shrike vs disciple · seed 53456 · arena #41 · shrike 1W 49K dom 47.5 | disciple 0W 3K dom -21.5
2026-06-12T05:48:14.738Z [league] shrike vs prodigy · seed 53457 · arena #53 · shrike 1W 47K dom 45.0 | prodigy 0W 4K dom -19.5
2026-06-12T05:48:37.953Z [league] shrike vs buttstein · seed 53458 · arena #67 · shrike 1W 47K dom 45.5 | buttstein 0W 3K dom -20.5
2026-06-12T05:49:07.489Z [league] cuadrilla vs orca · seed 53459 · arena #88 · cuadrilla 1W 31K dom 20.0 | orca 0W 22K dom 6.0
2026-06-12T05:49:31.632Z [league] cuadrilla vs neural · seed 53460 · arena #0 · cuadrilla 1W 24K dom 21.5 | neural 0W 5K dom -7.0
2026-06-12T05:50:04.233Z [league] cuadrilla vs angler · seed 53461 · arena #5 · cuadrilla 0W 34K dom 11.5 | angler 1W 45K dom 27.5
2026-06-12T05:50:32.302Z [league] cuadrilla vs disciple · seed 53462 · arena #11 · cuadrilla 1W 46K dom 43.5 | disciple 0W 5K dom -18.0
2026-06-12T05:51:14.959Z [league] cuadrilla vs prodigy · seed 53463 · arena #19 · cuadrilla 1W 54K dom 51.0 | prodigy 0W 6K dom -21.0
2026-06-12T05:51:33.368Z [league] cuadrilla vs buttstein · seed 53464 · arena #23 · cuadrilla 1W 38K dom 37.0 | buttstein 0W 2K dom -18.0
2026-06-12T05:51:57.758Z [league] orca vs neural · seed 53465 · arena #31 · orca 1W 42K dom 38.5 | neural 0W 7K dom -14.0
2026-06-12T05:52:29.842Z [league] orca vs angler · seed 53466 · arena #41 · orca 0W 32K dom 13.5 | angler 1W 37K dom 21.0
2026-06-12T05:52:55.609Z [league] orca vs disciple · seed 53467 · arena #53 · orca 1W 50K dom 48.5 | disciple 0W 3K dom -22.0
2026-06-12T05:53:36.119Z [league] orca vs prodigy · seed 53468 · arena #67 · orca 1W 43K dom 40.5 | prodigy 0W 2K dom -19.5
2026-06-12T05:54:00.477Z [league] orca vs buttstein · seed 53469 · arena #88 · orca 1W 45K dom 43.5 | buttstein 0W 1K dom -22.0
2026-06-12T05:54:29.143Z [league] neural vs angler · seed 53470 · arena #0 · neural 0W 8K dom -8.0 | angler 1W 31K dom 27.0
2026-06-12T05:54:49.507Z [league] neural vs disciple · seed 53471 · arena #5 · neural 1W 3K dom 2.5 | disciple 0W 0K dom -1.5
2026-06-12T05:55:30.198Z [league] neural vs prodigy · seed 53472 · arena #11 · neural 1W 8K dom 6.5 | prodigy 0W 2K dom -2.0
2026-06-12T05:55:48.493Z [league] neural vs buttstein · seed 53473 · arena #19 · neural 1W 9K dom 5.0 | buttstein 0W 7K dom 2.0
2026-06-12T05:56:26.802Z [league] angler vs disciple · seed 53474 · arena #23 · angler 1W 55K dom 53.5 | disciple 0W 3K dom -24.5
2026-06-12T05:57:00.781Z [league] angler vs prodigy · seed 53475 · arena #31 · angler 1W 39K dom 38.5 | prodigy 0W 1K dom -18.5
2026-06-12T05:57:28.560Z [league] angler vs buttstein · seed 53476 · arena #41 · angler 1W 44K dom 43.5 | buttstein 0W 1K dom -21.0
2026-06-12T05:57:58.036Z [league] disciple vs prodigy · seed 53477 · arena #53 · disciple 0W 2K dom 0.5 | prodigy 1W 3K dom 2.0
2026-06-12T05:58:28.771Z [league] disciple vs buttstein · seed 53478 · arena #67 · disciple 1W 4K dom 3.5 | buttstein 0W 1K dom -1.0
2026-06-12T05:59:04.009Z [league] prodigy vs buttstein · seed 53479 · arena #88 · prodigy 1W 5K dom 4.5 | buttstein 0W 1K dom -3.0
2026-06-12T05:59:24.064Z [league] new round-robin pass: 17 engines, 136 pairings
2026-06-12T05:59:37.820Z [league] datasets/ at 49.37 GB — OVER WARN THRESHOLD, consider archiving
2026-06-12T05:59:50.841Z [league] classic vs pilot · seed 53480 · arena #0 · classic 0W 19K dom -3.5 | pilot 1W 45K dom 34.5
2026-06-12T05:59:53.040Z [league] classic vs reaper · seed 53481 · arena #5 · classic 0W 23K dom 2.0 | reaper 1W 42K dom 30.0
2026-06-12T06:00:27.512Z [league] classic vs matador · seed 53482 · arena #11 · classic 0W 18K dom -7.0 | matador 1W 50K dom 40.0
2026-06-12T06:00:55.844Z [league] classic vs kestrel · seed 53483 · arena #19 · classic 0W 17K dom -8.0 | kestrel 1W 50K dom 41.5
2026-06-12T06:01:20.596Z [league] classic vs wolf · seed 53484 · arena #23 · classic 0W 16K dom -10.0 | wolf 1W 52K dom 44.0
2026-06-12T06:02:01.123Z [league] classic vs plover · seed 53485 · arena #31 · classic 0W 16K dom -2.5 | plover 1W 36K dom 28.0
2026-06-12T06:02:18.121Z [league] classic vs hydra · seed 53486 · arena #41 · classic 0W 25K dom 2.5 | hydra 1W 45K dom 32.5
2026-06-12T06:02:54.196Z [league] classic vs shrike · seed 53487 · arena #53 · classic 0W 18K dom -8.0 | shrike 1W 52K dom 43.0
2026-06-12T06:03:19.908Z [league] classic vs cuadrilla · seed 53488 · arena #67 · classic 0W 11K dom -7.0 | cuadrilla 1W 36K dom 30.5
2026-06-12T06:03:59.015Z [league] classic vs orca · seed 53489 · arena #88 · classic 0W 18K dom -2.5 | orca 1W 41K dom 32.0
2026-06-12T06:04:18.223Z [league] classic vs neural · seed 53490 · arena #0 · classic 1W 22K dom 15.5 | neural 0W 13K dom 1.5
2026-06-12T06:04:56.976Z [league] classic vs angler · seed 53491 · arena #5 · classic 0W 16K dom -12.0 | angler 1W 56K dom 47.5
2026-06-12T06:05:18.461Z [league] classic vs disciple · seed 53492 · arena #11 · classic 1W 30K dom 26.5 | disciple 0W 6K dom -9.0
2026-06-12T06:05:48.780Z [league] classic vs prodigy · seed 53493 · arena #19 · classic 1W 25K dom 21.0 | prodigy 0W 6K dom -9.0
2026-06-12T06:06:19.484Z [league] classic vs buttstein · seed 53494 · arena #23 · classic 1W 23K dom 21.5 | buttstein 0W 3K dom -10.0
2026-06-12T06:06:48.967Z [league] classic vs mojojojo · seed 53495 · arena #31 · classic 1W 33K dom 29.5 | mojojojo 0W 7K dom -10.5
2026-06-12T06:07:21.715Z [league] pilot vs reaper · seed 53496 · arena #41 · pilot 1W 28K dom 14.5 | reaper 0W 26K dom 12.0
2026-06-12T06:08:02.116Z [league] pilot vs matador · seed 53497 · arena #53 · pilot 0W 34K dom 10.5 | matador 1W 47K dom 30.0
2026-06-12T06:08:26.729Z [league] pilot vs kestrel · seed 53498 · arena #67 · pilot 0W 32K dom 15.0 | kestrel 1W 34K dom 18.0
2026-06-12T06:08:47.996Z [league] pilot vs wolf · seed 53499 · arena #88 · pilot 0W 33K dom 10.0 | wolf 1W 46K dom 29.5
2026-06-12T06:09:20.265Z [league] pilot vs plover · seed 53500 · arena #0 · pilot 0W 32K dom 14.0 | plover 1W 36K dom 20.0
2026-06-12T06:09:48.608Z [league] pilot vs hydra · seed 53501 · arena #5 · pilot 0W 25K dom 8.0 | hydra 1W 33K dom 20.5
2026-06-12T06:10:21.486Z [league] pilot vs shrike · seed 53502 · arena #11 · pilot 0W 29K dom 8.0 | shrike 1W 41K dom 26.0
2026-06-12T06:10:55.220Z [league] pilot vs cuadrilla · seed 53503 · arena #19 · pilot 0W 24K dom 2.5 | cuadrilla 1W 43K dom 31.0
2026-06-12T06:11:22.233Z [league] pilot vs orca · seed 53504 · arena #23 · pilot 0W 31K dom 10.5 | orca 1W 41K dom 25.5
2026-06-12T06:11:47.296Z [league] pilot vs neural · seed 53505 · arena #31 · pilot 1W 20K dom 16.0 | neural 0W 6K dom -4.5
2026-06-12T06:12:46.110Z [league] pilot vs angler · seed 53506 · arena #41 · pilot 0W 26K dom 6.5 | angler 1W 39K dom 26.0
2026-06-12T06:13:34.522Z [league] pilot vs disciple · seed 53507 · arena #53 · pilot 1W 41K dom 39.5 | disciple 0W 3K dom -18.0
2026-06-12T06:14:00.993Z [league] pilot vs prodigy · seed 53508 · arena #67 · pilot 1W 41K dom 37.0 | prodigy 0W 7K dom -13.5
2026-06-12T06:14:26.730Z [league] pilot vs buttstein · seed 53509 · arena #88 · pilot 1W 36K dom 35.0 | buttstein 0W 1K dom -17.0
2026-06-12T06:14:59.955Z [league] pilot vs mojojojo · seed 53510 · arena #0 · pilot 1W 36K dom 34.0 | mojojojo 0W 4K dom -14.0
2026-06-12T06:15:28.090Z [league] reaper vs matador · seed 53511 · arena #5 · reaper 0W 34K dom 14.0 | matador 1W 40K dom 23.0
2026-06-12T06:15:57.013Z [league] reaper vs kestrel · seed 53512 · arena #11 · reaper 0W 28K dom 10.5 | kestrel 1W 34K dom 20.0
2026-06-12T06:16:16.088Z [league] reaper vs wolf · seed 53513 · arena #19 · reaper 0W 29K dom 10.0 | wolf 1W 37K dom 22.5
2026-06-12T06:16:18.009Z [league] reaper vs plover · seed 53514 · arena #23 · reaper 0W 27K dom 11.0 | plover 1W 32K dom 18.5
2026-06-12T06:16:47.499Z [league] reaper vs hydra · seed 53515 · arena #31 · reaper 0W 29K dom 7.5 | hydra 1W 43K dom 28.5
2026-06-12T06:17:49.923Z [league] reaper vs shrike · seed 53516 · arena #41 · reaper 0W 33K dom 11.5 | shrike 1W 43K dom 26.5
2026-06-12T06:18:06.861Z [league] reaper vs cuadrilla · seed 53517 · arena #53 · reaper 0W 25K dom 7.0 | cuadrilla 1W 36K dom 23.5
2026-06-12T06:18:58.677Z [league] reaper vs orca · seed 53518 · arena #67 · reaper 0W 21K dom 3.5 | orca 1W 35K dom 24.5
2026-06-12T06:19:13.570Z [league] reaper vs neural · seed 53519 · arena #88 · reaper 1W 31K dom 25.0 | neural 0W 11K dom -4.5
2026-06-12T06:19:40.687Z [league] reaper vs angler · seed 53520 · arena #0 · reaper 0W 24K dom 2.0 | angler 1W 44K dom 32.0
2026-06-12T06:20:01.260Z [league] reaper vs disciple · seed 53521 · arena #5 · reaper 1W 28K dom 27.0 | disciple 0W 2K dom -12.0
2026-06-12T06:20:32.539Z [league] reaper vs prodigy · seed 53522 · arena #11 · reaper 1W 35K dom 31.0 | prodigy 0W 8K dom -9.5
2026-06-12T06:21:04.828Z [league] reaper vs buttstein · seed 53523 · arena #19 · reaper 1W 36K dom 35.5 | buttstein 0W 1K dom -17.5
2026-06-12T06:21:37.909Z [league] reaper vs mojojojo · seed 53524 · arena #23 · reaper 1W 26K dom 24.0 | mojojojo 0W 2K dom -13.0
2026-06-12T06:22:07.377Z [league] matador vs kestrel · seed 53525 · arena #31 · matador 1W 42K dom 26.0 | kestrel 0W 32K dom 10.5
2026-06-12T06:22:43.339Z [league] matador vs wolf · seed 53526 · arena #41 · matador 0W 42K dom 21.0 | wolf 0W 42K dom 21.0
2026-06-12T06:23:11.351Z [league] matador vs plover · seed 53527 · arena #53 · matador 1W 39K dom 21.0 | plover 0W 35K dom 15.5
2026-06-12T06:23:19.329Z [league] matador vs hydra · seed 53528 · arena #67 · matador 1W 42K dom 24.5 | hydra 0W 35K dom 14.0
2026-06-12T06:24:17.836Z [league] matador vs shrike · seed 53529 · arena #88 · matador 0W 33K dom 15.0 | shrike 1W 35K dom 18.0
2026-06-12T06:24:40.244Z [league] matador vs cuadrilla · seed 53530 · arena #0 · matador 0W 40K dom 20.0 | cuadrilla 0W 40K dom 20.0
2026-06-12T06:24:49.011Z [league] matador vs orca · seed 53531 · arena #5 · matador 0W 30K dom 14.0 | orca 1W 30K dom 14.5
2026-06-12T06:25:57.460Z [league] matador vs neural · seed 53532 · arena #11 · matador 1W 22K dom 20.5 | neural 0W 3K dom -8.0
2026-06-12T06:26:13.212Z [league] matador vs angler · seed 53533 · arena #19 · matador 0W 37K dom 13.0 | angler 1W 48K dom 29.5
2026-06-12T06:26:16.737Z [league] pairing matador vs disciple FAILED (continuing): Command failed: pnpm arena --teams matador vs disciple --matches 1 --round 120 --seed 53534 --arena 23
2026-06-12T06:26:16.737Z [league] state write failed (continuing): ENOSPC: no space left on device, open '/Users/robertgrayson/code/soldat_remastered/soldat/arena-live/league-state.json'
2026-06-12T06:27:05.755Z [league] matador vs prodigy · seed 53535 · arena #31 · matador 1W 55K dom 52.0 | prodigy 0W 5K dom -22.5
2026-06-12T06:27:51.330Z [league] matador vs buttstein · seed 53536 · arena #41 · matador 1W 49K dom 47.5 | buttstein 0W 2K dom -22.5
2026-06-12T06:28:11.931Z [league] matador vs mojojojo · seed 53537 · arena #53 · matador 1W 45K dom 44.0 | mojojojo 0W 2K dom -20.5
2026-06-12T06:28:35.645Z [league] kestrel vs wolf · seed 53538 · arena #67 · kestrel 0W 36K dom 14.0 | wolf 1W 44K dom 26.0
2026-06-12T06:29:09.561Z [league] kestrel vs plover · seed 53539 · arena #88 · kestrel 1W 33K dom 19.5 | plover 0W 26K dom 9.0
2026-06-12T06:29:39.317Z [league] kestrel vs hydra · seed 53540 · arena #0 · kestrel 0W 24K dom 10.0 | hydra 1W 27K dom 15.0
2026-06-12T06:30:11.327Z [league] kestrel vs shrike · seed 53541 · arena #5 · kestrel 0W 37K dom 18.0 | shrike 1W 38K dom 19.5
2026-06-12T06:30:38.423Z [league] kestrel vs cuadrilla · seed 53542 · arena #11 · kestrel 0W 33K dom 15.0 | cuadrilla 1W 35K dom 18.5
2026-06-12T06:31:03.257Z [league] kestrel vs orca · seed 53543 · arena #19 · kestrel 1W 37K dom 21.0 | orca 0W 32K dom 13.5
2026-06-12T06:31:18.468Z [league] kestrel vs neural · seed 53544 · arena #23 · kestrel 1W 41K dom 36.5 | neural 0W 9K dom -12.0
2026-06-12T06:31:56.126Z [league] kestrel vs angler · seed 53545 · arena #31 · kestrel 0W 31K dom 3.5 | angler 1W 55K dom 39.5
2026-06-12T06:32:18.360Z [league] kestrel vs disciple · seed 53546 · arena #41 · kestrel 1W 53K dom 50.5 | disciple 0W 5K dom -21.5
2026-06-12T06:32:56.535Z [league] kestrel vs prodigy · seed 53547 · arena #53 · kestrel 1W 43K dom 40.0 | prodigy 0W 6K dom -15.5
2026-06-12T06:33:20.787Z [league] kestrel vs buttstein · seed 53548 · arena #67 · kestrel 1W 44K dom 43.0 | buttstein 0W 1K dom -21.5
2026-06-12T06:33:51.892Z [league] kestrel vs mojojojo · seed 53549 · arena #88 · kestrel 1W 47K dom 44.0 | mojojojo 0W 6K dom -18.0
2026-06-12T06:34:18.137Z [league] wolf vs plover · seed 53550 · arena #0 · wolf 1W 29K dom 16.5 | plover 0W 25K dom 10.5
2026-06-12T06:34:47.792Z [league] wolf vs hydra · seed 53551 · arena #5 · wolf 1W 40K dom 22.0 | hydra 0W 36K dom 16.0
2026-06-12T06:35:18.012Z [league] wolf vs shrike · seed 53552 · arena #11 · wolf 0W 35K dom 14.0 | shrike 1W 42K dom 24.5
2026-06-12T06:35:48.499Z [league] wolf vs cuadrilla · seed 53553 · arena #19 · wolf 1W 40K dom 20.0 | cuadrilla 0W 39K dom 19.0
2026-06-12T06:36:17.884Z [league] wolf vs orca · seed 53554 · arena #23 · wolf 0W 39K dom 19.5 | orca 0W 39K dom 19.5
2026-06-12T06:36:47.597Z [league] wolf vs neural · seed 53555 · arena #31 · wolf 1W 27K dom 23.5 | neural 0W 5K dom -9.0
2026-06-12T06:37:18.384Z [league] wolf vs angler · seed 53556 · arena #41 · wolf 0W 31K dom 12.0 | angler 1W 38K dom 22.5
2026-06-12T06:37:48.218Z [league] wolf vs disciple · seed 53557 · arena #53 · wolf 1W 44K dom 42.5 | disciple 0W 1K dom -21.0
2026-06-12T06:38:27.080Z [league] wolf vs prodigy · seed 53558 · arena #67 · wolf 1W 36K dom 35.0 | prodigy 0W 1K dom -17.0
2026-06-12T06:38:47.813Z [league] wolf vs buttstein · seed 53559 · arena #88 · wolf 1W 51K dom 50.0 | buttstein 0W 0K dom -25.5
2026-06-12T06:39:18.797Z [league] wolf vs mojojojo · seed 53560 · arena #0 · wolf 1W 33K dom 31.5 | mojojojo 0W 3K dom -13.5
2026-06-12T06:39:48.603Z [league] plover vs hydra · seed 53561 · arena #5 · plover 0W 35K dom 16.5 | hydra 1W 37K dom 19.5
2026-06-12T06:40:18.269Z [league] plover vs shrike · seed 53562 · arena #11 · plover 0W 30K dom 8.0 | shrike 1W 43K dom 28.0
2026-06-12T06:40:49.605Z [league] plover vs cuadrilla · seed 53563 · arena #19 · plover 0W 30K dom 12.0 | cuadrilla 1W 36K dom 21.0
2026-06-12T06:41:19.609Z [league] plover vs orca · seed 53564 · arena #23 · plover 0W 36K dom 17.0 | orca 1W 38K dom 20.0
2026-06-12T06:41:48.448Z [league] plover vs neural · seed 53565 · arena #31 · plover 1W 30K dom 26.0 | neural 0W 7K dom -8.5
2026-06-12T06:42:20.257Z [league] plover vs angler · seed 53566 · arena #41 · plover 0W 31K dom 13.5 | angler 1W 35K dom 19.5
2026-06-12T06:42:53.117Z [league] plover vs disciple · seed 53567 · arena #53 · plover 1W 53K dom 51.5 | disciple 0W 3K dom -23.5
2026-06-12T06:43:24.467Z [league] plover vs prodigy · seed 53568 · arena #67 · plover 1W 49K dom 46.5 | prodigy 0W 5K dom -20.0
2026-06-12T06:43:49.115Z [league] plover vs buttstein · seed 53569 · arena #88 · plover 1W 39K dom 39.0 | buttstein 0W 0K dom -20.0
2026-06-12T06:44:18.957Z [league] plover vs mojojojo · seed 53570 · arena #0 · plover 1W 43K dom 43.0 | mojojojo 0W 0K dom -21.5
2026-06-12T06:44:49.883Z [league] hydra vs shrike · seed 53571 · arena #5 · hydra 0W 23K dom 6.5 | shrike 1W 32K dom 20.0
2026-06-12T06:45:18.347Z [league] hydra vs cuadrilla · seed 53572 · arena #11 · hydra 0W 28K dom 12.5 | cuadrilla 1W 30K dom 16.0
2026-06-12T06:45:48.908Z [league] hydra vs orca · seed 53573 · arena #19 · hydra 0W 33K dom 13.0 | orca 1W 40K dom 23.0
2026-06-12T06:46:20.868Z [league] hydra vs neural · seed 53574 · arena #23 · hydra 1W 31K dom 27.0 | neural 0W 7K dom -9.5
2026-06-12T06:46:52.136Z [league] hydra vs angler · seed 53575 · arena #31 · hydra 0W 36K dom 11.0 | angler 1W 50K dom 32.0
2026-06-12T06:47:23.542Z [league] hydra vs disciple · seed 53576 · arena #41 · hydra 1W 55K dom 53.0 | disciple 0W 4K dom -23.5
2026-06-12T06:47:56.920Z [league] hydra vs prodigy · seed 53577 · arena #53 · hydra 1W 44K dom 41.5 | prodigy 0W 5K dom -17.5
2026-06-12T06:48:28.819Z [league] hydra vs buttstein · seed 53578 · arena #67 · hydra 1W 40K dom 39.5 | buttstein 0W 1K dom -20.0
2026-06-12T06:48:53.352Z [league] hydra vs mojojojo · seed 53579 · arena #88 · hydra 1W 43K dom 42.5 | mojojojo 0W 1K dom -20.5
2026-06-12T06:49:27.093Z [league] shrike vs cuadrilla · seed 53580 · arena #0 · shrike 0W 31K dom 12.5 | cuadrilla 1W 37K dom 21.5
2026-06-12T06:49:52.686Z [league] shrike vs orca · seed 53581 · arena #5 · shrike 1W 39K dom 23.0 | orca 0W 32K dom 12.5
2026-06-12T06:50:25.350Z [league] shrike vs neural · seed 53582 · arena #11 · shrike 1W 25K dom 23.5 | neural 0W 3K dom -9.5
2026-06-12T06:50:51.475Z [league] shrike vs angler · seed 53583 · arena #19 · shrike 0W 35K dom 12.5 | angler 1W 45K dom 27.5
2026-06-12T06:51:21.695Z [league] shrike vs disciple · seed 53584 · arena #23 · shrike 1W 48K dom 47.0 | disciple 0W 2K dom -22.0
2026-06-12T06:51:56.420Z [league] shrike vs prodigy · seed 53585 · arena #31 · shrike 1W 42K dom 40.0 | prodigy 0W 3K dom -18.5
2026-06-12T06:52:20.613Z [league] shrike vs buttstein · seed 53586 · arena #41 · shrike 1W 46K dom 44.0 | buttstein 0W 4K dom -19.0
2026-06-12T06:52:52.151Z [league] shrike vs mojojojo · seed 53587 · arena #53 · shrike 1W 39K dom 36.5 | mojojojo 0W 3K dom -17.0
2026-06-12T06:53:21.983Z [league] cuadrilla vs orca · seed 53588 · arena #67 · cuadrilla 0W 38K dom 19.0 | orca 0W 38K dom 19.0
2026-06-12T06:53:51.092Z [league] cuadrilla vs neural · seed 53589 · arena #88 · cuadrilla 1W 22K dom 18.0 | neural 0W 7K dom -4.5
2026-06-12T06:54:20.648Z [league] cuadrilla vs angler · seed 53590 · arena #0 · cuadrilla 0W 29K dom 13.0 | angler 1W 32K dom 17.5
2026-06-12T06:54:49.225Z [league] cuadrilla vs disciple · seed 53591 · arena #5 · cuadrilla 1W 37K dom 34.5 | disciple 0W 5K dom -13.5
2026-06-12T06:55:22.472Z [league] cuadrilla vs prodigy · seed 53592 · arena #11 · cuadrilla 1W 29K dom 28.0 | prodigy 0W 1K dom -13.5
2026-06-12T06:55:51.729Z [league] cuadrilla vs buttstein · seed 53593 · arena #19 · cuadrilla 1W 39K dom 38.5 | buttstein 0W 1K dom -20.0
2026-06-12T06:56:22.045Z [league] cuadrilla vs mojojojo · seed 53594 · arena #23 · cuadrilla 1W 40K dom 38.0 | mojojojo 0W 3K dom -17.5
2026-06-12T06:56:51.379Z [league] orca vs neural · seed 53595 · arena #31 · orca 1W 42K dom 37.5 | neural 0W 9K dom -12.0
2026-06-12T06:57:21.817Z [league] orca vs angler · seed 53596 · arena #41 · orca 0W 36K dom 14.5 | angler 1W 43K dom 25.0
2026-06-12T06:57:51.915Z [league] orca vs disciple · seed 53597 · arena #53 · orca 1W 49K dom 48.5 | disciple 0W 1K dom -23.5
2026-06-12T06:58:27.880Z [league] orca vs prodigy · seed 53598 · arena #67 · orca 1W 44K dom 42.5 | prodigy 0W 3K dom -19.5
2026-06-12T07:05:15.402Z [league] orca vs mojojojo · seed 53600 · arena #0 · done
2026-06-12T07:05:15.414Z [league] orca vs buttstein · seed 53599 · arena #88 · done
2026-06-12T07:05:46.246Z [league] neural vs angler · seed 53601 · arena #5 · neural 0W 6K dom -14.0 | angler 1W 40K dom 37.0
2026-06-12T07:24:43.176Z [league] neural vs disciple · seed 53602 · arena #11 · done
2026-06-12T07:25:18.804Z [league] neural vs prodigy · seed 53603 · arena #19 · neural 1W 4K dom 2.0 | prodigy 0W 3K dom 0.5
2026-06-12T07:35:19.463Z [league] neural vs buttstein · seed 53604 · arena #23 · done
2026-06-12T07:36:03.498Z [league] neural vs mojojojo · seed 53605 · arena #31 · neural 1W 4K dom 2.0 | mojojojo 0W 3K dom 0.5
2026-06-12T09:00:42.707Z [league] angler vs disciple · seed 53606 · arena #41 · done
2026-06-12T10:01:35.093Z [league] angler vs prodigy · seed 53607 · arena #53 · angler 1W 44K dom 42.0 | prodigy 0W 4K dom -18.5
2026-06-12T10:01:35.118Z [league] angler vs buttstein · seed 53608 · arena #67 · done
2026-06-12T10:01:57.173Z [league] angler vs mojojojo · seed 53609 · arena #88 · angler 1W 49K dom 46.0 | mojojojo 0W 6K dom -18.5
2026-06-12T10:13:52.453Z [league] disciple vs prodigy · seed 53610 · arena #0 · done
2026-06-12T10:14:20.003Z [league] disciple vs buttstein · seed 53611 · arena #5 · disciple 1W 3K dom 2.5 | buttstein 0W 1K dom -1.5
2026-06-12T11:02:44.220Z [league] disciple vs mojojojo · seed 53612 · arena #11 · done
2026-06-12T11:40:00.035Z [league] prodigy vs buttstein · seed 53613 · arena #19 · done
2026-06-12T11:40:00.035Z [league] prodigy vs mojojojo · seed 53614 · arena #23 · done
2026-06-12T11:40:38.019Z [league] buttstein vs mojojojo · seed 53615 · arena #31 · buttstein 0W 2K dom -0.5 | mojojojo 1W 3K dom 2.0
2026-06-12T11:55:50.476Z [league] new round-robin pass: 17 engines, 136 pairings
2026-06-12T11:56:26.156Z [league] datasets/ at 52.03 GB — OVER WARN THRESHOLD, consider archiving
2026-06-12T11:56:26.224Z [league] new round-robin pass: 17 engines, 136 pairings
2026-06-12T12:03:38.616Z [league] datasets/ at 52.03 GB — OVER WARN THRESHOLD, consider archiving
2026-06-12T12:03:38.715Z [league] classic vs reaper · seed 53617 · arena #53 · done
2026-06-12T12:03:38.722Z [league] classic vs pilot · seed 53616 · arena #41 · done
2026-06-12T12:16:31.948Z [league] classic vs reaper · seed 53619 · arena #88 · done
2026-06-12T12:16:31.974Z [league] classic vs pilot · seed 53618 · arena #67 · classic 0W 23K dom 5.0 | pilot 1W 35K dom 23.0
2026-06-12T12:16:31.974Z [league] classic vs matador · seed 53620 · arena #0 · done
2026-06-12T12:16:57.209Z [league] classic vs kestrel · seed 53621 · arena #5 · classic 0W 20K dom -5.0 | kestrel 1W 50K dom 40.0
2026-06-12T12:50:09.425Z [league] classic vs wolf · seed 53622 · arena #11 · done
2026-06-12T12:50:39.117Z [league] classic vs plover · seed 53623 · arena #19 · classic 0W 20K dom -0.5 | plover 1W 41K dom 31.0
2026-06-12T12:51:29.296Z [league] classic vs hydra · seed 53624 · arena #23 · classic 0W 18K dom -7.0 | hydra 1W 50K dom 41.0
2026-06-12T12:51:53.139Z [league] classic vs shrike · seed 53625 · arena #31 · classic 0W 15K dom -6.5 | shrike 1W 43K dom 35.5
2026-06-12T12:53:01.829Z [league] classic vs cuadrilla · seed 53626 · arena #41 · classic 0W 14K dom -9.5 | cuadrilla 1W 46K dom 39.0
2026-06-12T12:54:32.544Z [league] classic vs orca · seed 53627 · arena #53 · classic 0W 17K dom -7.5 | orca 1W 48K dom 39.5
2026-06-12T12:54:33.923Z [league] classic vs neural · seed 53628 · arena #67 · classic 1W 11K dom 8.0 | neural 0W 6K dom -1.0
2026-06-12T12:54:50.750Z [league] classic vs angler · seed 53629 · arena #88 · classic 0W 20K dom -7.0 | angler 1W 54K dom 44.0
2026-06-12T12:56:10.805Z [league] classic vs disciple · seed 53630 · arena #0 · classic 1W 25K dom 21.0 | disciple 0W 8K dom -4.5
2026-06-12T12:58:23.309Z [league] classic vs prodigy · seed 53631 · arena #5 · classic 1W 31K dom 27.5 | prodigy 0W 7K dom -9.0
2026-06-12T12:58:23.342Z [league] classic vs buttstein · seed 53632 · arena #11 · classic 1W 23K dom 21.0 | buttstein 0W 4K dom -9.0
2026-06-12T13:01:48.854Z [league] pairing classic vs mojojojo FAILED (continuing): Command failed: pnpm arena --teams classic vs mojojojo --matches 1 --round 120 --seed 53633 --arena 19
2026-06-12T13:01:48.959Z [league] pilot vs reaper · seed 53634 · arena #23 · done
2026-06-12T13:02:18.488Z [league] pilot vs matador · seed 53635 · arena #31 · pilot 0W 28K dom 6.5 | matador 1W 42K dom 28.0
2026-06-12T13:05:06.867Z [league] pilot vs kestrel · seed 53636 · arena #41 · pilot 0W 24K dom 9.0 | kestrel 1W 30K dom 18.0
2026-06-12T13:29:29.198Z [league] pilot vs wolf · seed 53637 · arena #53 · done
2026-06-12T13:29:29.218Z [league] pilot vs plover · seed 53638 · arena #67 · done
2026-06-12T13:29:57.838Z [league] pilot vs hydra · seed 53639 · arena #88 · pilot 0W 32K dom 10.5 | hydra 1W 43K dom 27.0
2026-06-12T13:31:08.924Z [league] pilot vs shrike · seed 53640 · arena #0 · pilot 0W 30K dom 8.5 | shrike 1W 43K dom 28.0
2026-06-12T13:31:18.416Z [league] pilot vs cuadrilla · seed 53641 · arena #5 · pilot 0W 28K dom 6.5 | cuadrilla 1W 41K dom 27.0
2026-06-12T13:31:42.165Z [league] pilot vs orca · seed 53642 · arena #11 · pilot 0W 28K dom 6.0 | orca 1W 43K dom 29.0
2026-06-12T13:32:18.958Z [league] pilot vs neural · seed 53643 · arena #19 · pilot 1W 27K dom 23.5 | neural 0W 5K dom -9.5
2026-06-12T13:32:48.804Z [league] pilot vs angler · seed 53644 · arena #23 · pilot 0W 26K dom 5.5 | angler 1W 41K dom 28.0
2026-06-12T13:33:17.879Z [league] pilot vs disciple · seed 53645 · arena #31 · pilot 1W 46K dom 42.5 | disciple 0W 6K dom -17.0
2026-06-12T13:33:48.097Z [league] pilot vs prodigy · seed 53646 · arena #41 · pilot 1W 42K dom 37.5 | prodigy 0W 9K dom -12.0
2026-06-12T13:34:19.621Z [league] pilot vs buttstein · seed 53647 · arena #53 · pilot 1W 36K dom 35.0 | buttstein 0W 2K dom -16.0
2026-06-12T13:34:49.023Z [league] pilot vs mojojojo · seed 53648 · arena #67 · pilot 1W 31K dom 29.0 | mojojojo 0W 3K dom -13.0
2026-06-12T13:35:17.968Z [league] reaper vs matador · seed 53649 · arena #88 · reaper 0W 28K dom 6.5 | matador 1W 43K dom 29.0
2026-06-12T13:35:48.789Z [league] reaper vs kestrel · seed 53650 · arena #0 · reaper 0W 30K dom 11.0 | kestrel 1W 38K dom 23.0
2026-06-12T13:36:17.736Z [league] reaper vs wolf · seed 53651 · arena #5 · reaper 0W 24K dom 4.5 | wolf 1W 39K dom 27.0
2026-06-12T13:36:49.307Z [league] reaper vs plover · seed 53652 · arena #11 · reaper 0W 22K dom 3.5 | plover 1W 36K dom 25.0
2026-06-12T13:37:19.887Z [league] reaper vs hydra · seed 53653 · arena #19 · reaper 0W 24K dom 3.0 | hydra 1W 40K dom 28.0
2026-06-12T13:37:49.818Z [league] reaper vs shrike · seed 53654 · arena #23 · reaper 0W 22K dom 4.5 | shrike 1W 35K dom 24.0
2026-06-12T13:38:19.373Z [league] reaper vs cuadrilla · seed 53655 · arena #31 · reaper 0W 21K dom 3.0 | cuadrilla 1W 36K dom 25.5
2026-06-12T13:38:50.328Z [league] reaper vs orca · seed 53656 · arena #41 · reaper 0W 23K dom 7.0 | orca 1W 32K dom 20.5
2026-06-12T13:39:20.236Z [league] reaper vs neural · seed 53657 · arena #53 · reaper 1W 27K dom 21.0 | neural 0W 10K dom -3.5
2026-06-12T13:39:49.088Z [league] reaper vs angler · seed 53658 · arena #67 · reaper 0W 27K dom 3.0 | angler 1W 48K dom 34.5
2026-06-12T13:40:19.500Z [league] reaper vs disciple · seed 53659 · arena #88 · reaper 1W 29K dom 26.5 | disciple 0W 4K dom -10.5
2026-06-12T13:40:53.353Z [league] pairing reaper vs prodigy FAILED (continuing): Command failed: pnpm arena --teams reaper vs prodigy --matches 1 --round 120 --seed 53660 --arena 0
2026-06-12T13:41:07.006Z [league] pairing reaper vs buttstein FAILED (continuing): Command failed: pnpm arena --teams reaper vs buttstein --matches 1 --round 120 --seed 53661 --arena 5
2026-06-12T13:41:07.164Z [league] state write failed (continuing): ENOSPC: no space left on device, open '/Users/robertgrayson/code/soldat_remastered/soldat/arena-live/league-state.json'
2026-06-12T13:41:53.019Z [league] reaper vs mojojojo · seed 53662 · arena #11 · reaper 1W 17K dom 15.5 | mojojojo 0W 2K dom -6.5
2026-06-12T13:42:19.464Z [league] matador vs kestrel · seed 53663 · arena #19 · matador 1W 43K dom 30.0 | kestrel 0W 24K dom 2.5
2026-06-12T13:42:47.026Z [league] matador vs wolf · seed 53664 · arena #23 · matador 0W 29K dom 6.5 | wolf 1W 45K dom 30.5
2026-06-12T13:43:09.706Z [league] matador vs plover · seed 53665 · arena #31 · matador 1W 41K dom 24.0 | plover 0W 33K dom 12.5
2026-06-12T13:43:37.967Z [league] matador vs hydra · seed 53666 · arena #41 · matador 1W 37K dom 19.0 | hydra 0W 36K dom 17.5
2026-06-12T13:44:08.186Z [league] matador vs shrike · seed 53667 · arena #53 · matador 1W 40K dom 21.5 | shrike 0W 37K dom 17.0
2026-06-12T13:44:37.572Z [league] matador vs cuadrilla · seed 53668 · arena #67 · matador 1W 43K dom 23.5 | cuadrilla 0W 38K dom 16.5
2026-06-12T13:45:09.415Z [league] matador vs orca · seed 53669 · arena #88 · matador 1W 39K dom 21.0 | orca 0W 34K dom 14.0
2026-06-12T13:45:35.391Z [league] matador vs neural · seed 53670 · arena #0 · matador 1W 39K dom 35.0 | neural 0W 8K dom -12.0
2026-06-12T13:46:08.137Z [league] matador vs angler · seed 53671 · arena #5 · matador 0W 36K dom 14.5 | angler 1W 43K dom 25.0
2026-06-12T13:46:37.619Z [league] matador vs disciple · seed 53672 · arena #11 · matador 1W 49K dom 47.0 | disciple 0W 4K dom -20.5
2026-06-12T13:47:08.295Z [league] matador vs prodigy · seed 53673 · arena #19 · matador 1W 53K dom 49.0 | prodigy 0W 6K dom -20.5
2026-06-12T13:47:38.325Z [league] matador vs buttstein · seed 53674 · arena #23 · matador 1W 54K dom 52.0 | buttstein 0W 3K dom -24.0
2026-06-12T13:48:06.216Z [league] matador vs mojojojo · seed 53675 · arena #31 · matador 1W 43K dom 39.5 | mojojojo 0W 4K dom -18.0
2026-06-12T13:48:37.883Z [league] kestrel vs wolf · seed 53676 · arena #41 · kestrel 0W 34K dom 11.5 | wolf 1W 45K dom 28.0
2026-06-12T13:49:07.804Z [league] kestrel vs plover · seed 53677 · arena #53 · kestrel 0W 23K dom 8.0 | plover 1W 29K dom 17.0
2026-06-12T13:49:38.565Z [league] kestrel vs hydra · seed 53678 · arena #67 · kestrel 1W 31K dom 17.5 | hydra 0W 27K dom 11.5
2026-06-12T13:50:07.760Z [league] kestrel vs shrike · seed 53679 · arena #88 · kestrel 0W 32K dom 10.5 | shrike 1W 43K dom 27.0
2026-06-12T13:50:38.248Z [league] kestrel vs cuadrilla · seed 53680 · arena #0 · kestrel 0W 8K dom -1.0 | cuadrilla 1W 18K dom 14.0
2026-06-12T13:51:08.070Z [league] kestrel vs orca · seed 53681 · arena #5 · kestrel 0W 30K dom 11.5 | orca 1W 37K dom 21.5
2026-06-12T13:51:37.559Z [league] kestrel vs neural · seed 53682 · arena #11 · kestrel 1W 30K dom 27.5 | neural 0W 5K dom -10.5
2026-06-12T13:52:07.507Z [league] kestrel vs angler · seed 53683 · arena #19 · kestrel 0W 31K dom 9.5 | angler 1W 43K dom 27.5
2026-06-12T13:52:37.070Z [league] kestrel vs disciple · seed 53684 · arena #23 · kestrel 1W 44K dom 42.0 | disciple 0W 4K dom -18.0
2026-06-12T13:53:07.890Z [league] kestrel vs prodigy · seed 53685 · arena #31 · kestrel 1W 32K dom 30.0 | prodigy 0W 3K dom -13.0
2026-06-12T13:53:38.042Z [league] kestrel vs buttstein · seed 53686 · arena #41 · kestrel 1W 35K dom 34.0 | buttstein 0W 1K dom -18.5
2026-06-12T13:54:07.995Z [league] kestrel vs mojojojo · seed 53687 · arena #53 · kestrel 1W 33K dom 32.0 | mojojojo 0W 2K dom -15.0
2026-06-12T13:54:36.689Z [league] wolf vs plover · seed 53688 · arena #67 · wolf 1W 33K dom 18.0 | plover 0W 30K dom 13.5
2026-06-12T13:55:06.897Z [league] wolf vs hydra · seed 53689 · arena #88 · wolf 1W 37K dom 19.0 | hydra 0W 36K dom 17.5
2026-06-12T13:55:37.099Z [league] wolf vs shrike · seed 53690 · arena #0 · wolf 1W 37K dom 19.5 | shrike 0W 35K dom 16.5
2026-06-12T13:56:06.859Z [league] wolf vs cuadrilla · seed 53691 · arena #5 · wolf 0W 29K dom 11.5 | cuadrilla 1W 35K dom 20.5
2026-06-12T13:56:37.312Z [league] wolf vs orca · seed 53692 · arena #11 · wolf 1W 41K dom 21.5 | orca 0W 38K dom 17.5
2026-06-12T13:57:06.970Z [league] wolf vs neural · seed 53693 · arena #19 · wolf 1W 38K dom 35.5 | neural 0W 5K dom -14.0
2026-06-12T13:57:36.343Z [league] wolf vs angler · seed 53694 · arena #23 · wolf 0W 37K dom 15.0 | angler 1W 44K dom 25.5
2026-06-12T13:58:06.989Z [league] wolf vs disciple · seed 53695 · arena #31 · wolf 1W 38K dom 36.5 | disciple 0W 2K dom -17.0
2026-06-12T13:58:37.675Z [league] wolf vs prodigy · seed 53696 · arena #41 · wolf 1W 44K dom 43.0 | prodigy 0W 2K dom -20.0
2026-06-12T13:59:07.757Z [league] wolf vs buttstein · seed 53697 · arena #53 · wolf 1W 49K dom 48.5 | buttstein 0W 1K dom -23.5
2026-06-12T13:59:38.130Z [league] wolf vs mojojojo · seed 53698 · arena #67 · wolf 1W 38K dom 36.5 | mojojojo 0W 2K dom -17.0
2026-06-12T14:00:07.267Z [league] plover vs hydra · seed 53699 · arena #88 · plover 0W 29K dom 9.0 | hydra 1W 40K dom 25.0
2026-06-12T14:00:37.201Z [league] plover vs shrike · seed 53700 · arena #0 · plover 0W 30K dom 12.5 | shrike 1W 33K dom 17.5
2026-06-12T14:01:07.072Z [league] plover vs cuadrilla · seed 53701 · arena #5 · plover 0W 19K dom 4.0 | cuadrilla 1W 30K dom 20.5
2026-06-12T14:01:38.333Z [league] plover vs orca · seed 53702 · arena #11 · plover 0W 19K dom 3.0 | orca 1W 31K dom 21.5
2026-06-12T14:02:07.151Z [league] plover vs neural · seed 53703 · arena #19 · plover 1W 37K dom 34.0 | neural 0W 6K dom -13.0
2026-06-12T14:02:37.305Z [league] plover vs angler · seed 53704 · arena #23 · plover 0W 24K dom 8.5 | angler 1W 30K dom 17.5
2026-06-12T14:03:07.638Z [league] plover vs disciple · seed 53705 · arena #31 · plover 1W 43K dom 41.0 | disciple 0W 4K dom -17.5
2026-06-12T14:03:37.989Z [league] plover vs prodigy · seed 53706 · arena #41 · plover 1W 46K dom 43.5 | prodigy 0W 5K dom -18.0
2026-06-12T14:04:07.252Z [league] plover vs buttstein · seed 53707 · arena #53 · plover 1W 42K dom 40.5 | buttstein 0W 3K dom -18.5
2026-06-12T14:04:38.255Z [league] plover vs mojojojo · seed 53708 · arena #67 · plover 1W 40K dom 39.0 | mojojojo 0W 2K dom -18.5
2026-06-12T14:05:07.683Z [league] hydra vs shrike · seed 53709 · arena #88 · hydra 0W 25K dom 8.5 | shrike 1W 33K dom 20.0
2026-06-12T14:05:37.493Z [league] hydra vs cuadrilla · seed 53710 · arena #0 · hydra 0W 32K dom 11.5 | cuadrilla 1W 41K dom 25.0
2026-06-12T14:06:08.041Z [league] hydra vs orca · seed 53711 · arena #5 · hydra 0W 28K dom 11.5 | orca 1W 33K dom 19.0
2026-06-12T14:06:35.261Z [league] hydra vs neural · seed 53712 · arena #11 · hydra 1W 8K dom 8.0 | neural 0W 0K dom -4.0
2026-06-12T14:07:05.321Z [league] hydra vs angler · seed 53713 · arena #19 · hydra 0W 30K dom 7.0 | angler 1W 46K dom 31.0
2026-06-12T14:07:35.367Z [league] hydra vs disciple · seed 53714 · arena #23 · hydra 1W 54K dom 52.5 | disciple 0W 3K dom -24.0
2026-06-12T14:08:05.678Z [league] hydra vs prodigy · seed 53715 · arena #31 · hydra 1W 50K dom 47.5 | prodigy 0W 5K dom -20.0
2026-06-12T14:08:35.868Z [league] hydra vs buttstein · seed 53716 · arena #41 · hydra 1W 37K dom 37.0 | buttstein 0W 0K dom -19.0
2026-06-12T14:09:05.835Z [league] hydra vs mojojojo · seed 53717 · arena #53 · hydra 1W 37K dom 36.5 | mojojojo 0W 1K dom -18.0
2026-06-12T14:09:35.505Z [league] shrike vs cuadrilla · seed 53718 · arena #67 · shrike 0W 30K dom 12.0 | cuadrilla 1W 35K dom 20.0
2026-06-12T14:10:05.700Z [league] shrike vs orca · seed 53719 · arena #88 · shrike 1W 27K dom 14.0 | orca 0W 25K dom 11.5
2026-06-12T14:10:35.326Z [league] shrike vs neural · seed 53720 · arena #0 · shrike 1W 40K dom 37.0 | neural 0W 6K dom -15.5
2026-06-12T14:11:05.327Z [league] shrike vs angler · seed 53721 · arena #5 · shrike 0W 31K dom 9.0 | angler 1W 44K dom 28.5
2026-06-12T14:11:35.512Z [league] shrike vs disciple · seed 53722 · arena #11 · shrike 1W 41K dom 39.5 | disciple 0W 3K dom -17.5
2026-06-12T14:12:05.721Z [league] shrike vs prodigy · seed 53723 · arena #19 · shrike 1W 53K dom 52.0 | prodigy 0W 2K dom -24.5
2026-06-12T14:12:35.762Z [league] shrike vs buttstein · seed 53724 · arena #23 · shrike 1W 46K dom 44.5 | buttstein 0W 3K dom -20.5
2026-06-12T14:13:05.823Z [league] shrike vs mojojojo · seed 53725 · arena #31 · shrike 1W 42K dom 41.5 | mojojojo 0W 1K dom -20.5
2026-06-12T14:13:35.529Z [league] cuadrilla vs orca · seed 53726 · arena #41 · cuadrilla 1W 37K dom 20.5 | orca 0W 33K dom 14.5
2026-06-12T14:14:05.233Z [league] cuadrilla vs neural · seed 53727 · arena #53 · cuadrilla 1W 10K dom 9.5 | neural 0W 0K dom -5.0
2026-06-12T14:14:35.317Z [league] cuadrilla vs angler · seed 53728 · arena #67 · cuadrilla 0W 37K dom 17.5 | angler 1W 39K dom 20.5
2026-06-12T14:15:05.401Z [league] cuadrilla vs disciple · seed 53729 · arena #88 · cuadrilla 1W 21K dom 20.5 | disciple 0W 1K dom -9.5
2026-06-12T14:15:35.723Z [league] cuadrilla vs prodigy · seed 53730 · arena #0 · cuadrilla 1W 34K dom 32.5 | prodigy 0W 3K dom -14.0
2026-06-12T14:16:05.720Z [league] cuadrilla vs buttstein · seed 53731 · arena #5 · cuadrilla 1W 42K dom 40.0 | buttstein 0W 4K dom -17.0
2026-06-12T14:16:35.856Z [league] cuadrilla vs mojojojo · seed 53732 · arena #11 · cuadrilla 1W 32K dom 31.0 | mojojojo 0W 1K dom -15.0
2026-06-12T14:17:05.593Z [league] orca vs neural · seed 53733 · arena #19 · orca 1W 47K dom 43.5 | neural 0W 7K dom -16.5
2026-06-12T14:17:35.644Z [league] orca vs angler · seed 53734 · arena #23 · orca 0W 34K dom 12.5 | angler 1W 42K dom 25.0
2026-06-12T14:18:05.844Z [league] orca vs disciple · seed 53735 · arena #31 · orca 1W 31K dom 29.0 | disciple 0W 3K dom -12.5
2026-06-12T14:18:35.968Z [league] orca vs prodigy · seed 53736 · arena #41 · orca 1W 47K dom 44.0 | prodigy 0W 6K dom -18.0
2026-06-12T14:19:06.204Z [league] orca vs buttstein · seed 53737 · arena #53 · orca 1W 31K dom 31.0 | buttstein 0W 0K dom -15.5
2026-06-12T14:19:36.394Z [league] orca vs mojojojo · seed 53738 · arena #67 · orca 1W 17K dom 16.5 | mojojojo 0W 0K dom -8.5
2026-06-12T14:20:05.426Z [league] neural vs angler · seed 53739 · arena #88 · neural 0W 6K dom -15.0 | angler 1W 42K dom 38.5
2026-06-12T14:20:35.722Z [league] neural vs disciple · seed 53740 · arena #0 · neural 1W 6K dom 5.0 | disciple 0W 1K dom -2.0
2026-06-12T14:21:06.016Z [league] neural vs prodigy · seed 53741 · arena #5 · neural 1W 4K dom 3.5 | prodigy 0W 0K dom -2.0
2026-06-12T14:21:36.012Z [league] neural vs buttstein · seed 53742 · arena #11 · neural 1W 7K dom 6.0 | buttstein 0W 1K dom -2.5
2026-06-12T14:22:05.969Z [league] neural vs mojojojo · seed 53743 · arena #19 · neural 1W 4K dom 2.5 | mojojojo 0W 1K dom -2.0
2026-06-12T14:22:35.424Z [league] angler vs disciple · seed 53744 · arena #23 · angler 1W 51K dom 48.5 | disciple 0W 5K dom -20.5
2026-06-12T14:23:05.888Z [league] angler vs prodigy · seed 53745 · arena #31 · angler 1W 33K dom 31.5 | prodigy 0W 3K dom -13.5
2026-06-12T14:23:35.894Z [league] angler vs buttstein · seed 53746 · arena #41 · angler 1W 28K dom 28.0 | buttstein 0W 0K dom -14.0
2026-06-12T14:24:05.862Z [league] angler vs mojojojo · seed 53747 · arena #53 · angler 1W 42K dom 40.5 | mojojojo 0W 3K dom -18.5
2026-06-12T14:24:36.282Z [league] disciple vs prodigy · seed 53748 · arena #67 · disciple 0W 2K dom -0.5 | prodigy 1W 4K dom 3.0
2026-06-12T14:25:06.297Z [league] disciple vs buttstein · seed 53749 · arena #88 · disciple 1W 5K dom 5.0 | buttstein 0W 0K dom -3.0
2026-06-12T14:25:36.283Z [league] disciple vs mojojojo · seed 53750 · arena #0 · disciple 0W 1K dom 0.5 | mojojojo 0W 1K dom 0.5
2026-06-12T14:26:06.724Z [league] prodigy vs buttstein · seed 53751 · arena #5 · prodigy 0W 5K dom 1.5 | buttstein 1W 5K dom 2.0
2026-06-12T14:26:36.694Z [league] prodigy vs mojojojo · seed 53752 · arena #11 · prodigy 1W 5K dom 3.5 | mojojojo 0W 3K dom 0.5
2026-06-12T14:27:06.616Z [league] buttstein vs mojojojo · seed 53753 · arena #19 · buttstein 0W 0K dom -1.0 | mojojojo 1W 1K dom 1.0
2026-06-12T14:27:34.143Z [league] new round-robin pass: 17 engines, 136 pairings
2026-06-12T14:27:44.378Z [league] datasets/ at 52.63 GB — OVER WARN THRESHOLD, consider archiving
2026-06-12T14:27:46.783Z [league] classic vs pilot · seed 53754 · arena #23 · classic 0W 23K dom 0.0 | pilot 1W 45K dom 32.5
2026-06-12T14:28:05.246Z [league] classic vs reaper · seed 53755 · arena #31 · classic 0W 18K dom 1.0 | reaper 1W 34K dom 25.0
2026-06-12T14:28:35.248Z [league] classic vs matador · seed 53756 · arena #41 · classic 0W 20K dom -3.5 | matador 1W 46K dom 35.5
2026-06-12T14:29:05.222Z [league] classic vs kestrel · seed 53757 · arena #53 · classic 0W 17K dom -7.0 | kestrel 1W 48K dom 39.5
2026-06-12T14:29:35.302Z [league] classic vs wolf · seed 53758 · arena #67 · classic 0W 16K dom -8.5 | wolf 1W 48K dom 39.5
2026-06-12T14:30:05.424Z [league] classic vs plover · seed 53759 · arena #88 · classic 0W 18K dom -5.5 | plover 1W 47K dom 38.0
2026-06-12T14:30:35.565Z [league] classic vs hydra · seed 53760 · arena #0 · classic 0W 13K dom -10.0 | hydra 1W 45K dom 38.5
2026-06-12T14:31:05.481Z [league] classic vs shrike · seed 53761 · arena #5 · classic 0W 19K dom -7.5 | shrike 1W 53K dom 43.0
2026-06-12T14:31:35.840Z [league] classic vs cuadrilla · seed 53762 · arena #11 · classic 0W 21K dom -1.5 | cuadrilla 1W 45K dom 34.5
2026-06-12T14:32:06.607Z [league] classic vs orca · seed 53763 · arena #19 · classic 0W 16K dom -6.5 | orca 1W 45K dom 36.5
2026-06-12T14:32:35.752Z [league] classic vs neural · seed 53764 · arena #23 · classic 1W 17K dom 13.5 | neural 0W 7K dom -1.5
2026-06-12T14:33:05.617Z [league] classic vs angler · seed 53765 · arena #31 · classic 0W 19K dom -3.5 | angler 1W 45K dom 35.5
2026-06-12T14:33:35.818Z [league] classic vs disciple · seed 53766 · arena #41 · classic 1W 17K dom 15.0 | disciple 0W 3K dom -5.5
2026-06-12T14:34:06.155Z [league] classic vs prodigy · seed 53767 · arena #53 · classic 1W 32K dom 29.0 | prodigy 0W 6K dom -10.5
2026-06-12T14:34:36.462Z [league] classic vs buttstein · seed 53768 · arena #67 · classic 1W 19K dom 17.5 | buttstein 0W 2K dom -9.0
2026-06-12T14:35:06.174Z [league] classic vs mojojojo · seed 53769 · arena #88 · classic 1W 32K dom 29.5 | mojojojo 0W 5K dom -11.5
2026-06-12T14:35:35.419Z [league] pilot vs reaper · seed 53770 · arena #0 · pilot 1W 33K dom 16.5 | reaper 0W 32K dom 15.5
2026-06-12T14:36:05.331Z [league] pilot vs matador · seed 53771 · arena #5 · pilot 0W 33K dom 10.5 | matador 1W 45K dom 28.5
2026-06-12T14:36:35.408Z [league] pilot vs kestrel · seed 53772 · arena #11 · pilot 0W 33K dom 12.0 | kestrel 1W 42K dom 25.5
2026-06-12T14:37:05.320Z [league] pilot vs wolf · seed 53773 · arena #19 · pilot 0W 23K dom 5.5 | wolf 1W 35K dom 23.5
2026-06-12T14:37:35.434Z [league] pilot vs plover · seed 53774 · arena #23 · pilot 0W 29K dom 10.5 | plover 1W 36K dom 21.5
2026-06-12T14:38:05.577Z [league] pilot vs hydra · seed 53775 · arena #31 · pilot 0W 32K dom 14.0 | hydra 1W 36K dom 20.0
2026-06-12T14:38:35.497Z [league] pilot vs shrike · seed 53776 · arena #41 · pilot 0W 29K dom 9.0 | shrike 1W 40K dom 25.5
2026-06-12T14:39:05.479Z [league] pilot vs cuadrilla · seed 53777 · arena #53 · pilot 0W 27K dom 9.0 | cuadrilla 1W 36K dom 22.0
2026-06-12T14:39:35.784Z [league] pilot vs orca · seed 53778 · arena #67 · pilot 0W 28K dom 7.5 | orca 1W 41K dom 27.0
2026-06-12T14:40:05.550Z [league] pilot vs neural · seed 53779 · arena #88 · pilot 1W 30K dom 26.5 | neural 0W 7K dom -8.5
2026-06-12T14:40:36.959Z [league] pilot vs angler · seed 53780 · arena #0 · pilot 0W 29K dom 6.5 | angler 1W 44K dom 29.5
2026-06-12T14:41:06.168Z [league] pilot vs disciple · seed 53781 · arena #5 · pilot 1W 28K dom 27.0 | disciple 0W 2K dom -12.0
2026-06-12T14:41:35.943Z [league] pilot vs prodigy · seed 53782 · arena #11 · pilot 1W 44K dom 40.0 | prodigy 0W 6K dom -16.0
2026-06-12T14:42:06.060Z [league] pilot vs buttstein · seed 53783 · arena #19 · pilot 1W 23K dom 22.5 | buttstein 0W 0K dom -11.5
2026-06-12T14:42:36.830Z [league] pilot vs mojojojo · seed 53784 · arena #23 · pilot 1W 24K dom 21.5 | mojojojo 0W 4K dom -8.0
2026-06-12T14:43:06.155Z [league] reaper vs matador · seed 53785 · arena #31 · reaper 0W 29K dom 7.5 | matador 1W 43K dom 28.5
2026-06-12T14:43:35.411Z [league] reaper vs kestrel · seed 53786 · arena #41 · reaper 0W 27K dom 9.5 | kestrel 1W 34K dom 20.0
2026-06-12T14:44:05.441Z [league] reaper vs wolf · seed 53787 · arena #53 · reaper 0W 22K dom 2.5 | wolf 1W 39K dom 28.0
2026-06-12T14:44:35.816Z [league] reaper vs plover · seed 53788 · arena #67 · reaper 0W 20K dom 3.5 | plover 1W 33K dom 23.0
2026-06-12T14:45:05.499Z [league] reaper vs hydra · seed 53789 · arena #88 · reaper 0W 26K dom 9.0 | hydra 1W 32K dom 19.0
2026-06-12T14:45:35.623Z [league] reaper vs shrike · seed 53790 · arena #0 · reaper 0W 25K dom 3.0 | shrike 1W 44K dom 31.0
2026-06-12T14:46:05.864Z [league] reaper vs cuadrilla · seed 53791 · arena #5 · reaper 0W 24K dom 9.5 | cuadrilla 1W 29K dom 17.0
2026-06-12T14:46:35.735Z [league] reaper vs orca · seed 53792 · arena #11 · reaper 0W 22K dom 4.0 | orca 1W 35K dom 24.0
2026-06-12T14:47:05.615Z [league] reaper vs neural · seed 53793 · arena #19 · reaper 1W 24K dom 21.5 | neural 0W 5K dom -7.0
2026-06-12T14:47:35.684Z [league] reaper vs angler · seed 53794 · arena #23 · reaper 0W 22K dom 4.5 | angler 1W 35K dom 24.0
2026-06-12T14:48:05.709Z [league] reaper vs disciple · seed 53795 · arena #31 · reaper 1W 32K dom 29.5 | disciple 0W 5K dom -11.0
2026-06-12T14:48:35.934Z [league] reaper vs prodigy · seed 53796 · arena #41 · reaper 1W 44K dom 42.0 | prodigy 0W 3K dom -19.0
2026-06-12T14:49:06.079Z [league] reaper vs buttstein · seed 53797 · arena #53 · reaper 1W 33K dom 33.0 | buttstein 0W 0K dom -17.0
2026-06-12T14:49:36.074Z [league] reaper vs mojojojo · seed 53798 · arena #67 · reaper 1W 29K dom 28.0 | mojojojo 0W 2K dom -13.0
2026-06-12T14:50:05.520Z [league] matador vs kestrel · seed 53799 · arena #88 · matador 1W 36K dom 23.0 | kestrel 0W 25K dom 7.0
2026-06-12T14:50:35.298Z [league] matador vs wolf · seed 53800 · arena #0 · matador 0W 43K dom 21.5 | wolf 0W 43K dom 21.5
2026-06-12T14:51:05.541Z [league] matador vs plover · seed 53801 · arena #5 · matador 1W 34K dom 20.0 | plover 0W 28K dom 11.0
2026-06-12T14:51:35.507Z [league] matador vs hydra · seed 53802 · arena #11 · matador 0W 27K dom 11.0 | hydra 1W 32K dom 18.5
2026-06-12T14:52:05.564Z [league] matador vs shrike · seed 53803 · arena #19 · matador 0W 34K dom 14.5 | shrike 1W 39K dom 22.0
2026-06-12T14:52:35.469Z [league] matador vs cuadrilla · seed 53804 · arena #23 · matador 0W 35K dom 14.0 | cuadrilla 1W 41K dom 23.5
2026-06-12T14:53:05.693Z [league] matador vs orca · seed 53805 · arena #31 · matador 0W 36K dom 18.0 | orca 0W 36K dom 18.0
2026-06-12T14:53:35.694Z [league] matador vs neural · seed 53806 · arena #41 · matador 1W 47K dom 41.5 | neural 0W 10K dom -14.0
2026-06-12T14:54:06.001Z [league] matador vs angler · seed 53807 · arena #53 · matador 0W 27K dom 6.0 | angler 1W 42K dom 28.5
2026-06-12T14:54:35.725Z [league] matador vs disciple · seed 53808 · arena #67 · matador 1W 31K dom 30.5 | disciple 0W 1K dom -14.5
2026-06-12T14:55:06.383Z [league] matador vs prodigy · seed 53809 · arena #88 · matador 1W 39K dom 38.0 | prodigy 0W 2K dom -17.5
2026-06-12T14:55:36.950Z [league] matador vs buttstein · seed 53810 · arena #0 · matador 1W 20K dom 19.0 | buttstein 0W 0K dom -10.0
2026-06-12T14:56:06.319Z [league] matador vs mojojojo · seed 53811 · arena #5 · matador 1W 33K dom 32.5 | mojojojo 0W 1K dom -16.0
2026-06-12T14:56:36.342Z [league] kestrel vs wolf · seed 53812 · arena #11 · kestrel 0W 22K dom 6.5 | wolf 1W 31K dom 20.0
2026-06-12T14:57:05.511Z [league] kestrel vs plover · seed 53813 · arena #19 · kestrel 1W 31K dom 19.0 | plover 0W 24K dom 8.5
2026-06-12T14:57:35.545Z [league] kestrel vs hydra · seed 53814 · arena #23 · kestrel 1W 30K dom 16.5 | hydra 0W 26K dom 11.0
2026-06-12T14:58:05.644Z [league] kestrel vs shrike · seed 53815 · arena #31 · kestrel 1W 25K dom 14.0 | shrike 0W 22K dom 9.5
2026-06-12T14:58:35.450Z [league] kestrel vs cuadrilla · seed 53816 · arena #41 · kestrel 1W 30K dom 16.5 | cuadrilla 0W 27K dom 12.0
2026-06-12T14:59:05.879Z [league] kestrel vs orca · seed 53817 · arena #53 · kestrel 1W 23K dom 12.0 | orca 0W 22K dom 10.5
2026-06-12T14:59:35.485Z [league] kestrel vs neural · seed 53818 · arena #67 · kestrel 1W 19K dom 17.0 | neural 0W 4K dom -5.5
2026-06-12T15:00:05.520Z [league] kestrel vs angler · seed 53819 · arena #88 · kestrel 1W 30K dom 18.0 | angler 0W 23K dom 8.0
2026-06-12T15:00:35.716Z [league] kestrel vs disciple · seed 53820 · arena #0 · kestrel 1W 16K dom 15.5 | disciple 0W 1K dom -7.0
2026-06-12T15:01:05.928Z [league] kestrel vs prodigy · seed 53821 · arena #5 · kestrel 1W 24K dom 23.0 | prodigy 0W 1K dom -12.5
2026-06-12T15:01:36.037Z [league] kestrel vs buttstein · seed 53822 · arena #11 · kestrel 1W 22K dom 22.0 | buttstein 0W 0K dom -11.5
2026-06-12T15:02:05.963Z [league] kestrel vs mojojojo · seed 53823 · arena #19 · kestrel 1W 26K dom 26.0 | mojojojo 0W 0K dom -13.0
2026-06-12T15:02:36.148Z [league] wolf vs plover · seed 53824 · arena #23 · wolf 1W 31K dom 22.0 | plover 0W 18K dom 2.5
2026-06-12T15:03:05.504Z [league] wolf vs hydra · seed 53825 · arena #31 · wolf 1W 20K dom 12.0 | hydra 0W 16K dom 5.0
2026-06-12T15:03:35.454Z [league] wolf vs shrike · seed 53826 · arena #41 · wolf 1W 20K dom 10.5 | shrike 0W 19K dom 9.0
2026-06-12T15:04:05.244Z [league] wolf vs cuadrilla · seed 53827 · arena #53 · wolf 1W 20K dom 11.5 | cuadrilla 0W 17K dom 7.0
2026-06-12T15:04:35.699Z [league] wolf vs orca · seed 53828 · arena #67 · wolf 1W 25K dom 18.0 | orca 0W 14K dom 1.5
2026-06-12T15:05:05.256Z [league] wolf vs neural · seed 53829 · arena #88 · wolf 1W 21K dom 19.5 | neural 0W 3K dom -7.5
2026-06-12T15:05:35.375Z [league] wolf vs angler · seed 53830 · arena #0 · wolf 1W 27K dom 15.0 | angler 0W 24K dom 10.5
2026-06-12T15:06:05.842Z [league] wolf vs disciple · seed 53831 · arena #5 · wolf 1W 23K dom 22.5 | disciple 0W 0K dom -11.5
2026-06-12T15:06:35.872Z [league] wolf vs prodigy · seed 53832 · arena #11 · wolf 1W 30K dom 29.5 | prodigy 0W 1K dom -14.0
2026-06-12T15:07:05.907Z [league] wolf vs buttstein · seed 53833 · arena #19 · wolf 1W 24K dom 24.0 | buttstein 0W 0K dom -12.0
2026-06-12T15:07:35.824Z [league] wolf vs mojojojo · seed 53834 · arena #23 · wolf 1W 26K dom 26.0 | mojojojo 0W 0K dom -13.0
2026-06-12T15:08:05.713Z [league] plover vs hydra · seed 53835 · arena #31 · plover 0W 20K dom 9.0 | hydra 1W 20K dom 10.0
2026-06-12T15:08:35.591Z [league] plover vs shrike · seed 53836 · arena #41 · plover 0W 16K dom 5.5 | shrike 1W 21K dom 12.5
2026-06-12T15:09:05.461Z [league] plover vs cuadrilla · seed 53837 · arena #53 · plover 0W 25K dom 9.0 | cuadrilla 1W 32K dom 19.5
2026-06-12T15:09:35.732Z [league] plover vs orca · seed 53838 · arena #67 · plover 0W 18K dom 5.5 | orca 1W 24K dom 15.0
2026-06-12T15:10:05.891Z [league] plover vs neural · seed 53839 · arena #88 · plover 1W 26K dom 24.5 | neural 0W 3K dom -10.0
2026-06-12T15:10:35.629Z [league] plover vs angler · seed 53840 · arena #0 · plover 0W 21K dom 6.0 | angler 1W 30K dom 19.5
2026-06-12T15:11:05.698Z [league] plover vs disciple · seed 53841 · arena #5 · plover 1W 27K dom 26.5 | disciple 0W 1K dom -12.5
2026-06-12T15:11:36.109Z [league] plover vs prodigy · seed 53842 · arena #11 · plover 1W 22K dom 22.0 | prodigy 0W 0K dom -11.5
2026-06-12T15:12:06.147Z [league] plover vs buttstein · seed 53843 · arena #19 · plover 1W 17K dom 17.0 | buttstein 0W 0K dom -8.5
2026-06-12T15:12:36.121Z [league] plover vs mojojojo · seed 53844 · arena #23 · plover 1W 26K dom 25.5 | mojojojo 0W 1K dom -12.0
2026-06-12T15:13:06.106Z [league] hydra vs shrike · seed 53845 · arena #31 · hydra 0W 18K dom 7.0 | shrike 1W 22K dom 13.0
2026-06-12T15:13:35.797Z [league] hydra vs cuadrilla · seed 53846 · arena #41 · hydra 0W 17K dom 6.5 | cuadrilla 1W 21K dom 12.5
2026-06-12T15:14:05.893Z [league] hydra vs orca · seed 53847 · arena #53 · hydra 0W 25K dom 10.5 | orca 1W 29K dom 16.5
2026-06-12T15:14:35.659Z [league] hydra vs neural · seed 53848 · arena #67 · hydra 1W 25K dom 23.0 | neural 0W 4K dom -8.5
2026-06-12T15:15:05.527Z [league] hydra vs angler · seed 53849 · arena #88 · hydra 0W 18K dom 6.0 | angler 1W 24K dom 15.0
2026-06-12T15:15:35.919Z [league] hydra vs disciple · seed 53850 · arena #0 · hydra 1W 32K dom 32.0 | disciple 0W 0K dom -16.0
2026-06-12T15:16:06.085Z [league] hydra vs prodigy · seed 53851 · arena #5 · hydra 1W 26K dom 25.0 | prodigy 0W 2K dom -11.0
2026-06-12T15:16:36.282Z [league] hydra vs buttstein · seed 53852 · arena #11 · hydra 1W 17K dom 17.0 | buttstein 0W 0K dom -9.0
2026-06-12T15:17:06.059Z [league] hydra vs mojojojo · seed 53853 · arena #19 · hydra 1W 23K dom 22.5 | mojojojo 0W 1K dom -12.0
2026-06-12T15:17:35.623Z [league] shrike vs cuadrilla · seed 53854 · arena #23 · shrike 1W 28K dom 16.0 | cuadrilla 0W 24K dom 10.0
2026-06-12T15:18:05.858Z [league] shrike vs orca · seed 53855 · arena #31 · shrike 1W 30K dom 16.5 | orca 0W 27K dom 12.0
2026-06-12T15:18:35.561Z [league] shrike vs neural · seed 53856 · arena #41 · shrike 1W 20K dom 17.5 | neural 0W 5K dom -5.0
2026-06-12T15:19:05.582Z [league] shrike vs angler · seed 53857 · arena #53 · shrike 0W 30K dom 15.0 | angler 0W 30K dom 15.0
2026-06-12T15:19:36.325Z [league] shrike vs disciple · seed 53858 · arena #67 · shrike 1W 23K dom 23.0 | disciple 0W 0K dom -11.5
2026-06-12T15:20:06.819Z [league] shrike vs prodigy · seed 53859 · arena #88 · shrike 1W 21K dom 20.5 | prodigy 0W 1K dom -9.5
2026-06-12T15:20:36.102Z [league] shrike vs buttstein · seed 53860 · arena #0 · shrike 1W 25K dom 25.0 | buttstein 0W 0K dom -12.5
2026-06-12T15:21:06.198Z [league] shrike vs mojojojo · seed 53861 · arena #5 · shrike 1W 25K dom 25.0 | mojojojo 0W 0K dom -12.5
2026-06-12T15:21:35.896Z [league] cuadrilla vs orca · seed 53862 · arena #11 · cuadrilla 0W 16K dom 6.5 | orca 1W 18K dom 9.5
2026-06-12T15:22:05.871Z [league] cuadrilla vs neural · seed 53863 · arena #19 · cuadrilla 1W 26K dom 24.5 | neural 0W 3K dom -10.5
2026-06-12T15:22:36.007Z [league] cuadrilla vs angler · seed 53864 · arena #23 · cuadrilla 0W 17K dom 3.5 | angler 1W 27K dom 18.5
2026-06-12T15:23:06.145Z [league] cuadrilla vs disciple · seed 53865 · arena #31 · cuadrilla 1W 25K dom 24.5 | disciple 0W 1K dom -11.5
2026-06-12T15:23:36.169Z [league] cuadrilla vs prodigy · seed 53866 · arena #41 · cuadrilla 1W 29K dom 28.5 | prodigy 0W 1K dom -13.5
2026-06-12T15:30:36.446Z [league] cuadrilla vs buttstein · seed 53867 · arena #53 · cuadrilla 1W 4K dom 4.0 | buttstein 0W 0K dom -2.0
2026-06-12T15:31:18.563Z [league] cuadrilla vs mojojojo · seed 53868 · arena #67 · cuadrilla 1W 18K dom 18.0 | mojojojo 0W 0K dom -9.0
2026-06-12T15:31:33.916Z [league] orca vs neural · seed 53869 · arena #88 · orca 1W 4K dom 3.5 | neural 0W 1K dom -3.0
2026-06-12T15:32:02.962Z [league] orca vs angler · seed 53870 · arena #0 · orca 0W 24K dom 9.0 | angler 1W 30K dom 18.0
2026-06-12T15:32:34.061Z [league] orca vs disciple · seed 53871 · arena #5 · orca 1W 27K dom 26.5 | disciple 0W 1K dom -12.5
2026-06-12T15:33:03.905Z [league] orca vs prodigy · seed 53872 · arena #11 · orca 1W 30K dom 29.5 | prodigy 0W 1K dom -14.5
2026-06-12T15:33:33.880Z [league] orca vs buttstein · seed 53873 · arena #19 · orca 1W 31K dom 31.0 | buttstein 0W 0K dom -16.0
2026-06-12T15:34:07.245Z [league] orca vs mojojojo · seed 53874 · arena #23 · orca 1W 29K dom 28.5 | mojojojo 0W 1K dom -13.5
2026-06-12T15:34:33.530Z [league] neural vs angler · seed 53875 · arena #31 · neural 0W 0K dom -6.5 | angler 1W 13K dom 12.5
2026-06-12T15:35:03.200Z [league] neural vs disciple · seed 53876 · arena #41 · neural 1W 2K dom 1.0 | disciple 0W 1K dom -0.5
2026-06-12T15:35:32.457Z [league] neural vs prodigy · seed 53877 · arena #53 · neural 1W 3K dom 2.5 | prodigy 0W 0K dom -2.0
2026-06-12T15:36:02.910Z [league] neural vs buttstein · seed 53878 · arena #67 · neural 0W 0K dom 0.0 | buttstein 0W 0K dom 0.0
2026-06-12T15:36:32.514Z [league] neural vs mojojojo · seed 53879 · arena #88 · neural 0W 0K dom 0.0 | mojojojo 0W 0K dom 0.0
2026-06-12T15:37:02.189Z [league] angler vs disciple · seed 53880 · arena #0 · angler 1W 23K dom 21.0 | disciple 0W 2K dom -9.5
2026-06-12T15:37:32.504Z [league] angler vs prodigy · seed 53881 · arena #5 · angler 1W 39K dom 38.0 | prodigy 0W 2K dom -17.5
2026-06-12T15:38:02.385Z [league] angler vs buttstein · seed 53882 · arena #11 · angler 1W 23K dom 23.0 | buttstein 0W 0K dom -11.5
2026-06-12T15:38:32.343Z [league] angler vs mojojojo · seed 53883 · arena #19 · angler 1W 30K dom 27.0 | mojojojo 0W 5K dom -11.5
2026-06-12T15:39:02.678Z [league] disciple vs prodigy · seed 53884 · arena #23 · disciple 0W 1K dom 0.5 | prodigy 0W 1K dom 0.5
2026-06-12T15:39:32.747Z [league] disciple vs buttstein · seed 53885 · arena #31 · disciple 1W 2K dom 2.0 | buttstein 0W 0K dom -1.0
2026-06-12T15:40:02.622Z [league] disciple vs mojojojo · seed 53886 · arena #41 · disciple 0W 1K dom 0.0 | mojojojo 1W 2K dom 1.0
2026-06-12T15:40:32.953Z [league] prodigy vs buttstein · seed 53887 · arena #53 · prodigy 1W 1K dom 1.0 | buttstein 0W 0K dom -0.5
2026-06-12T15:41:03.431Z [league] prodigy vs mojojojo · seed 53888 · arena #67 · prodigy 0W 1K dom 0.5 | mojojojo 0W 1K dom 0.5
2026-06-12T15:41:32.840Z [league] buttstein vs mojojojo · seed 53889 · arena #88 · buttstein 0W 0K dom 0.0 | mojojojo 0W 0K dom 0.0
2026-06-12T15:42:01.323Z [league] new round-robin pass: 17 engines, 136 pairings
2026-06-12T15:42:09.493Z [league] datasets/ at 53.19 GB — OVER WARN THRESHOLD, consider archiving
2026-06-12T15:42:11.104Z [league] classic vs pilot · seed 53890 · arena #0 · classic 0W 11K dom -4.0 | pilot 1W 30K dom 24.5
2026-06-12T15:42:31.934Z [league] classic vs reaper · seed 53891 · arena #5 · classic 0W 19K dom 4.0 | reaper 1W 30K dom 20.0
2026-06-12T15:43:02.682Z [league] classic vs matador · seed 53892 · arena #11 · classic 0W 10K dom -3.5 | matador 1W 27K dom 22.0
2026-06-12T15:43:32.719Z [league] classic vs kestrel · seed 53893 · arena #19 · classic 0W 14K dom -2.5 | kestrel 1W 33K dom 26.0
2026-06-12T15:44:02.702Z [league] classic vs wolf · seed 53894 · arena #23 · classic 0W 6K dom -10.0 | wolf 1W 32K dom 28.5
2026-06-12T15:44:32.772Z [league] classic vs plover · seed 53895 · arena #31 · classic 0W 15K dom 1.0 | plover 1W 28K dom 20.5
2026-06-12T15:45:02.875Z [league] classic vs hydra · seed 53896 · arena #41 · classic 0W 14K dom 5.0 | hydra 1W 17K dom 10.0
2026-06-12T15:45:32.882Z [league] classic vs shrike · seed 53897 · arena #53 · classic 0W 12K dom -3.0 | shrike 1W 30K dom 23.0
2026-06-12T15:46:02.813Z [league] classic vs cuadrilla · seed 53898 · arena #67 · classic 0W 9K dom -7.0 | cuadrilla 1W 32K dom 27.5
2026-06-12T15:46:32.297Z [league] classic vs orca · seed 53899 · arena #88 · classic 0W 9K dom -2.0 | orca 1W 22K dom 16.5
2026-06-12T15:47:02.159Z [league] classic vs neural · seed 53900 · arena #0 · classic 1W 6K dom 4.5 | neural 0W 3K dom -0.5
2026-06-12T15:47:32.180Z [league] classic vs angler · seed 53901 · arena #5 · classic 0W 13K dom -5.5 | angler 1W 37K dom 30.5
2026-06-12T15:48:02.553Z [league] classic vs disciple · seed 53902 · arena #11 · classic 1W 14K dom 14.0 | disciple 0W 0K dom -7.0
2026-06-12T15:48:32.672Z [league] classic vs prodigy · seed 53903 · arena #19 · classic 1W 12K dom 11.0 | prodigy 0W 2K dom -4.0
2026-06-12T15:49:02.417Z [league] classic vs buttstein · seed 53904 · arena #23 · classic 1W 16K dom 15.0 | buttstein 0W 0K dom -8.5
2026-06-12T15:49:32.420Z [league] classic vs mojojojo · seed 53905 · arena #31 · classic 1W 17K dom 16.0 | mojojojo 0W 2K dom -6.5
2026-06-12T15:50:01.961Z [league] pilot vs reaper · seed 53906 · arena #41 · pilot 1W 24K dom 16.5 | reaper 0W 15K dom 3.0
2026-06-12T15:50:32.058Z [league] pilot vs matador · seed 53907 · arena #53 · pilot 0W 21K dom 10.0 | matador 1W 21K dom 10.5
2026-06-12T15:51:02.008Z [league] pilot vs kestrel · seed 53908 · arena #67 · pilot 0W 18K dom 7.5 | kestrel 1W 20K dom 11.0
2026-06-12T15:51:31.897Z [league] pilot vs wolf · seed 53909 · arena #88 · pilot 0W 25K dom 10.5 | wolf 1W 29K dom 16.5
2026-06-12T15:52:02.007Z [league] pilot vs plover · seed 53910 · arena #0 · pilot 1W 21K dom 12.0 | plover 0W 17K dom 6.5
2026-06-12T15:52:32.005Z [league] pilot vs hydra · seed 53911 · arena #5 · pilot 1W 24K dom 14.0 | hydra 0W 19K dom 7.0
2026-06-12T15:53:02.053Z [league] pilot vs shrike · seed 53912 · arena #11 · pilot 1W 24K dom 13.0 | shrike 0W 22K dom 9.5
2026-06-12T15:53:32.016Z [league] pilot vs cuadrilla · seed 53913 · arena #19 · pilot 1W 18K dom 11.0 | cuadrilla 0W 13K dom 4.0
2026-06-12T15:54:02.166Z [league] pilot vs orca · seed 53914 · arena #23 · pilot 1W 28K dom 15.5 | orca 0W 25K dom 11.0
2026-06-12T15:54:31.975Z [league] pilot vs neural · seed 53915 · arena #31 · pilot 1W 22K dom 20.0 | neural 0W 2K dom -9.0
2026-06-12T15:55:02.012Z [league] pilot vs angler · seed 53916 · arena #41 · pilot 0W 22K dom 9.0 | angler 1W 25K dom 14.0
2026-06-12T15:55:32.168Z [league] pilot vs disciple · seed 53917 · arena #53 · pilot 1W 24K dom 24.0 | disciple 0W 0K dom -12.0
2026-06-12T15:56:02.789Z [league] pilot vs prodigy · seed 53918 · arena #67 · pilot 1W 21K dom 20.0 | prodigy 0W 1K dom -9.5
2026-06-12T15:56:32.422Z [league] pilot vs buttstein · seed 53919 · arena #88 · pilot 1W 16K dom 16.0 | buttstein 0W 0K dom -8.5
2026-06-12T15:57:02.447Z [league] pilot vs mojojojo · seed 53920 · arena #0 · pilot 1W 23K dom 22.0 | mojojojo 0W 1K dom -11.0
2026-06-12T15:57:32.211Z [league] reaper vs matador · seed 53921 · arena #5 · reaper 0W 19K dom 7.0 | matador 1W 24K dom 14.0
2026-06-12T15:58:02.200Z [league] reaper vs kestrel · seed 53922 · arena #11 · reaper 0W 18K dom 6.5 | kestrel 1W 22K dom 12.5
2026-06-12T15:58:32.041Z [league] reaper vs wolf · seed 53923 · arena #19 · reaper 0W 20K dom 7.5 | wolf 1W 25K dom 15.0
2026-06-12T15:59:02.459Z [league] reaper vs plover · seed 53924 · arena #23 · reaper 0W 15K dom 7.0 | plover 1W 16K dom 8.5
2026-06-12T15:59:32.018Z [league] reaper vs hydra · seed 53925 · arena #31 · reaper 1W 19K dom 9.5 | hydra 0W 17K dom 7.0
2026-06-12T16:00:02.173Z [league] reaper vs shrike · seed 53926 · arena #41 · reaper 0W 19K dom 8.5 | shrike 1W 21K dom 11.5
2026-06-12T16:00:32.351Z [league] reaper vs cuadrilla · seed 53927 · arena #53 · reaper 0W 20K dom 7.5 | cuadrilla 1W 25K dom 15.0
2026-06-12T16:01:02.395Z [league] reaper vs orca · seed 53928 · arena #67 · reaper 0W 19K dom 7.0 | orca 1W 24K dom 14.5
2026-06-12T16:01:32.265Z [league] reaper vs neural · seed 53929 · arena #88 · reaper 1W 15K dom 13.5 | neural 0W 3K dom -5.0
2026-06-12T16:02:02.129Z [league] reaper vs angler · seed 53930 · arena #0 · reaper 0W 24K dom 9.5 | angler 1W 28K dom 16.0
2026-06-12T16:02:32.220Z [league] reaper vs disciple · seed 53931 · arena #5 · reaper 1W 23K dom 22.5 | disciple 0W 1K dom -10.5
2026-06-12T16:03:02.500Z [league] reaper vs prodigy · seed 53932 · arena #11 · reaper 1W 20K dom 18.5 | prodigy 0W 3K dom -7.5
2026-06-12T16:03:32.476Z [league] reaper vs buttstein · seed 53933 · arena #19 · reaper 1W 25K dom 24.5 | buttstein 0W 1K dom -12.0
2026-06-12T16:04:02.454Z [league] reaper vs mojojojo · seed 53934 · arena #23 · reaper 1W 25K dom 24.5 | mojojojo 0W 1K dom -12.0
2026-06-12T16:04:31.968Z [league] matador vs kestrel · seed 53935 · arena #31 · matador 1W 32K dom 18.5 | kestrel 0W 27K dom 11.0
2026-06-12T16:05:02.094Z [league] matador vs wolf · seed 53936 · arena #41 · matador 0W 21K dom 8.0 | wolf 1W 24K dom 13.5
2026-06-12T16:05:32.102Z [league] matador vs plover · seed 53937 · arena #53 · matador 1W 29K dom 19.5 | plover 0W 19K dom 4.5
2026-06-12T16:06:02.018Z [league] matador vs hydra · seed 53938 · arena #67 · matador 1W 35K dom 23.0 | hydra 0W 23K dom 5.5
2026-06-12T16:06:32.354Z [league] matador vs shrike · seed 53939 · arena #88 · matador 0W 15K dom 3.5 | shrike 1W 23K dom 14.5
2026-06-12T16:07:02.088Z [league] matador vs cuadrilla · seed 53940 · arena #0 · matador 1W 22K dom 12.5 | cuadrilla 0W 19K dom 8.0
2026-06-12T16:07:32.548Z [league] matador vs orca · seed 53941 · arena #5 · matador 1W 25K dom 15.0 | orca 0W 19K dom 6.0
2026-06-12T16:08:02.220Z [league] matador vs neural · seed 53942 · arena #11 · matador 1W 22K dom 19.0 | neural 0W 5K dom -6.0
2026-06-12T16:08:32.075Z [league] matador vs angler · seed 53943 · arena #19 · matador 1W 35K dom 19.0 | angler 0W 30K dom 12.5
2026-06-12T16:09:02.378Z [league] matador vs disciple · seed 53944 · arena #23 · matador 1W 23K dom 22.5 | disciple 0W 0K dom -11.5
2026-06-12T16:09:32.704Z [league] matador vs prodigy · seed 53945 · arena #31 · matador 1W 36K dom 34.5 | prodigy 0W 2K dom -16.0
2026-06-12T16:10:02.607Z [league] matador vs buttstein · seed 53946 · arena #41 · matador 1W 30K dom 30.0 | buttstein 0W 0K dom -15.5
2026-06-12T16:10:32.496Z [league] matador vs mojojojo · seed 53947 · arena #53 · matador 1W 33K dom 32.5 | mojojojo 0W 1K dom -15.5
2026-06-12T16:11:02.213Z [league] kestrel vs wolf · seed 53948 · arena #67 · kestrel 0W 23K dom 11.5 | wolf 0W 23K dom 11.5
2026-06-12T16:11:32.240Z [league] kestrel vs plover · seed 53949 · arena #88 · kestrel 1W 26K dom 18.0 | plover 0W 16K dom 3.0
2026-06-12T16:12:02.171Z [league] kestrel vs hydra · seed 53950 · arena #0 · kestrel 1W 26K dom 15.0 | hydra 0W 21K dom 8.0
2026-06-12T16:12:32.139Z [league] kestrel vs shrike · seed 53951 · arena #5 · kestrel 1W 23K dom 12.0 | shrike 0W 22K dom 10.5
2026-06-12T16:13:02.076Z [league] kestrel vs cuadrilla · seed 53952 · arena #11 · kestrel 1W 21K dom 12.0 | cuadrilla 0W 18K dom 7.5
2026-06-12T16:13:32.232Z [league] kestrel vs orca · seed 53953 · arena #19 · kestrel 1W 23K dom 13.0 | orca 0W 19K dom 7.5
2026-06-12T16:14:02.071Z [league] kestrel vs neural · seed 53954 · arena #23 · kestrel 1W 28K dom 26.0 | neural 0W 4K dom -10.0
2026-06-12T16:14:32.031Z [league] kestrel vs angler · seed 53955 · arena #31 · kestrel 1W 31K dom 16.0 | angler 0W 30K dom 13.5
2026-06-12T16:15:02.201Z [league] kestrel vs disciple · seed 53956 · arena #41 · kestrel 1W 21K dom 21.0 | disciple 0W 0K dom -10.5
2026-06-12T16:15:32.489Z [league] kestrel vs prodigy · seed 53957 · arena #53 · kestrel 1W 31K dom 30.5 | prodigy 0W 1K dom -14.5
2026-06-12T16:16:02.454Z [league] kestrel vs buttstein · seed 53958 · arena #67 · kestrel 1W 16K dom 15.5 | buttstein 0W 1K dom -7.5
2026-06-12T16:16:32.528Z [league] kestrel vs mojojojo · seed 53959 · arena #88 · kestrel 1W 29K dom 29.0 | mojojojo 0W 0K dom -14.5
2026-06-12T16:17:02.036Z [league] wolf vs plover · seed 53960 · arena #0 · wolf 1W 20K dom 13.5 | plover 0W 13K dom 3.0
2026-06-12T16:17:32.053Z [league] wolf vs hydra · seed 53961 · arena #5 · wolf 1W 21K dom 13.5 | hydra 0W 15K dom 4.0
2026-06-12T16:18:02.086Z [league] wolf vs shrike · seed 53962 · arena #11 · wolf 1W 30K dom 17.0 | shrike 0W 25K dom 10.0
2026-06-12T16:18:32.148Z [league] wolf vs cuadrilla · seed 53963 · arena #19 · wolf 1W 20K dom 12.0 | cuadrilla 0W 16K dom 6.0
2026-06-12T16:19:02.325Z [league] wolf vs orca · seed 53964 · arena #23 · wolf 1W 20K dom 11.0 | orca 0W 18K dom 8.0
2026-06-12T16:19:32.163Z [league] wolf vs neural · seed 53965 · arena #31 · wolf 1W 19K dom 17.5 | neural 0W 3K dom -6.5
2026-06-12T16:20:02.264Z [league] wolf vs angler · seed 53966 · arena #41 · wolf 1W 23K dom 14.5 | angler 0W 17K dom 5.5
2026-06-12T16:20:32.436Z [league] wolf vs disciple · seed 53967 · arena #53 · wolf 1W 33K dom 33.0 | disciple 0W 0K dom -16.5
2026-06-12T16:21:02.586Z [league] wolf vs prodigy · seed 53968 · arena #67 · wolf 1W 31K dom 29.0 | prodigy 0W 3K dom -12.5
2026-06-12T16:21:32.387Z [league] wolf vs buttstein · seed 53969 · arena #88 · wolf 1W 24K dom 24.0 | buttstein 0W 0K dom -12.0
2026-06-12T16:22:02.341Z [league] wolf vs mojojojo · seed 53970 · arena #0 · wolf 1W 33K dom 32.5 | mojojojo 0W 1K dom -15.5
2026-06-12T16:22:32.187Z [league] plover vs hydra · seed 53971 · arena #5 · plover 0W 19K dom 9.5 | hydra 0W 19K dom 9.5
2026-06-12T16:23:02.311Z [league] plover vs shrike · seed 53972 · arena #11 · plover 0W 14K dom 3.0 | shrike 1W 22K dom 14.0
2026-06-12T16:23:32.180Z [league] plover vs cuadrilla · seed 53973 · arena #19 · plover 0W 17K dom 5.0 | cuadrilla 1W 24K dom 15.5
2026-06-12T16:24:02.462Z [league] plover vs orca · seed 53974 · arena #23 · plover 0W 13K dom 2.5 | orca 1W 21K dom 14.0
2026-06-12T16:24:32.162Z [league] plover vs neural · seed 53975 · arena #31 · plover 1W 18K dom 18.0 | neural 0W 0K dom -9.0
2026-06-12T16:25:02.233Z [league] plover vs angler · seed 53976 · arena #41 · plover 0W 26K dom 11.5 | angler 1W 29K dom 16.0
2026-06-12T16:25:32.287Z [league] plover vs disciple · seed 53977 · arena #53 · plover 1W 30K dom 29.0 | disciple 0W 2K dom -13.5
2026-06-12T16:26:02.557Z [league] plover vs prodigy · seed 53978 · arena #67 · plover 1W 29K dom 27.5 | prodigy 0W 3K dom -12.0
2026-06-12T16:26:32.554Z [league] plover vs buttstein · seed 53979 · arena #88 · plover 1W 20K dom 20.0 | buttstein 0W 0K dom -10.0
2026-06-12T16:27:02.537Z [league] plover vs mojojojo · seed 53980 · arena #0 · plover 1W 23K dom 22.5 | mojojojo 0W 1K dom -11.5
2026-06-12T16:27:32.208Z [league] hydra vs shrike · seed 53981 · arena #5 · hydra 0W 18K dom 4.5 | shrike 1W 27K dom 18.0
2026-06-12T16:28:02.162Z [league] hydra vs cuadrilla · seed 53982 · arena #11 · hydra 0W 19K dom 9.0 | cuadrilla 1W 20K dom 10.0
2026-06-12T16:28:32.402Z [league] hydra vs orca · seed 53983 · arena #19 · hydra 1W 23K dom 14.0 | orca 0W 18K dom 6.5
2026-06-12T16:29:02.188Z [league] hydra vs neural · seed 53984 · arena #23 · hydra 1W 18K dom 17.5 | neural 0W 1K dom -8.0
2026-06-12T16:29:32.308Z [league] hydra vs angler · seed 53985 · arena #31 · hydra 0W 24K dom 12.0 | angler 0W 24K dom 12.0
2026-06-12T16:30:02.383Z [league] hydra vs disciple · seed 53986 · arena #41 · hydra 1W 20K dom 19.5 | disciple 0W 0K dom -10.0
2026-06-12T16:30:32.836Z [league] hydra vs prodigy · seed 53987 · arena #53 · hydra 1W 19K dom 19.0 | prodigy 0W 0K dom -9.5
2026-06-12T16:31:02.890Z [league] hydra vs buttstein · seed 53988 · arena #67 · hydra 1W 26K dom 26.0 | buttstein 0W 0K dom -13.0
2026-06-12T16:31:32.715Z [league] hydra vs mojojojo · seed 53989 · arena #88 · hydra 1W 21K dom 20.5 | mojojojo 0W 0K dom -10.5
2026-06-12T16:32:02.515Z [league] shrike vs cuadrilla · seed 53990 · arena #0 · shrike 0W 16K dom 6.0 | cuadrilla 1W 20K dom 12.0
2026-06-12T16:32:32.454Z [league] shrike vs orca · seed 53991 · arena #5 · shrike 1W 21K dom 12.0 | orca 0W 17K dom 6.0
2026-06-12T16:33:02.287Z [league] shrike vs neural · seed 53992 · arena #11 · shrike 1W 20K dom 18.5 | neural 0W 3K dom -7.0
2026-06-12T16:33:32.380Z [league] shrike vs angler · seed 53993 · arena #19 · shrike 1W 28K dom 14.0 | angler 0W 28K dom 13.5
2026-06-12T16:34:02.373Z [league] shrike vs disciple · seed 53994 · arena #23 · shrike 1W 20K dom 18.5 | disciple 0W 2K dom -8.0
2026-06-12T16:34:32.580Z [league] shrike vs prodigy · seed 53995 · arena #31 · shrike 1W 33K dom 32.0 | prodigy 0W 2K dom -15.0
2026-06-12T16:35:02.605Z [league] shrike vs buttstein · seed 53996 · arena #41 · shrike 1W 28K dom 28.0 | buttstein 0W 0K dom -14.5
2026-06-12T16:35:32.592Z [league] shrike vs mojojojo · seed 53997 · arena #53 · shrike 1W 23K dom 22.5 | mojojojo 0W 0K dom -11.5
2026-06-12T16:36:02.366Z [league] cuadrilla vs orca · seed 53998 · arena #67 · cuadrilla 1W 23K dom 13.5 | orca 0W 19K dom 7.5
2026-06-12T16:36:32.277Z [league] cuadrilla vs neural · seed 53999 · arena #88 · cuadrilla 1W 16K dom 15.0 | neural 0W 1K dom -7.0
2026-06-12T16:37:02.168Z [league] cuadrilla vs angler · seed 54000 · arena #0 · cuadrilla 1W 25K dom 13.0 | angler 0W 24K dom 11.5
2026-06-12T16:37:32.289Z [league] cuadrilla vs disciple · seed 54001 · arena #5 · cuadrilla 1W 16K dom 15.5 | disciple 0W 1K dom -7.0
2026-06-12T16:38:02.515Z [league] cuadrilla vs prodigy · seed 54002 · arena #11 · cuadrilla 1W 23K dom 22.5 | prodigy 0W 0K dom -12.0
2026-06-12T16:38:32.548Z [league] cuadrilla vs buttstein · seed 54003 · arena #19 · cuadrilla 1W 28K dom 28.0 | buttstein 0W 0K dom -14.0
2026-06-12T16:39:02.685Z [league] cuadrilla vs mojojojo · seed 54004 · arena #23 · cuadrilla 1W 28K dom 28.0 | mojojojo 0W 0K dom -14.0
2026-06-12T16:39:32.473Z [league] orca vs neural · seed 54005 · arena #31 · orca 1W 24K dom 23.0 | neural 0W 2K dom -10.0
2026-06-12T16:40:02.397Z [league] orca vs angler · seed 54006 · arena #41 · orca 0W 19K dom 4.5 | angler 1W 28K dom 18.5
2026-06-12T16:40:32.593Z [league] orca vs disciple · seed 54007 · arena #53 · orca 1W 26K dom 25.5 | disciple 0W 1K dom -12.0
2026-06-12T16:41:03.377Z [league] orca vs prodigy · seed 54008 · arena #67 · orca 1W 23K dom 22.0 | prodigy 0W 0K dom -11.5
2026-06-12T16:41:33.090Z [league] orca vs buttstein · seed 54009 · arena #88 · orca 1W 20K dom 20.0 | buttstein 0W 0K dom -10.0
2026-06-12T16:42:03.439Z [league] orca vs mojojojo · seed 54010 · arena #0 · orca 1W 18K dom 17.0 | mojojojo 0W 1K dom -8.0
2026-06-12T16:42:32.454Z [league] neural vs angler · seed 54011 · arena #5 · neural 0W 0K dom -10.0 | angler 1W 20K dom 20.0
2026-06-12T16:43:02.356Z [league] neural vs disciple · seed 54012 · arena #11 · neural 1W 2K dom 1.5 | disciple 0W 1K dom 0.0
2026-06-12T16:43:32.798Z [league] neural vs prodigy · seed 54013 · arena #19 · neural 1W 5K dom 3.5 | prodigy 0W 2K dom -1.5
2026-06-12T16:44:02.656Z [league] neural vs buttstein · seed 54014 · arena #23 · neural 1W 3K dom 3.0 | buttstein 0W 0K dom -1.5
2026-06-12T16:44:32.574Z [league] neural vs mojojojo · seed 54015 · arena #31 · neural 0W 3K dom 0.5 | mojojojo 1W 5K dom 3.5
2026-06-12T16:45:02.311Z [league] angler vs disciple · seed 54016 · arena #41 · angler 1W 31K dom 31.0 | disciple 0W 0K dom -15.5
2026-06-12T16:45:32.617Z [league] angler vs prodigy · seed 54017 · arena #53 · angler 1W 23K dom 22.0 | prodigy 0W 1K dom -10.5
2026-06-12T16:46:02.676Z [league] angler vs buttstein · seed 54018 · arena #67 · angler 1W 20K dom 19.5 | buttstein 0W 0K dom -10.5
2026-06-12T16:46:32.629Z [league] angler vs mojojojo · seed 54019 · arena #88 · angler 1W 30K dom 28.5 | mojojojo 0W 3K dom -12.0
2026-06-12T16:47:02.817Z [league] disciple vs prodigy · seed 54020 · arena #0 · disciple 1W 1K dom 0.5 | prodigy 0W 0K dom -0.5
2026-06-12T16:47:32.850Z [league] disciple vs buttstein · seed 54021 · arena #5 · disciple 0W 0K dom 0.0 | buttstein 0W 0K dom 0.0
2026-06-12T16:48:02.916Z [league] disciple vs mojojojo · seed 54022 · arena #11 · disciple 0W 0K dom 0.0 | mojojojo 0W 0K dom 0.0
2026-06-12T16:48:33.181Z [league] prodigy vs buttstein · seed 54023 · arena #19 · prodigy 1W 1K dom 1.0 | buttstein 0W 0K dom -0.5
2026-06-12T16:49:03.103Z [league] prodigy vs mojojojo · seed 54024 · arena #23 · prodigy 0W 3K dom 0.0 | mojojojo 1W 5K dom 3.5
2026-06-12T16:49:34.919Z [league] buttstein vs mojojojo · seed 54025 · arena #31 · buttstein 0W 0K dom -1.0 | mojojojo 1W 2K dom 2.0
2026-06-12T16:50:02.252Z [league] new round-robin pass: 17 engines, 136 pairings
2026-06-12T16:50:25.087Z [league] datasets/ at 53.76 GB — OVER WARN THRESHOLD, consider archiving
2026-06-12T16:50:27.410Z [league] classic vs pilot · seed 54026 · arena #41 · classic 0W 10K dom -3.5 | pilot 1W 26K dom 20.5
2026-06-12T16:50:32.567Z [league] classic vs reaper · seed 54027 · arena #53 · classic 0W 11K dom -2.5 | reaper 1W 26K dom 20.5
2026-06-12T16:51:02.703Z [league] classic vs matador · seed 54028 · arena #67 · classic 0W 12K dom -3.0 | matador 1W 30K dom 23.5
2026-06-12T16:51:32.887Z [league] classic vs kestrel · seed 54029 · arena #88 · classic 0W 11K dom -2.5 | kestrel 1W 27K dom 21.0
2026-06-12T16:52:02.794Z [league] classic vs wolf · seed 54030 · arena #0 · classic 0W 10K dom -2.0 | wolf 1W 24K dom 18.0
2026-06-12T16:52:32.698Z [league] classic vs plover · seed 54031 · arena #5 · classic 0W 15K dom 1.5 | plover 1W 27K dom 19.5
2026-06-12T16:53:03.876Z [league] classic vs hydra · seed 54032 · arena #11 · classic 0W 13K dom -1.5 | hydra 1W 29K dom 22.5
2026-06-12T16:53:32.549Z [league] classic vs shrike · seed 54033 · arena #19 · classic 0W 14K dom 1.0 | shrike 1W 26K dom 18.5
2026-06-12T16:54:04.312Z [league] classic vs cuadrilla · seed 54034 · arena #23 · classic 0W 13K dom -4.0 | cuadrilla 1W 34K dom 27.5
2026-06-12T16:54:35.083Z [league] classic vs orca · seed 54035 · arena #31 · classic 0W 19K dom 4.0 | orca 1W 30K dom 20.0
2026-06-12T16:55:04.964Z [league] classic vs neural · seed 54036 · arena #41 · classic 1W 18K dom 13.5 | neural 0W 8K dom -1.0
2026-06-12T16:55:34.252Z [league] classic vs angler · seed 54037 · arena #53 · classic 0W 10K dom -8.5 | angler 1W 37K dom 32.0
2026-06-12T16:56:02.748Z [league] classic vs disciple · seed 54038 · arena #67 · classic 1W 8K dom 7.5 | disciple 0W 0K dom -4.0
2026-06-12T16:56:32.909Z [league] classic vs prodigy · seed 54039 · arena #88 · classic 1W 20K dom 18.0 | prodigy 0W 4K dom -6.0
2026-06-12T16:57:02.864Z [league] classic vs buttstein · seed 54040 · arena #0 · classic 1W 14K dom 12.0 | buttstein 0W 3K dom -5.0
2026-06-12T16:57:32.734Z [league] classic vs mojojojo · seed 54041 · arena #5 · classic 1W 12K dom 11.0 | mojojojo 0W 1K dom -5.0
2026-06-12T16:58:02.137Z [league] pilot vs reaper · seed 54042 · arena #11 · pilot 0W 27K dom 13.5 | reaper 0W 27K dom 13.5
2026-06-12T16:58:32.221Z [league] pilot vs matador · seed 54043 · arena #19 · pilot 1W 23K dom 13.0 | matador 0W 20K dom 8.0
2026-06-12T16:59:02.135Z [league] pilot vs kestrel · seed 54044 · arena #23 · pilot 0W 24K dom 12.0 | kestrel 0W 24K dom 12.0
2026-06-12T16:59:32.121Z [league] pilot vs wolf · seed 54045 · arena #31 · pilot 0W 21K dom 9.0 | wolf 1W 23K dom 12.5
2026-06-12T17:00:02.314Z [league] pilot vs plover · seed 54046 · arena #41 · pilot 1W 15K dom 8.5 | plover 0W 10K dom 1.0
2026-06-12T17:00:32.455Z [league] pilot vs hydra · seed 54047 · arena #53 · pilot 1W 23K dom 13.5 | hydra 0W 19K dom 7.5
2026-06-12T17:01:02.389Z [league] pilot vs shrike · seed 54048 · arena #67 · pilot 0W 15K dom 5.0 | shrike 1W 18K dom 10.5
2026-06-12T17:01:32.399Z [league] pilot vs cuadrilla · seed 54049 · arena #88 · pilot 1W 27K dom 14.0 | cuadrilla 0W 26K dom 12.5
2026-06-12T17:02:02.623Z [league] pilot vs orca · seed 54050 · arena #0 · pilot 0W 25K dom 12.0 | orca 1W 26K dom 13.5
2026-06-12T17:02:32.163Z [league] pilot vs neural · seed 54051 · arena #5 · pilot 1W 20K dom 18.0 | neural 0W 3K dom -7.5
2026-06-12T17:03:02.185Z [league] pilot vs angler · seed 54052 · arena #11 · pilot 0W 19K dom 6.5 | angler 1W 23K dom 13.5
2026-06-12T17:03:32.359Z [league] pilot vs disciple · seed 54053 · arena #19 · pilot 1W 18K dom 17.0 | disciple 0W 1K dom -8.0
2026-06-12T17:04:02.600Z [league] pilot vs prodigy · seed 54054 · arena #23 · pilot 1W 31K dom 29.5 | prodigy 0W 3K dom -12.5
2026-06-12T17:04:32.642Z [league] pilot vs buttstein · seed 54055 · arena #31 · pilot 1W 18K dom 18.0 | buttstein 0W 0K dom -9.0
2026-06-12T17:05:03.425Z [league] pilot vs mojojojo · seed 54056 · arena #41 · pilot 1W 28K dom 28.0 | mojojojo 0W 0K dom -14.5
2026-06-12T17:05:32.825Z [league] reaper vs matador · seed 54057 · arena #53 · reaper 0W 27K dom 11.5 | matador 1W 31K dom 17.5
2026-06-12T17:06:02.845Z [league] reaper vs kestrel · seed 54058 · arena #67 · reaper 0W 25K dom 12.0 | kestrel 1W 26K dom 13.5
2026-06-12T17:06:32.827Z [league] reaper vs wolf · seed 54059 · arena #88 · reaper 0W 14K dom 2.5 | wolf 1W 23K dom 14.5
2026-06-12T17:07:03.112Z [league] reaper vs plover · seed 54060 · arena #0 · reaper 0W 17K dom 8.5 | plover 0W 17K dom 8.5
2026-06-12T17:07:32.991Z [league] reaper vs hydra · seed 54061 · arena #5 · reaper 0W 21K dom 9.5 | hydra 1W 22K dom 11.5
2026-06-12T17:08:03.114Z [league] reaper vs shrike · seed 54062 · arena #11 · reaper 0W 15K dom 5.5 | shrike 1W 19K dom 11.5
2026-06-12T17:08:32.929Z [league] reaper vs cuadrilla · seed 54063 · arena #19 · reaper 0W 16K dom 5.5 | cuadrilla 1W 20K dom 12.0
2026-06-12T17:09:03.200Z [league] reaper vs orca · seed 54064 · arena #23 · reaper 1W 20K dom 10.5 | orca 0W 17K dom 7.0
2026-06-12T17:09:33.005Z [league] reaper vs neural · seed 54065 · arena #31 · reaper 1W 11K dom 10.0 | neural 0W 2K dom -3.5
2026-06-12T17:10:02.906Z [league] reaper vs angler · seed 54066 · arena #41 · reaper 0W 25K dom 10.0 | angler 1W 28K dom 15.0
2026-06-12T17:10:33.161Z [league] reaper vs disciple · seed 54067 · arena #53 · reaper 1W 27K dom 26.0 | disciple 0W 2K dom -11.5
2026-06-12T17:11:03.563Z [league] reaper vs prodigy · seed 54068 · arena #67 · reaper 1W 29K dom 28.5 | prodigy 0W 1K dom -13.5
2026-06-12T17:11:33.563Z [league] reaper vs buttstein · seed 54069 · arena #88 · reaper 1W 20K dom 19.5 | buttstein 0W 1K dom -9.0
2026-06-12T17:12:03.536Z [league] reaper vs mojojojo · seed 54070 · arena #0 · reaper 1W 21K dom 20.5 | mojojojo 0W 1K dom -10.0
2026-06-12T17:12:32.982Z [league] matador vs kestrel · seed 54071 · arena #5 · matador 1W 24K dom 12.5 | kestrel 0W 23K dom 11.0
2026-06-12T17:13:02.870Z [league] matador vs wolf · seed 54072 · arena #11 · matador 1W 22K dom 12.0 | wolf 0W 18K dom 7.0
2026-06-12T17:13:32.948Z [league] matador vs plover · seed 54073 · arena #19 · matador 1W 27K dom 16.5 | plover 0W 21K dom 7.5
2026-06-12T17:14:03.012Z [league] matador vs hydra · seed 54074 · arena #23 · matador 1W 24K dom 14.5 | hydra 0W 19K dom 7.0
2026-06-12T17:14:32.958Z [league] matador vs shrike · seed 54075 · arena #31 · matador 1W 30K dom 18.0 | shrike 0W 23K dom 8.0
2026-06-12T17:15:02.906Z [league] matador vs cuadrilla · seed 54076 · arena #41 · matador 1W 33K dom 18.5 | cuadrilla 0W 29K dom 12.5
2026-06-12T17:15:33.267Z [league] matador vs orca · seed 54077 · arena #53 · matador 0W 20K dom 9.5 | orca 1W 21K dom 11.0
2026-06-12T17:16:03.022Z [league] matador vs neural · seed 54078 · arena #67 · matador 1W 19K dom 16.5 | neural 0W 5K dom -4.5
2026-06-12T17:16:33.029Z [league] matador vs angler · seed 54079 · arena #88 · matador 0W 15K dom 2.0 | angler 1W 23K dom 15.0
2026-06-12T17:17:03.282Z [league] matador vs disciple · seed 54080 · arena #0 · matador 1W 22K dom 22.0 | disciple 0W 0K dom -11.0
2026-06-12T17:17:33.442Z [league] matador vs prodigy · seed 54081 · arena #5 · matador 1W 35K dom 34.0 | prodigy 0W 1K dom -16.5
2026-06-12T17:18:03.683Z [league] matador vs buttstein · seed 54082 · arena #11 · matador 1W 14K dom 14.0 | buttstein 0W 0K dom -7.0
2026-06-12T17:18:33.712Z [league] matador vs mojojojo · seed 54083 · arena #19 · matador 1W 20K dom 20.0 | mojojojo 0W 0K dom -12.0
2026-06-12T17:19:02.912Z [league] kestrel vs wolf · seed 54084 · arena #23 · kestrel 0W 20K dom 8.0 | wolf 1W 24K dom 14.0
2026-06-12T17:19:32.970Z [league] kestrel vs plover · seed 54085 · arena #31 · kestrel 1W 27K dom 18.5 | plover 0W 17K dom 3.0
2026-06-12T17:20:03.027Z [league] kestrel vs hydra · seed 54086 · arena #41 · kestrel 1W 23K dom 13.0 | hydra 0W 20K dom 8.5
2026-06-12T17:20:33.139Z [league] kestrel vs shrike · seed 54087 · arena #53 · kestrel 0W 20K dom 9.0 | shrike 1W 22K dom 12.0
2026-06-12T17:21:02.996Z [league] kestrel vs cuadrilla · seed 54088 · arena #67 · kestrel 1W 23K dom 14.0 | cuadrilla 0W 17K dom 5.0
2026-06-12T17:21:33.264Z [league] kestrel vs orca · seed 54089 · arena #88 · kestrel 1W 29K dom 17.5 | orca 0W 23K dom 8.5
2026-06-12T17:22:03.011Z [league] kestrel vs neural · seed 54090 · arena #0 · kestrel 1W 19K dom 18.0 | neural 0W 1K dom -8.5
2026-06-12T17:22:33.091Z [league] kestrel vs angler · seed 54091 · arena #5 · kestrel 1W 26K dom 15.0 | angler 0W 22K dom 9.0
2026-06-12T17:23:03.212Z [league] kestrel vs disciple · seed 54092 · arena #11 · kestrel 1W 28K dom 28.0 | disciple 0W 0K dom -14.0
2026-06-12T17:23:33.517Z [league] kestrel vs prodigy · seed 54093 · arena #19 · kestrel 1W 31K dom 30.5 | prodigy 0W 1K dom -14.5
2026-06-12T17:24:03.572Z [league] kestrel vs buttstein · seed 54094 · arena #23 · kestrel 1W 25K dom 25.0 | buttstein 0W 0K dom -13.0
2026-06-12T17:24:33.659Z [league] kestrel vs mojojojo · seed 54095 · arena #31 · kestrel 1W 25K dom 24.5 | mojojojo 0W 1K dom -12.0
2026-06-12T17:25:02.948Z [league] wolf vs plover · seed 54096 · arena #41 · wolf 1W 30K dom 19.0 | plover 0W 21K dom 6.0
2026-06-12T17:25:33.025Z [league] wolf vs hydra · seed 54097 · arena #53 · wolf 1W 23K dom 14.5 | hydra 0W 17K dom 5.5
2026-06-12T17:26:03.111Z [league] wolf vs shrike · seed 54098 · arena #67 · wolf 1W 26K dom 17.0 | shrike 0W 18K dom 5.0
2026-06-12T17:26:33.026Z [league] wolf vs cuadrilla · seed 54099 · arena #88 · wolf 1W 28K dom 16.0 | cuadrilla 0W 24K dom 10.0
2026-06-12T17:27:03.266Z [league] wolf vs orca · seed 54100 · arena #0 · wolf 1W 27K dom 17.0 | orca 0W 20K dom 6.5
2026-06-12T17:27:32.904Z [league] wolf vs neural · seed 54101 · arena #5 · wolf 1W 16K dom 15.0 | neural 0W 2K dom -6.0
2026-06-12T17:28:03.023Z [league] wolf vs angler · seed 54102 · arena #11 · wolf 0W 21K dom 8.0 | angler 1W 25K dom 14.5
2026-06-12T17:28:33.115Z [league] wolf vs disciple · seed 54103 · arena #19 · wolf 1W 25K dom 25.0 | disciple 0W 0K dom -12.5
2026-06-12T17:29:03.457Z [league] wolf vs prodigy · seed 54104 · arena #23 · wolf 1W 26K dom 26.0 | prodigy 0W 0K dom -13.5
2026-06-12T17:29:33.491Z [league] wolf vs buttstein · seed 54105 · arena #31 · wolf 1W 24K dom 24.0 | buttstein 0W 0K dom -12.0
2026-06-12T17:30:03.444Z [league] wolf vs mojojojo · seed 54106 · arena #41 · wolf 1W 30K dom 29.5 | mojojojo 0W 1K dom -14.5
2026-06-12T17:30:33.243Z [league] plover vs hydra · seed 54107 · arena #53 · plover 1W 22K dom 11.5 | hydra 0W 21K dom 10.0
2026-06-12T17:31:03.279Z [league] plover vs shrike · seed 54108 · arena #67 · plover 0W 21K dom 8.0 | shrike 1W 26K dom 15.0
2026-06-12T17:31:33.170Z [league] plover vs cuadrilla · seed 54109 · arena #88 · plover 1W 20K dom 12.0 | cuadrilla 0W 16K dom 6.0
2026-06-12T17:32:03.432Z [league] plover vs orca · seed 54110 · arena #0 · plover 1W 21K dom 11.0 | orca 0W 20K dom 9.0
2026-06-12T17:32:33.107Z [league] plover vs neural · seed 54111 · arena #5 · plover 1W 18K dom 16.5 | neural 0W 3K dom -6.5
2026-06-12T17:33:03.247Z [league] plover vs angler · seed 54112 · arena #11 · plover 0W 23K dom 8.5 | angler 1W 29K dom 17.0
2026-06-12T17:33:33.374Z [league] plover vs disciple · seed 54113 · arena #19 · plover 1W 16K dom 16.0 | disciple 0W 0K dom -8.0
2026-06-12T17:34:03.730Z [league] plover vs prodigy · seed 54114 · arena #23 · plover 1W 21K dom 18.5 | prodigy 0W 5K dom -6.0
2026-06-12T17:34:33.751Z [league] plover vs buttstein · seed 54115 · arena #31 · plover 1W 21K dom 21.0 | buttstein 0W 0K dom -11.0
2026-06-12T17:35:03.800Z [league] plover vs mojojojo · seed 54116 · arena #41 · plover 1W 15K dom 14.0 | mojojojo 0W 0K dom -8.0
2026-06-12T17:35:33.258Z [league] hydra vs shrike · seed 54117 · arena #53 · hydra 0W 16K dom 6.0 | shrike 1W 19K dom 10.5
2026-06-12T17:36:03.156Z [league] hydra vs cuadrilla · seed 54118 · arena #67 · hydra 1W 27K dom 14.0 | cuadrilla 0W 26K dom 12.5
2026-06-12T17:36:33.413Z [league] hydra vs orca · seed 54119 · arena #88 · hydra 0W 18K dom 6.5 | orca 1W 23K dom 14.0
2026-06-12T17:37:03.187Z [league] hydra vs neural · seed 54120 · arena #0 · hydra 1W 20K dom 18.0 | neural 0W 4K dom -6.0
2026-06-12T17:37:33.154Z [league] hydra vs angler · seed 54121 · arena #5 · hydra 0W 22K dom 10.0 | angler 0W 22K dom 10.0
2026-06-12T17:38:03.313Z [league] hydra vs disciple · seed 54122 · arena #11 · hydra 1W 26K dom 25.5 | disciple 0W 1K dom -12.0
2026-06-12T17:38:33.778Z [league] hydra vs prodigy · seed 54123 · arena #19 · hydra 1W 23K dom 23.0 | prodigy 0W 0K dom -11.5
2026-06-12T17:39:03.717Z [league] hydra vs buttstein · seed 54124 · arena #23 · hydra 1W 23K dom 22.5 | buttstein 0W 0K dom -11.5
2026-06-12T17:39:33.791Z [league] hydra vs mojojojo · seed 54125 · arena #31 · hydra 1W 24K dom 23.5 | mojojojo 0W 1K dom -11.0
2026-06-12T17:40:03.228Z [league] shrike vs cuadrilla · seed 54126 · arena #41 · shrike 1W 27K dom 14.5 | cuadrilla 0W 25K dom 11.5
2026-06-12T17:40:33.537Z [league] shrike vs orca · seed 54127 · arena #53 · shrike 1W 22K dom 12.0 | orca 0W 20K dom 9.0
2026-06-12T17:41:03.227Z [league] shrike vs neural · seed 54128 · arena #67 · shrike 1W 17K dom 17.0 | neural 0W 0K dom -8.5
2026-06-12T17:41:33.281Z [league] shrike vs angler · seed 54129 · arena #88 · shrike 0W 29K dom 14.5 | angler 0W 29K dom 14.5
2026-06-12T17:42:03.450Z [league] shrike vs disciple · seed 54130 · arena #0 · shrike 1W 20K dom 19.5 | disciple 0W 1K dom -9.0
2026-06-12T17:42:33.752Z [league] shrike vs prodigy · seed 54131 · arena #5 · shrike 1W 26K dom 23.5 | prodigy 0W 2K dom -11.5
2026-06-12T17:43:03.820Z [league] shrike vs buttstein · seed 54132 · arena #11 · shrike 1W 21K dom 21.0 | buttstein 0W 0K dom -10.5
2026-06-12T17:43:33.889Z [league] shrike vs mojojojo · seed 54133 · arena #19 · shrike 1W 27K dom 27.0 | mojojojo 0W 0K dom -13.5
2026-06-12T17:44:03.501Z [league] cuadrilla vs orca · seed 54134 · arena #23 · cuadrilla 0W 20K dom 6.5 | orca 1W 27K dom 17.0
2026-06-12T17:44:33.312Z [league] cuadrilla vs neural · seed 54135 · arena #31 · cuadrilla 1W 9K dom 8.0 | neural 0W 2K dom -3.0
2026-06-12T17:45:03.335Z [league] cuadrilla vs angler · seed 54136 · arena #41 · cuadrilla 0W 26K dom 12.0 | angler 1W 28K dom 15.0
2026-06-12T17:45:33.306Z [league] cuadrilla vs disciple · seed 54137 · arena #53 · cuadrilla 1W 19K dom 19.0 | disciple 0W 0K dom -9.5
2026-06-12T17:46:03.788Z [league] cuadrilla vs prodigy · seed 54138 · arena #67 · cuadrilla 1W 22K dom 22.0 | prodigy 0W 0K dom -11.0
2026-06-12T17:46:33.761Z [league] cuadrilla vs buttstein · seed 54139 · arena #88 · cuadrilla 1W 20K dom 20.0 | buttstein 0W 0K dom -10.5
2026-06-12T17:47:03.889Z [league] cuadrilla vs mojojojo · seed 54140 · arena #0 · cuadrilla 1W 20K dom 20.0 | mojojojo 0W 0K dom -10.0
2026-06-12T17:47:33.545Z [league] orca vs neural · seed 54141 · arena #5 · orca 1W 28K dom 26.0 | neural 0W 4K dom -10.0
2026-06-12T17:48:03.564Z [league] orca vs angler · seed 54142 · arena #11 · orca 0W 27K dom 13.5 | angler 0W 27K dom 13.5
2026-06-12T17:48:33.786Z [league] orca vs disciple · seed 54143 · arena #19 · orca 1W 24K dom 23.5 | disciple 0W 1K dom -11.0
2026-06-12T17:49:04.083Z [league] orca vs prodigy · seed 54144 · arena #23 · orca 1W 25K dom 23.0 | prodigy 0W 3K dom -10.0
2026-06-12T17:49:34.050Z [league] orca vs buttstein · seed 54145 · arena #31 · orca 1W 30K dom 30.0 | buttstein 0W 0K dom -15.0
2026-06-12T17:50:04.095Z [league] orca vs mojojojo · seed 54146 · arena #41 · orca 1W 29K dom 28.5 | mojojojo 0W 1K dom -13.5
2026-06-12T17:50:33.363Z [league] neural vs angler · seed 54147 · arena #53 · neural 0W 1K dom -11.0 | angler 1W 24K dom 23.0
2026-06-12T17:51:03.442Z [league] neural vs disciple · seed 54148 · arena #67 · neural 1W 1K dom 1.0 | disciple 0W 0K dom -0.5
2026-06-12T17:51:33.778Z [league] neural vs prodigy · seed 54149 · arena #88 · neural 0W 1K dom 0.5 | prodigy 0W 1K dom 0.5
2026-06-12T17:52:04.186Z [league] neural vs buttstein · seed 54150 · arena #0 · neural 0W 0K dom 0.0 | buttstein 0W 0K dom 0.0
2026-06-12T17:52:33.831Z [league] neural vs mojojojo · seed 54151 · arena #5 · neural 0W 2K dom 0.5 | mojojojo 1W 3K dom 2.0
2026-06-12T17:53:03.521Z [league] angler vs disciple · seed 54152 · arena #11 · angler 1W 23K dom 22.5 | disciple 0W 1K dom -10.5
2026-06-12T17:53:33.786Z [league] angler vs prodigy · seed 54153 · arena #19 · angler 1W 32K dom 31.5 | prodigy 0W 1K dom -15.0
2026-06-12T17:54:03.707Z [league] angler vs buttstein · seed 54154 · arena #23 · angler 1W 22K dom 22.0 | buttstein 0W 0K dom -11.0
2026-06-12T17:54:33.738Z [league] angler vs mojojojo · seed 54155 · arena #31 · angler 1W 27K dom 26.5 | mojojojo 0W 1K dom -12.5
2026-06-12T17:55:04.165Z [league] disciple vs prodigy · seed 54156 · arena #41 · disciple 1W 0K dom 0.0 | prodigy 0W 0K dom -1.5
2026-06-12T17:55:34.101Z [league] disciple vs buttstein · seed 54157 · arena #53 · disciple 0W 0K dom 0.0 | buttstein 0W 0K dom 0.0
2026-06-12T17:56:04.115Z [league] disciple vs mojojojo · seed 54158 · arena #67 · disciple 1W 2K dom 2.0 | mojojojo 0W 0K dom -1.0
2026-06-12T17:56:34.487Z [league] prodigy vs buttstein · seed 54159 · arena #88 · prodigy 1W 3K dom 1.5 | buttstein 0W 1K dom -0.5
2026-06-12T17:57:04.457Z [league] prodigy vs mojojojo · seed 54160 · arena #0 · prodigy 0W 1K dom 0.0 | mojojojo 0W 1K dom 0.0
2026-06-12T17:57:34.522Z [league] buttstein vs mojojojo · seed 54161 · arena #5 · buttstein 0W 0K dom 0.0 | mojojojo 0W 0K dom 0.0
2026-06-12T17:58:02.024Z [league] new round-robin pass: 17 engines, 136 pairings
2026-06-12T17:58:06.841Z [league] datasets/ at 54.33 GB — OVER WARN THRESHOLD, consider archiving
2026-06-12T17:58:09.045Z [league] classic vs pilot · seed 54162 · arena #11 · classic 0W 12K dom -5.5 | pilot 1W 35K dom 28.0
2026-06-12T17:58:33.180Z [league] classic vs reaper · seed 54163 · arena #19 · classic 0W 7K dom -8.0 | reaper 1W 30K dom 26.0
2026-06-12T17:59:03.128Z [league] classic vs matador · seed 54164 · arena #23 · classic 0W 15K dom -4.0 | matador 1W 38K dom 29.5
2026-06-12T17:59:33.283Z [league] classic vs kestrel · seed 54165 · arena #31 · classic 0W 9K dom -8.5 | kestrel 1W 35K dom 30.0
2026-06-12T18:00:03.190Z [league] classic vs wolf · seed 54166 · arena #41 · classic 0W 10K dom -3.5 | wolf 1W 27K dom 22.0
2026-06-12T18:00:33.251Z [league] classic vs plover · seed 54167 · arena #53 · classic 0W 14K dom 0.5 | plover 1W 27K dom 19.5
2026-06-12T18:01:03.345Z [league] classic vs hydra · seed 54168 · arena #67 · classic 0W 9K dom -4.0 | hydra 1W 26K dom 21.5
2026-06-12T18:01:33.364Z [league] classic vs shrike · seed 54169 · arena #88 · classic 0W 15K dom 1.5 | shrike 1W 27K dom 19.5
2026-06-12T18:02:03.266Z [league] classic vs cuadrilla · seed 54170 · arena #0 · classic 0W 7K dom -6.0 | cuadrilla 1W 26K dom 21.5
2026-06-12T18:02:33.504Z [league] classic vs orca · seed 54171 · arena #5 · classic 0W 13K dom -1.5 | orca 1W 29K dom 22.5
2026-06-12T18:03:03.240Z [league] classic vs neural · seed 54172 · arena #11 · classic 1W 7K dom 6.5 | neural 0W 1K dom -3.0
2026-06-12T18:03:33.243Z [league] classic vs angler · seed 54173 · arena #19 · classic 0W 17K dom 1.0 | angler 1W 31K dom 22.5
2026-06-12T18:04:03.467Z [league] classic vs disciple · seed 54174 · arena #23 · classic 1W 16K dom 14.0 | disciple 0W 3K dom -5.0
2026-06-12T18:04:33.915Z [league] classic vs prodigy · seed 54175 · arena #31 · classic 1W 17K dom 16.0 | prodigy 0W 2K dom -6.5
2026-06-12T18:05:03.905Z [league] classic vs buttstein · seed 54176 · arena #41 · classic 1W 16K dom 16.0 | buttstein 0W 0K dom -8.0
2026-06-12T18:05:41.736Z [league] classic vs mojojojo · seed 54177 · arena #53 · classic 1W 17K dom 15.0 | mojojojo 0W 3K dom -6.5
2026-06-12T18:06:02.994Z [league] pilot vs reaper · seed 54178 · arena #67 · pilot 1W 28K dom 16.0 | reaper 0W 23K dom 9.0
2026-06-12T18:06:33.118Z [league] pilot vs matador · seed 54179 · arena #88 · pilot 0W 26K dom 8.0 | matador 1W 36K dom 23.0
2026-06-12T18:07:03.229Z [league] pilot vs kestrel · seed 54180 · arena #0 · pilot 0W 22K dom 9.0 | kestrel 1W 25K dom 13.5
2026-06-12T18:07:33.082Z [league] pilot vs wolf · seed 54181 · arena #5 · pilot 1W 25K dom 12.5 | wolf 0W 25K dom 12.0
2026-06-12T18:08:03.390Z [league] pilot vs plover · seed 54182 · arena #11 · pilot 1W 17K dom 9.0 | plover 0W 16K dom 7.5
2026-06-12T18:08:33.689Z [league] pilot vs hydra · seed 54183 · arena #19 · pilot 1W 16K dom 7.5 | hydra 0W 15K dom 6.5
2026-06-12T18:09:03.512Z [league] pilot vs shrike · seed 54184 · arena #23 · pilot 0W 20K dom 9.5 | shrike 1W 21K dom 11.0
2026-06-12T18:09:33.414Z [league] pilot vs cuadrilla · seed 54185 · arena #31 · pilot 1W 21K dom 13.5 | cuadrilla 0W 15K dom 4.5
2026-06-12T18:10:03.653Z [league] pilot vs orca · seed 54186 · arena #41 · pilot 0W 22K dom 11.0 | orca 0W 22K dom 11.0
2026-06-12T18:10:33.400Z [league] pilot vs neural · seed 54187 · arena #53 · pilot 1W 18K dom 16.5 | neural 0W 2K dom -7.0
2026-06-12T18:11:03.383Z [league] pilot vs angler · seed 54188 · arena #67 · pilot 0W 21K dom 9.5 | angler 1W 23K dom 12.0
2026-06-12T18:11:33.639Z [league] pilot vs disciple · seed 54189 · arena #88 · pilot 1W 21K dom 20.0 | disciple 0W 2K dom -8.5
2026-06-12T18:12:03.820Z [league] pilot vs prodigy · seed 54190 · arena #0 · pilot 1W 19K dom 17.0 | prodigy 0W 3K dom -9.0
2026-06-12T18:12:33.870Z [league] pilot vs buttstein · seed 54191 · arena #5 · pilot 1W 19K dom 18.5 | buttstein 0W 0K dom -9.5
2026-06-12T18:13:03.987Z [league] pilot vs mojojojo · seed 54192 · arena #11 · pilot 1W 22K dom 21.5 | mojojojo 0W 1K dom -10.0
2026-06-12T18:13:33.546Z [league] reaper vs matador · seed 54193 · arena #19 · reaper 0W 21K dom 8.5 | matador 1W 23K dom 11.0
2026-06-12T18:14:03.227Z [league] reaper vs kestrel · seed 54194 · arena #23 · reaper 0W 18K dom 3.5 | kestrel 1W 27K dom 18.0
2026-06-12T18:14:33.164Z [league] reaper vs wolf · seed 54195 · arena #31 · reaper 0W 23K dom 10.5 | wolf 1W 25K dom 13.5
2026-06-12T18:15:03.289Z [league] reaper vs plover · seed 54196 · arena #41 · reaper 1W 21K dom 13.0 | plover 0W 16K dom 5.5
2026-06-12T18:15:33.256Z [league] reaper vs hydra · seed 54197 · arena #53 · reaper 1W 23K dom 12.0 | hydra 0W 21K dom 9.5
2026-06-12T18:16:03.372Z [league] reaper vs shrike · seed 54198 · arena #67 · reaper 0W 21K dom 6.5 | shrike 1W 29K dom 18.5
2026-06-12T18:16:33.437Z [league] reaper vs cuadrilla · seed 54199 · arena #88 · reaper 0W 16K dom 7.5 | cuadrilla 1W 17K dom 9.0
2026-06-12T18:17:03.531Z [league] reaper vs orca · seed 54200 · arena #0 · reaper 0W 25K dom 12.5 | orca 0W 25K dom 12.5
2026-06-12T18:17:33.243Z [league] reaper vs neural · seed 54201 · arena #5 · reaper 1W 15K dom 15.0 | neural 0W 0K dom -7.5
2026-06-12T18:18:03.264Z [league] reaper vs angler · seed 54202 · arena #11 · reaper 0W 18K dom 4.0 | angler 1W 28K dom 18.5
2026-06-12T18:18:33.480Z [league] reaper vs disciple · seed 54203 · arena #19 · reaper 1W 21K dom 20.0 | disciple 0W 1K dom -9.5
2026-06-12T18:19:03.918Z [league] reaper vs prodigy · seed 54204 · arena #23 · reaper 1W 16K dom 15.5 | prodigy 0W 0K dom -8.5
2026-06-12T18:19:33.716Z [league] reaper vs buttstein · seed 54205 · arena #31 · reaper 1W 30K dom 29.5 | buttstein 0W 1K dom -15.0
2026-06-12T18:20:03.803Z [league] reaper vs mojojojo · seed 54206 · arena #41 · reaper 1W 26K dom 26.0 | mojojojo 0W 0K dom -13.0
2026-06-12T18:20:33.185Z [league] matador vs kestrel · seed 54207 · arena #53 · matador 1W 21K dom 11.5 | kestrel 0W 19K dom 8.5
2026-06-12T18:21:03.195Z [league] matador vs wolf · seed 54208 · arena #67 · matador 1W 22K dom 11.5 | wolf 0W 21K dom 10.0
2026-06-12T18:21:33.239Z [league] matador vs plover · seed 54209 · arena #88 · matador 1W 27K dom 17.5 | plover 0W 19K dom 5.5
2026-06-12T18:22:03.322Z [league] matador vs hydra · seed 54210 · arena #0 · matador 1W 20K dom 11.0 | hydra 0W 18K dom 8.0
2026-06-12T18:22:33.341Z [league] matador vs shrike · seed 54211 · arena #5 · matador 1W 32K dom 19.0 | shrike 0W 26K dom 10.0
2026-06-12T18:23:03.346Z [league] matador vs cuadrilla · seed 54212 · arena #11 · matador 1W 29K dom 17.5 | cuadrilla 0W 23K dom 8.5
2026-06-12T18:23:33.743Z [league] matador vs orca · seed 54213 · arena #19 · matador 1W 22K dom 11.0 | orca 0W 21K dom 10.0
2026-06-12T18:24:03.443Z [league] matador vs neural · seed 54214 · arena #23 · matador 1W 26K dom 25.0 | neural 0W 2K dom -11.0
2026-06-12T18:24:33.353Z [league] matador vs angler · seed 54215 · arena #31 · matador 1W 24K dom 12.0 | angler 0W 23K dom 10.5
2026-06-12T18:25:03.515Z [league] matador vs disciple · seed 54216 · arena #41 · matador 1W 26K dom 25.5 | disciple 0W 0K dom -13.0
2026-06-12T18:25:33.885Z [league] matador vs prodigy · seed 54217 · arena #53 · matador 1W 32K dom 30.0 | prodigy 0W 3K dom -13.0
2026-06-12T18:26:03.793Z [league] matador vs buttstein · seed 54218 · arena #67 · matador 1W 21K dom 20.0 | buttstein 0W 0K dom -11.5
2026-06-12T18:26:33.809Z [league] matador vs mojojojo · seed 54219 · arena #88 · matador 1W 23K dom 23.0 | mojojojo 0W 0K dom -12.0
2026-06-12T18:27:03.189Z [league] kestrel vs wolf · seed 54220 · arena #0 · kestrel 0W 19K dom 6.5 | wolf 1W 25K dom 15.5
2026-06-12T18:27:33.394Z [league] kestrel vs plover · seed 54221 · arena #5 · kestrel 1W 21K dom 12.0 | plover 0W 18K dom 7.5
2026-06-12T18:28:05.703Z [league] kestrel vs hydra · seed 54222 · arena #11 · kestrel 1W 29K dom 16.5 | hydra 0W 25K dom 10.5
2026-06-12T18:28:36.205Z [league] kestrel vs shrike · seed 54223 · arena #19 · kestrel 0W 20K dom 9.0 | shrike 1W 22K dom 11.5
2026-06-12T18:29:06.244Z [league] kestrel vs cuadrilla · seed 54224 · arena #23 · kestrel 1W 23K dom 13.5 | cuadrilla 0W 19K dom 7.5
2026-06-12T18:29:37.347Z [league] kestrel vs orca · seed 54225 · arena #31 · kestrel 1W 23K dom 12.5 | orca 0W 21K dom 9.5
2026-06-12T18:30:07.373Z [league] kestrel vs neural · seed 54226 · arena #41 · kestrel 1W 23K dom 22.5 | neural 0W 1K dom -11.0
2026-06-12T18:30:36.145Z [league] kestrel vs angler · seed 54227 · arena #53 · kestrel 0W 18K dom 6.0 | angler 1W 24K dom 14.5
2026-06-12T18:31:06.070Z [league] kestrel vs disciple · seed 54228 · arena #67 · kestrel 1W 18K dom 17.5 | disciple 0W 0K dom -9.0
2026-06-12T18:31:36.650Z [league] kestrel vs prodigy · seed 54229 · arena #88 · kestrel 1W 29K dom 29.0 | prodigy 0W 0K dom -14.5
2026-06-12T18:32:06.763Z [league] kestrel vs buttstein · seed 54230 · arena #0 · kestrel 1W 33K dom 33.0 | buttstein 0W 0K dom -17.0
2026-06-12T18:32:37.251Z [league] kestrel vs mojojojo · seed 54231 · arena #5 · kestrel 1W 27K dom 26.5 | mojojojo 0W 1K dom -12.5
2026-06-12T18:33:05.808Z [league] wolf vs plover · seed 54232 · arena #11 · wolf 1W 23K dom 15.5 | plover 0W 15K dom 3.5
2026-06-12T18:33:35.774Z [league] wolf vs hydra · seed 54233 · arena #19 · wolf 1W 26K dom 15.5 | hydra 0W 21K dom 8.0
2026-06-12T18:34:06.231Z [league] wolf vs shrike · seed 54234 · arena #23 · wolf 1W 22K dom 11.0 | shrike 0W 20K dom 9.0
2026-06-12T18:34:35.216Z [league] wolf vs cuadrilla · seed 54235 · arena #31 · wolf 1W 17K dom 9.0 | cuadrilla 0W 15K dom 6.0
2026-06-12T18:35:06.498Z [league] wolf vs orca · seed 54236 · arena #41 · wolf 0W 16K dom 5.0 | orca 1W 22K dom 14.0
2026-06-12T18:35:35.416Z [league] wolf vs neural · seed 54237 · arena #53 · wolf 1W 19K dom 17.5 | neural 0W 3K dom -6.5
2026-06-12T18:36:05.193Z [league] wolf vs angler · seed 54238 · arena #67 · wolf 1W 23K dom 12.0 | angler 0W 21K dom 9.0
2026-06-12T18:36:35.627Z [league] wolf vs disciple · seed 54239 · arena #88 · wolf 1W 28K dom 27.5 | disciple 0W 0K dom -14.5
2026-06-12T18:37:05.863Z [league] wolf vs prodigy · seed 54240 · arena #0 · wolf 1W 29K dom 28.5 | prodigy 0W 1K dom -13.5
2026-06-12T18:37:36.854Z [league] wolf vs buttstein · seed 54241 · arena #5 · wolf 1W 20K dom 20.0 | buttstein 0W 0K dom -10.0
2026-06-12T18:38:05.193Z [league] wolf vs mojojojo · seed 54242 · arena #11 · wolf 1W 24K dom 23.5 | mojojojo 0W 0K dom -12.0
2026-06-12T18:38:36.067Z [league] plover vs hydra · seed 54243 · arena #19 · plover 0W 23K dom 10.5 | hydra 1W 25K dom 13.5
2026-06-12T18:39:06.231Z [league] plover vs shrike · seed 54244 · arena #23 · plover 0W 18K dom 6.5 | shrike 1W 23K dom 14.0
2026-06-12T18:39:35.849Z [league] plover vs cuadrilla · seed 54245 · arena #31 · plover 0W 25K dom 10.0 | cuadrilla 1W 30K dom 17.5
2026-06-12T18:40:06.571Z [league] plover vs orca · seed 54246 · arena #41 · plover 0W 21K dom 10.5 | orca 0W 21K dom 10.5
2026-06-12T18:40:35.984Z [league] plover vs neural · seed 54247 · arena #53 · plover 1W 21K dom 19.5 | neural 0W 3K dom -7.5
2026-06-12T18:41:05.898Z [league] plover vs angler · seed 54248 · arena #67 · plover 0W 23K dom 5.5 | angler 1W 35K dom 23.5
2026-06-12T18:41:36.295Z [league] plover vs disciple · seed 54249 · arena #88 · plover 1W 15K dom 14.5 | disciple 0W 0K dom -7.5
2026-06-12T18:42:07.220Z [league] plover vs prodigy · seed 54250 · arena #0 · plover 1W 30K dom 29.0 | prodigy 0W 1K dom -14.0
2026-06-12T18:42:37.344Z [league] plover vs buttstein · seed 54251 · arena #5 · plover 1W 20K dom 19.5 | buttstein 0W 0K dom -10.0
2026-06-12T18:43:07.845Z [league] plover vs mojojojo · seed 54252 · arena #11 · plover 1W 19K dom 19.0 | mojojojo 0W 0K dom -9.5
2026-06-12T18:43:36.327Z [league] hydra vs shrike · seed 54253 · arena #19 · hydra 0W 25K dom 11.0 | shrike 1W 28K dom 15.5
2026-06-12T18:44:05.911Z [league] hydra vs cuadrilla · seed 54254 · arena #23 · hydra 0W 15K dom 5.5 | cuadrilla 1W 19K dom 11.0
2026-06-12T18:44:36.241Z [league] hydra vs orca · seed 54255 · arena #31 · hydra 0W 24K dom 11.0 | orca 1W 25K dom 13.0
2026-06-12T18:45:04.748Z [league] hydra vs neural · seed 54256 · arena #41 · hydra 1W 26K dom 25.0 | neural 0W 2K dom -11.0
2026-06-12T18:45:36.600Z [league] hydra vs angler · seed 54257 · arena #53 · hydra 0W 17K dom 0.0 | angler 1W 34K dom 25.5
2026-06-12T18:46:06.313Z [league] hydra vs disciple · seed 54258 · arena #67 · hydra 1W 22K dom 20.5 | disciple 0W 2K dom -9.0
2026-06-12T18:46:37.316Z [league] hydra vs prodigy · seed 54259 · arena #88 · hydra 1W 28K dom 27.0 | prodigy 0W 2K dom -12.0
2026-06-12T18:47:06.579Z [league] hydra vs buttstein · seed 54260 · arena #0 · hydra 1W 14K dom 14.0 | buttstein 0W 0K dom -7.0
2026-06-12T18:47:36.093Z [league] hydra vs mojojojo · seed 54261 · arena #5 · hydra 1W 18K dom 17.5 | mojojojo 0W 0K dom -9.5
2026-06-12T18:48:05.628Z [league] shrike vs cuadrilla · seed 54262 · arena #11 · shrike 1W 21K dom 11.0 | cuadrilla 0W 20K dom 9.5
2026-06-12T18:48:36.302Z [league] shrike vs orca · seed 54263 · arena #19 · shrike 1W 30K dom 17.0 | orca 0W 26K dom 11.0
2026-06-12T18:49:05.648Z [league] shrike vs neural · seed 54264 · arena #23 · shrike 1W 22K dom 20.0 | neural 0W 3K dom -8.5
2026-06-12T18:49:35.907Z [league] shrike vs angler · seed 54265 · arena #31 · shrike 0W 22K dom 11.0 | angler 0W 22K dom 11.0
2026-06-12T18:50:06.357Z [league] shrike vs disciple · seed 54266 · arena #41 · shrike 1W 30K dom 29.5 | disciple 0W 1K dom -14.0
2026-06-12T18:50:37.519Z [league] shrike vs prodigy · seed 54267 · arena #53 · shrike 1W 28K dom 27.5 | prodigy 0W 1K dom -13.0
2026-06-12T18:51:08.116Z [league] shrike vs buttstein · seed 54268 · arena #67 · shrike 1W 22K dom 22.0 | buttstein 0W 0K dom -11.0
2026-06-12T18:51:37.530Z [league] shrike vs mojojojo · seed 54269 · arena #88 · shrike 1W 21K dom 21.0 | mojojojo 0W 0K dom -10.5
2026-06-12T18:52:06.711Z [league] cuadrilla vs orca · seed 54270 · arena #0 · cuadrilla 0W 18K dom 6.0 | orca 1W 23K dom 14.0
2026-06-12T18:52:35.794Z [league] cuadrilla vs neural · seed 54271 · arena #5 · cuadrilla 1W 23K dom 22.5 | neural 0W 1K dom -10.5
2026-06-12T18:53:06.232Z [league] cuadrilla vs angler · seed 54272 · arena #11 · cuadrilla 1W 23K dom 11.5 | angler 0W 23K dom 11.0
2026-06-12T18:53:36.440Z [league] cuadrilla vs disciple · seed 54273 · arena #19 · cuadrilla 1W 22K dom 21.5 | disciple 0W 1K dom -10.0
2026-06-12T18:54:07.481Z [league] cuadrilla vs prodigy · seed 54274 · arena #23 · cuadrilla 1W 30K dom 29.5 | prodigy 0W 1K dom -14.0
2026-06-12T18:54:37.557Z [league] cuadrilla vs buttstein · seed 54275 · arena #31 · cuadrilla 1W 27K dom 27.0 | buttstein 0W 0K dom -13.5
2026-06-12T18:55:07.258Z [league] cuadrilla vs mojojojo · seed 54276 · arena #41 · cuadrilla 1W 30K dom 29.5 | mojojojo 0W 1K dom -14.0
2026-06-12T18:55:37.182Z [league] orca vs neural · seed 54277 · arena #53 · orca 1W 14K dom 12.5 | neural 0W 3K dom -4.0
2026-06-12T18:56:06.485Z [league] orca vs angler · seed 54278 · arena #67 · orca 0W 24K dom 10.0 | angler 1W 27K dom 14.5
2026-06-12T18:56:35.256Z [league] orca vs disciple · seed 54279 · arena #88 · orca 1W 15K dom 15.0 | disciple 0W 0K dom -8.0
2026-06-12T18:57:07.867Z [league] orca vs prodigy · seed 54280 · arena #0 · orca 1W 24K dom 23.5 | prodigy 0W 1K dom -11.0
2026-06-12T18:57:37.650Z [league] orca vs buttstein · seed 54281 · arena #5 · orca 1W 17K dom 16.5 | buttstein 0W 0K dom -8.5
2026-06-12T18:58:08.107Z [league] orca vs mojojojo · seed 54282 · arena #11 · orca 1W 28K dom 27.5 | mojojojo 0W 1K dom -13.5
2026-06-12T18:58:36.327Z [league] neural vs angler · seed 54283 · arena #19 · neural 0W 2K dom -9.0 | angler 1W 22K dom 20.5
2026-06-12T18:59:05.850Z [league] neural vs disciple · seed 54284 · arena #23 · neural 1W 1K dom 1.0 | disciple 0W 0K dom -0.5
2026-06-12T18:59:36.516Z [league] neural vs prodigy · seed 54285 · arena #31 · neural 0W 0K dom -0.5 | prodigy 1W 1K dom 0.5
2026-06-12T19:00:06.231Z [league] neural vs buttstein · seed 54286 · arena #41 · neural 1W 1K dom -1.0 | buttstein 0W 0K dom -1.0
2026-06-12T19:00:38.119Z [league] neural vs mojojojo · seed 54287 · arena #53 · neural 0W 0K dom -0.5 | mojojojo 1W 1K dom 1.0
2026-06-12T19:01:01.474Z [league] pairing angler vs disciple FAILED (continuing): Command failed: pnpm arena --teams angler vs disciple --matches 1 --round 120 --seed 54288 --arena 67
2026-06-12T19:01:01.474Z [league] state write failed (continuing): ENOSPC: no space left on device, open '/Users/robertgrayson/code/soldat_remastered/soldat/arena-live/league-state.json'
2026-06-12T19:01:31.499Z [league] pairing angler vs prodigy FAILED (continuing): Command failed: pnpm arena --teams angler vs prodigy --matches 1 --round 120 --seed 54289 --arena 88
2026-06-12T19:01:31.500Z [league] state write failed (continuing): ENOSPC: no space left on device, open '/Users/robertgrayson/code/soldat_remastered/soldat/arena-live/league-state.json'
2026-06-12T19:02:01.509Z [league] pairing angler vs buttstein FAILED (continuing): Command failed: pnpm arena --teams angler vs buttstein --matches 1 --round 120 --seed 54290 --arena 0
2026-06-12T19:02:01.510Z [league] state write failed (continuing): ENOSPC: no space left on device, open '/Users/robertgrayson/code/soldat_remastered/soldat/arena-live/league-state.json'
2026-06-12T19:02:31.502Z [league] pairing angler vs mojojojo FAILED (continuing): Command failed: pnpm arena --teams angler vs mojojojo --matches 1 --round 120 --seed 54291 --arena 5
2026-06-12T19:02:31.502Z [league] state write failed (continuing): ENOSPC: no space left on device, open '/Users/robertgrayson/code/soldat_remastered/soldat/arena-live/league-state.json'
2026-06-12T19:03:01.513Z [league] pairing disciple vs prodigy FAILED (continuing): Command failed: pnpm arena --teams disciple vs prodigy --matches 1 --round 120 --seed 54292 --arena 11
2026-06-12T19:03:01.514Z [league] state write failed (continuing): ENOSPC: no space left on device, open '/Users/robertgrayson/code/soldat_remastered/soldat/arena-live/league-state.json'
2026-06-12T19:03:31.519Z [league] pairing disciple vs buttstein FAILED (continuing): Command failed: pnpm arena --teams disciple vs buttstein --matches 1 --round 120 --seed 54293 --arena 19
2026-06-12T19:03:31.519Z [league] state write failed (continuing): ENOSPC: no space left on device, open '/Users/robertgrayson/code/soldat_remastered/soldat/arena-live/league-state.json'
2026-06-12T19:04:01.502Z [league] pairing disciple vs mojojojo FAILED (continuing): Command failed: pnpm arena --teams disciple vs mojojojo --matches 1 --round 120 --seed 54294 --arena 23
2026-06-12T19:04:01.502Z [league] state write failed (continuing): ENOSPC: no space left on device, open '/Users/robertgrayson/code/soldat_remastered/soldat/arena-live/league-state.json'
2026-06-12T19:04:31.539Z [league] pairing prodigy vs buttstein FAILED (continuing): Command failed: pnpm arena --teams prodigy vs buttstein --matches 1 --round 120 --seed 54295 --arena 31
2026-06-12T19:04:31.541Z [league] state write failed (continuing): ENOSPC: no space left on device, open '/Users/robertgrayson/code/soldat_remastered/soldat/arena-live/league-state.json'
2026-06-12T19:05:01.518Z [league] pairing prodigy vs mojojojo FAILED (continuing): Command failed: pnpm arena --teams prodigy vs mojojojo --matches 1 --round 120 --seed 54296 --arena 41
2026-06-12T19:05:01.518Z [league] state write failed (continuing): ENOSPC: no space left on device, open '/Users/robertgrayson/code/soldat_remastered/soldat/arena-live/league-state.json'
2026-06-12T19:05:31.532Z [league] pairing buttstein vs mojojojo FAILED (continuing): Command failed: pnpm arena --teams buttstein vs mojojojo --matches 1 --round 120 --seed 54297 --arena 53
2026-06-12T19:05:31.532Z [league] state write failed (continuing): ENOSPC: no space left on device, open '/Users/robertgrayson/code/soldat_remastered/soldat/arena-live/league-state.json'
2026-06-12T19:06:01.509Z [league] new round-robin pass: 17 engines, 136 pairings
2026-06-12T19:06:17.061Z [league] pairing classic vs pilot FAILED (continuing): Command failed: pnpm arena --teams classic vs pilot --matches 1 --round 120 --seed 54298 --arena 67
2026-06-12T19:06:33.374Z [league] classic vs reaper · seed 54299 · arena #88 · classic 0W 15K dom 0.0 | reaper 1W 30K dom 21.5
2026-06-12T19:07:03.263Z [league] classic vs matador · seed 54300 · arena #0 · classic 0W 19K dom 2.5 | matador 1W 31K dom 21.5
2026-06-12T19:07:33.435Z [league] classic vs kestrel · seed 54301 · arena #5 · classic 0W 10K dom -3.5 | kestrel 1W 27K dom 22.0
2026-06-12T19:08:03.378Z [league] classic vs wolf · seed 54302 · arena #11 · classic 0W 12K dom -3.0 | wolf 1W 30K dom 24.0
2026-06-12T19:08:33.482Z [league] classic vs plover · seed 54303 · arena #19 · classic 0W 12K dom -2.5 | plover 1W 28K dom 22.0
2026-06-12T19:09:03.566Z [league] classic vs hydra · seed 54304 · arena #23 · classic 0W 11K dom -1.5 | hydra 1W 25K dom 19.0
2026-06-12T19:09:33.632Z [league] classic vs shrike · seed 54305 · arena #31 · classic 0W 12K dom -5.0 | shrike 1W 34K dom 28.0
2026-06-12T19:10:03.508Z [league] classic vs cuadrilla · seed 54306 · arena #41 · classic 0W 13K dom 0.5 | cuadrilla 1W 24K dom 17.5
2026-06-12T19:10:33.875Z [league] classic vs orca · seed 54307 · arena #53 · classic 0W 15K dom 1.0 | orca 1W 28K dom 20.0
2026-06-12T19:11:03.486Z [league] classic vs neural · seed 54308 · arena #67 · classic 1W 8K dom 6.0 | neural 0W 3K dom -1.5
2026-06-12T19:11:33.549Z [league] classic vs angler · seed 54309 · arena #88 · classic 0W 17K dom -0.5 | angler 1W 35K dom 26.5
2026-06-12T19:12:03.880Z [league] classic vs disciple · seed 54310 · arena #0 · classic 1W 13K dom 12.0 | disciple 0W 2K dom -4.5
2026-06-12T19:12:34.137Z [league] pairing classic vs prodigy FAILED (continuing): Command failed: pnpm arena --teams classic vs prodigy --matches 1 --round 120 --seed 54311 --arena 5
2026-06-12T19:12:34.263Z [league] state write failed (continuing): ENOSPC: no space left on device, open '/Users/robertgrayson/code/soldat_remastered/soldat/arena-live/league-state.json'
2026-06-12T19:13:01.608Z [league] pairing classic vs buttstein FAILED (continuing): Command failed: pnpm arena --teams classic vs buttstein --matches 1 --round 120 --seed 54312 --arena 11
2026-06-12T19:13:01.614Z [league] state write failed (continuing): ENOSPC: no space left on device, open '/Users/robertgrayson/code/soldat_remastered/soldat/arena-live/league-state.json'
2026-06-12T19:13:31.578Z [league] pairing classic vs mojojojo FAILED (continuing): Command failed: pnpm arena --teams classic vs mojojojo --matches 1 --round 120 --seed 54313 --arena 19
2026-06-12T19:13:31.578Z [league] state write failed (continuing): ENOSPC: no space left on device, open '/Users/robertgrayson/code/soldat_remastered/soldat/arena-live/league-state.json'
2026-06-12T19:14:01.577Z [league] pairing pilot vs reaper FAILED (continuing): Command failed: pnpm arena --teams pilot vs reaper --matches 1 --round 120 --seed 54314 --arena 23
2026-06-12T19:14:01.579Z [league] state write failed (continuing): ENOSPC: no space left on device, open '/Users/robertgrayson/code/soldat_remastered/soldat/arena-live/league-state.json'
2026-06-12T19:14:31.548Z [league] pairing pilot vs matador FAILED (continuing): Command failed: pnpm arena --teams pilot vs matador --matches 1 --round 120 --seed 54315 --arena 31
2026-06-12T19:14:31.549Z [league] state write failed (continuing): ENOSPC: no space left on device, open '/Users/robertgrayson/code/soldat_remastered/soldat/arena-live/league-state.json'
2026-06-12T19:15:01.570Z [league] pairing pilot vs kestrel FAILED (continuing): Command failed: pnpm arena --teams pilot vs kestrel --matches 1 --round 120 --seed 54316 --arena 41
2026-06-12T19:15:01.570Z [league] state write failed (continuing): ENOSPC: no space left on device, open '/Users/robertgrayson/code/soldat_remastered/soldat/arena-live/league-state.json'
2026-06-12T19:17:42.969Z [league] uncaught (ignored): Error: ENOSPC: no space left on device, write
    at writeSync (node:fs:916:3)
    at SyncWriteStream._write (node:internal/fs/sync_write_stream:27:5)
    at writeOrBuffer (node:internal/streams/writable:570:12)
    at _write (node:internal/streams/writable:499:10)
    at Writable.write (node:internal/streams/writable:508:10)
    at console.value (node:internal/console/constructor:313:16)
    at console.log (node:internal/console/constructor:416:26)
    at log (file:///Users/robertgrayson/code/soldat_remastered/soldat/arena-live/league.mjs:39:11)
    at process.<anonymous> (file:///Users/robertgrayson/code/soldat_remastered/soldat/arena-live/league.mjs:144:40)
    at process.emit (node:events:508:28)
2026-06-12T19:18:03.058Z [league] pilot vs orca · seed 54322 · arena #11 · pilot 0W 25K dom 12.5 | orca 0W 25K dom 12.5
2026-06-12T19:18:32.901Z [league] pilot vs neural · seed 54323 · arena #19 · pilot 1W 17K dom 16.5 | neural 0W 1K dom -7.5
2026-06-12T19:19:02.921Z [league] pilot vs angler · seed 54324 · arena #23 · pilot 0W 27K dom 13.0 | angler 1W 27K dom 13.5
2026-06-12T19:19:33.406Z [league] pilot vs disciple · seed 54325 · arena #31 · pilot 1W 22K dom 21.5 | disciple 0W 1K dom -10.0
2026-06-12T19:20:03.466Z [league] pilot vs prodigy · seed 54326 · arena #41 · pilot 1W 28K dom 27.5 | prodigy 0W 1K dom -13.0
2026-06-12T19:20:34.534Z [league] pilot vs buttstein · seed 54327 · arena #53 · pilot 1W 16K dom 16.0 | buttstein 0W 0K dom -8.0
2026-06-12T19:21:03.437Z [league] pilot vs mojojojo · seed 54328 · arena #67 · pilot 1W 15K dom 13.5 | mojojojo 0W 2K dom -6.0
2026-06-12T19:21:33.492Z [league] reaper vs matador · seed 54329 · arena #88 · reaper 1W 24K dom 12.0 | matador 0W 23K dom 11.0
2026-06-12T19:22:03.833Z [league] reaper vs kestrel · seed 54330 · arena #0 · reaper 0W 16K dom 2.5 | kestrel 1W 26K dom 18.0
2026-06-12T19:22:32.772Z [league] reaper vs wolf · seed 54331 · arena #5 · reaper 0W 15K dom 2.5 | wolf 1W 25K dom 17.5
2026-06-12T19:23:02.925Z [league] reaper vs plover · seed 54332 · arena #11 · reaper 0W 18K dom 7.5 | plover 1W 20K dom 11.0
2026-06-12T19:23:32.881Z [league] reaper vs hydra · seed 54333 · arena #19 · reaper 1W 20K dom 10.5 | hydra 0W 18K dom 8.0
2026-06-12T19:24:02.992Z [league] reaper vs shrike · seed 54334 · arena #23 · reaper 0W 17K dom 6.0 | shrike 1W 22K dom 13.5
2026-06-12T19:24:32.914Z [league] reaper vs cuadrilla · seed 54335 · arena #31 · reaper 0W 21K dom 8.0 | cuadrilla 1W 26K dom 15.5
2026-06-12T19:25:03.085Z [league] reaper vs orca · seed 54336 · arena #41 · reaper 0W 24K dom 11.0 | orca 1W 26K dom 14.0
2026-06-12T19:25:32.961Z [league] reaper vs neural · seed 54337 · arena #53 · reaper 1W 11K dom 10.0 | neural 0W 2K dom -3.5
2026-06-12T19:26:03.565Z [league] reaper vs angler · seed 54338 · arena #67 · reaper 0W 23K dom 8.0 | angler 1W 30K dom 18.5
2026-06-12T19:26:33.788Z [league] reaper vs disciple · seed 54339 · arena #88 · reaper 1W 13K dom 12.0 | disciple 0W 1K dom -5.5
2026-06-12T19:27:04.078Z [league] reaper vs prodigy · seed 54340 · arena #0 · reaper 1W 18K dom 17.5 | prodigy 0W 0K dom -9.5
2026-06-12T19:27:34.642Z [league] reaper vs buttstein · seed 54341 · arena #5 · reaper 1W 21K dom 21.0 | buttstein 0W 0K dom -10.5
2026-06-12T19:28:03.396Z [league] reaper vs mojojojo · seed 54342 · arena #11 · reaper 1W 18K dom 17.5 | mojojojo 0W 0K dom -9.0
2026-06-12T19:28:32.817Z [league] matador vs kestrel · seed 54343 · arena #19 · matador 1W 23K dom 12.5 | kestrel 0W 21K dom 9.5
2026-06-12T19:29:02.763Z [league] matador vs wolf · seed 54344 · arena #23 · matador 0W 25K dom 12.0 | wolf 1W 26K dom 13.5
2026-06-12T19:29:32.920Z [league] matador vs plover · seed 54345 · arena #31 · matador 1W 26K dom 18.5 | plover 0W 15K dom 1.5
2026-06-12T19:30:02.996Z [league] matador vs hydra · seed 54346 · arena #41 · matador 1W 21K dom 13.0 | hydra 0W 15K dom 4.5
2026-06-12T19:30:34.166Z [league] matador vs shrike · seed 54347 · arena #53 · matador 0W 20K dom 9.5 | shrike 0W 20K dom 9.5
2026-06-12T19:33:10.283Z [league] uncaught (ignored): Error: ENOSPC: no space left on device, write
    at writeSync (node:fs:916:3)
    at SyncWriteStream._write (node:internal/fs/sync_write_stream:27:5)
    at writeOrBuffer (node:internal/streams/writable:570:12)
    at _write (node:internal/streams/writable:499:10)
    at Writable.write (node:internal/streams/writable:508:10)
    at console.value (node:internal/console/constructor:313:16)
    at console.log (node:internal/console/constructor:416:26)
    at log (file:///Users/robertgrayson/code/soldat_remastered/soldat/arena-live/league.mjs:39:11)
    at process.<anonymous> (file:///Users/robertgrayson/code/soldat_remastered/soldat/arena-live/league.mjs:144:40)
    at process.emit (node:events:508:28)
2026-06-12T19:33:31.945Z [league] pairing matador vs prodigy FAILED (continuing): Command failed: pnpm arena --teams matador vs prodigy --matches 1 --round 120 --seed 54353 --arena 19
2026-06-12T19:33:31.945Z [league] state write failed (continuing): ENOSPC: no space left on device, open '/Users/robertgrayson/code/soldat_remastered/soldat/arena-live/league-state.json'
2026-06-12T19:34:02.242Z [league] pairing matador vs buttstein FAILED (continuing): Command failed: pnpm arena --teams matador vs buttstein --matches 1 --round 120 --seed 54354 --arena 23
2026-06-12T19:34:02.242Z [league] state write failed (continuing): ENOSPC: no space left on device, open '/Users/robertgrayson/code/soldat_remastered/soldat/arena-live/league-state.json'
2026-06-12T19:34:38.899Z [league] matador vs mojojojo · seed 54355 · arena #31 · matador 1W 24K dom 24.0 | mojojojo 0W 0K dom -12.0
2026-06-12T19:35:05.711Z [league] kestrel vs wolf · seed 54356 · arena #41 · kestrel 1W 21K dom 11.5 | wolf 0W 19K dom 8.5
2026-06-12T19:35:32.070Z [league] pairing kestrel vs plover FAILED (continuing): Command failed: pnpm arena --teams kestrel vs plover --matches 1 --round 120 --seed 54357 --arena 53
2026-06-12T19:35:32.070Z [league] state write failed (continuing): ENOSPC: no space left on device, open '/Users/robertgrayson/code/soldat_remastered/soldat/arena-live/league-state.json'
2026-06-12T19:36:02.395Z [league] pairing kestrel vs hydra FAILED (continuing): Command failed: pnpm arena --teams kestrel vs hydra --matches 1 --round 120 --seed 54358 --arena 67
2026-06-12T19:36:02.396Z [league] state write failed (continuing): ENOSPC: no space left on device, open '/Users/robertgrayson/code/soldat_remastered/soldat/arena-live/league-state.json'
2026-06-12T19:36:31.984Z [league] pairing kestrel vs shrike FAILED (continuing): Command failed: pnpm arena --teams kestrel vs shrike --matches 1 --round 120 --seed 54359 --arena 88
2026-06-12T19:36:31.984Z [league] state write failed (continuing): ENOSPC: no space left on device, open '/Users/robertgrayson/code/soldat_remastered/soldat/arena-live/league-state.json'
2026-06-12T19:37:01.931Z [league] pairing kestrel vs cuadrilla FAILED (continuing): Command failed: pnpm arena --teams kestrel vs cuadrilla --matches 1 --round 120 --seed 54360 --arena 0
2026-06-12T19:37:01.931Z [league] state write failed (continuing): ENOSPC: no space left on device, open '/Users/robertgrayson/code/soldat_remastered/soldat/arena-live/league-state.json'
2026-06-12T19:37:31.905Z [league] pairing kestrel vs orca FAILED (continuing): Command failed: pnpm arena --teams kestrel vs orca --matches 1 --round 120 --seed 54361 --arena 5
2026-06-12T19:37:31.905Z [league] state write failed (continuing): ENOSPC: no space left on device, open '/Users/robertgrayson/code/soldat_remastered/soldat/arena-live/league-state.json'
2026-06-12T19:38:02.017Z [league] pairing kestrel vs neural FAILED (continuing): Command failed: pnpm arena --teams kestrel vs neural --matches 1 --round 120 --seed 54362 --arena 11
2026-06-12T19:38:02.017Z [league] state write failed (continuing): ENOSPC: no space left on device, open '/Users/robertgrayson/code/soldat_remastered/soldat/arena-live/league-state.json'
2026-06-12T19:38:32.069Z [league] pairing kestrel vs angler FAILED (continuing): Command failed: pnpm arena --teams kestrel vs angler --matches 1 --round 120 --seed 54363 --arena 19
2026-06-12T19:41:29.452Z [league] uncaught (ignored): Error: ENOSPC: no space left on device, write
    at writeSync (node:fs:916:3)
    at SyncWriteStream._write (node:internal/fs/sync_write_stream:27:5)
    at writeOrBuffer (node:internal/streams/writable:570:12)
    at _write (node:internal/streams/writable:499:10)
    at Writable.write (node:internal/streams/writable:508:10)
    at console.value (node:internal/console/constructor:313:16)
    at console.log (node:internal/console/constructor:416:26)
    at log (file:///Users/robertgrayson/code/soldat_remastered/soldat/arena-live/league.mjs:39:11)
    at process.<anonymous> (file:///Users/robertgrayson/code/soldat_remastered/soldat/arena-live/league.mjs:144:40)
    at process.emit (node:events:508:28)
2026-06-12T19:41:34.998Z [league] wolf vs hydra · seed 54369 · arena #88 · wolf 1W 22K dom 13.0 | hydra 0W 18K dom 7.0
2026-06-12T19:42:04.148Z [league] wolf vs shrike · seed 54370 · arena #0 · wolf 1W 26K dom 14.5 | shrike 0W 22K dom 9.0
2026-06-12T19:42:35.124Z [league] wolf vs cuadrilla · seed 54371 · arena #5 · wolf 0W 23K dom 11.0 | cuadrilla 1W 24K dom 12.5
2026-06-12T19:43:05.910Z [league] wolf vs orca · seed 54372 · arena #11 · wolf 1W 25K dom 15.5 | orca 0W 19K dom 6.5
2026-06-12T19:43:35.196Z [league] wolf vs neural · seed 54373 · arena #19 · wolf 1W 14K dom 12.0 | neural 0W 2K dom -5.5
2026-06-12T19:44:05.732Z [league] wolf vs angler · seed 54374 · arena #23 · wolf 0W 24K dom 11.0 | angler 1W 26K dom 14.0
2026-06-12T19:44:36.004Z [league] wolf vs disciple · seed 54375 · arena #31 · wolf 1W 36K dom 35.0 | disciple 0W 1K dom -17.0
2026-06-12T19:45:07.215Z [league] wolf vs prodigy · seed 54376 · arena #41 · wolf 1W 32K dom 32.0 | prodigy 0W 0K dom -16.0
2026-06-12T19:45:34.310Z [league] wolf vs buttstein · seed 54377 · arena #53 · wolf 1W 27K dom 27.0 | buttstein 0W 0K dom -13.5
2026-06-12T19:46:04.004Z [league] wolf vs mojojojo · seed 54378 · arena #67 · wolf 1W 21K dom 21.0 | mojojojo 0W 0K dom -10.5
2026-06-12T19:46:33.710Z [league] plover vs hydra · seed 54379 · arena #88 · plover 0W 19K dom 8.5 | hydra 1W 21K dom 11.5
2026-06-12T19:47:03.836Z [league] plover vs shrike · seed 54380 · arena #0 · plover 1W 19K dom 10.0 | shrike 0W 18K dom 8.0
2026-06-12T19:47:33.847Z [league] plover vs cuadrilla · seed 54381 · arena #5 · plover 1W 16K dom 8.5 | cuadrilla 0W 15K dom 7.0
2026-06-12T19:48:05.687Z [league] plover vs orca · seed 54382 · arena #11 · plover 0W 14K dom 1.0 | orca 1W 26K dom 18.5
2026-06-12T19:48:34.785Z [league] plover vs neural · seed 54383 · arena #19 · plover 1W 20K dom 18.5 | neural 0W 3K dom -7.5
2026-06-12T19:49:05.650Z [league] plover vs angler · seed 54384 · arena #23 · plover 0W 23K dom 11.5 | angler 0W 23K dom 11.5
2026-06-12T19:49:35.602Z [league] plover vs disciple · seed 54385 · arena #31 · plover 1W 28K dom 27.5 | disciple 0W 1K dom -13.0
2026-06-12T19:50:05.826Z [league] plover vs prodigy · seed 54386 · arena #41 · plover 1W 29K dom 28.0 | prodigy 0W 1K dom -13.5
2026-06-12T19:50:37.013Z [league] plover vs buttstein · seed 54387 · arena #53 · plover 1W 22K dom 21.5 | buttstein 0W 0K dom -11.0
2026-06-12T19:51:07.258Z [league] plover vs mojojojo · seed 54388 · arena #67 · plover 1W 24K dom 24.0 | mojojojo 0W 0K dom -12.0
2026-06-12T19:51:35.984Z [league] hydra vs shrike · seed 54389 · arena #88 · hydra 0W 20K dom 9.0 | shrike 1W 22K dom 12.0
2026-06-12T19:52:06.768Z [league] hydra vs cuadrilla · seed 54390 · arena #0 · hydra 0W 17K dom 6.5 | cuadrilla 1W 21K dom 12.5
2026-06-12T19:52:36.806Z [league] hydra vs orca · seed 54391 · arena #5 · hydra 0W 19K dom 5.0 | orca 1W 28K dom 18.5
2026-06-12T19:53:06.388Z [league] hydra vs neural · seed 54392 · arena #11 · hydra 1W 24K dom 22.5 | neural 0W 2K dom -10.0
2026-06-12T19:53:33.764Z [league] hydra vs angler · seed 54393 · arena #19 · hydra 0W 18K dom 2.0 | angler 1W 32K dom 23.0
2026-06-12T19:58:21.306Z [league] hydra vs disciple · seed 54394 · arena #23 · hydra 1W 18K dom 17.5 | disciple 0W 0K dom -9.0
2026-06-12T20:00:12.740Z [league] hydra vs prodigy · seed 54395 · arena #31 · hydra 1W 25K dom 23.5 | prodigy 0W 1K dom -12.0
2026-06-12T20:00:42.563Z [league] hydra vs buttstein · seed 54396 · arena #41 · hydra 1W 28K dom 28.0 | buttstein 0W 0K dom -14.5
2026-06-12T20:58:19.600Z [league] hydra vs mojojojo · seed 54397 · arena #53 · hydra 1W 15K dom 15.0 | mojojojo 0W 0K dom -7.5
2026-06-12T21:54:57.250Z [league] shrike vs cuadrilla · seed 54398 · arena #67 · shrike 0W 18K dom 8.5 | cuadrilla 0W 18K dom 8.5
2026-06-12T21:55:24.125Z [league] shrike vs orca · seed 54399 · arena #88 · shrike 1W 28K dom 16.0 | orca 0W 24K dom 10.0
2026-06-12T22:29:47.866Z [league] shrike vs neural · seed 54400 · arena #0 · shrike 1W 12K dom 11.0 | neural 0W 1K dom -5.0
2026-06-12T22:47:15.774Z [league] shrike vs angler · seed 54401 · arena #5 · shrike 0W 27K dom 13.0 | angler 1W 28K dom 14.5
2026-06-12T22:56:17.063Z [league] shrike vs disciple · seed 54402 · arena #11 · shrike 1W 22K dom 22.0 | disciple 0W 0K dom -11.0
2026-06-12T23:29:46.270Z [league] shrike vs prodigy · seed 54403 · arena #19 · shrike 1W 24K dom 23.0 | prodigy 0W 2K dom -11.5
2026-06-12T23:30:14.344Z [league] shrike vs buttstein · seed 54404 · arena #23 · shrike 1W 18K dom 18.0 | buttstein 0W 0K dom -9.0
2026-06-12T23:57:18.284Z [league] shrike vs mojojojo · seed 54405 · arena #31 · shrike 1W 28K dom 28.0 | mojojojo 0W 0K dom -14.5
2026-06-13T00:58:03.391Z [league] cuadrilla vs orca · seed 54406 · arena #41 · cuadrilla 1W 29K dom 17.0 | orca 0W 24K dom 9.5
2026-06-13T00:58:25.379Z [league] cuadrilla vs neural · seed 54407 · arena #53 · cuadrilla 1W 10K dom 10.0 | neural 0W 0K dom -5.0
2026-06-13T01:59:11.359Z [league] cuadrilla vs angler · seed 54408 · arena #67 · cuadrilla 1W 20K dom 10.0 | angler 0W 20K dom 9.5
2026-06-13T02:59:49.910Z [league] cuadrilla vs disciple · seed 54409 · arena #88 · cuadrilla 1W 13K dom 13.0 | disciple 0W 0K dom -7.0
2026-06-13T03:00:26.424Z [league] cuadrilla vs prodigy · seed 54410 · arena #0 · cuadrilla 1W 23K dom 22.0 | prodigy 0W 2K dom -10.5
2026-06-13T03:31:11.935Z [league] cuadrilla vs buttstein · seed 54411 · arena #5 · cuadrilla 1W 19K dom 19.0 | buttstein 0W 0K dom -9.5
2026-06-13T04:00:49.531Z [league] cuadrilla vs mojojojo · seed 54412 · arena #11 · done
2026-06-13T04:01:06.421Z [league] orca vs neural · seed 54413 · arena #19 · orca 1W 29K dom 28.0 | neural 0W 2K dom -12.5
2026-06-13T04:01:41.981Z [league] orca vs angler · seed 54414 · arena #23 · orca 0W 21K dom 8.5 | angler 1W 24K dom 12.5
2026-06-13T04:02:13.761Z [league] orca vs disciple · seed 54415 · arena #31 · orca 1W 24K dom 24.0 | disciple 0W 0K dom -12.0
2026-06-13T04:02:46.539Z [league] orca vs prodigy · seed 54416 · arena #41 · orca 1W 30K dom 29.0 | prodigy 0W 2K dom -13.0
2026-06-13T04:03:19.768Z [league] orca vs buttstein · seed 54417 · arena #53 · orca 1W 19K dom 19.0 | buttstein 0W 0K dom -10.0
2026-06-13T04:03:47.668Z [league] orca vs mojojojo · seed 54418 · arena #67 · orca 1W 23K dom 23.0 | mojojojo 0W 0K dom -11.5
2026-06-13T05:01:59.488Z [league] neural vs angler · seed 54419 · arena #88 · neural 0W 1K dom -11.0 | angler 1W 24K dom 23.5
2026-06-13T06:02:47.879Z [league] neural vs disciple · seed 54420 · arena #0 · done
2026-06-13T06:03:10.136Z [league] neural vs prodigy · seed 54421 · arena #5 · neural 1W 1K dom 0.5 | prodigy 0W 0K dom -0.5
2026-06-13T07:03:48.665Z [league] neural vs buttstein · seed 54422 · arena #11 · done
2026-06-13T07:04:11.279Z [league] neural vs mojojojo · seed 54423 · arena #19 · neural 1W 8K dom 6.5 | mojojojo 0W 0K dom -4.5
2026-06-13T08:04:48.207Z [league] angler vs disciple · seed 54424 · arena #23 · done
2026-06-13T08:05:04.674Z [league] angler vs prodigy · seed 54425 · arena #31 · angler 1W 25K dom 24.0 | prodigy 0W 2K dom -11.5
2026-06-13T08:29:37.442Z [league] angler vs buttstein · seed 54426 · arena #41 · done
2026-06-13T08:29:48.082Z [league] angler vs mojojojo · seed 54427 · arena #53 · angler 1W 20K dom 19.5 | mojojojo 0W 1K dom -9.0
2026-06-13T08:30:14.285Z [league] disciple vs prodigy · seed 54428 · arena #67 · disciple 0W 0K dom -1.0 | prodigy 1W 2K dom 1.0
2026-06-13T08:30:42.839Z [league] disciple vs buttstein · seed 54429 · arena #88 · disciple 0W 0K dom -0.5 | buttstein 1W 1K dom 0.5
2026-06-13T08:31:14.538Z [league] disciple vs mojojojo · seed 54430 · arena #0 · disciple 0W 0K dom 0.0 | mojojojo 0W 0K dom 0.0
2026-06-13T08:31:45.633Z [league] prodigy vs buttstein · seed 54431 · arena #5 · prodigy 0W 0K dom 0.0 | buttstein 0W 0K dom 0.0
2026-06-13T08:32:15.465Z [league] prodigy vs mojojojo · seed 54432 · arena #11 · prodigy 0W 0K dom 0.0 | mojojojo 0W 0K dom 0.0
2026-06-13T08:32:45.511Z [league] buttstein vs mojojojo · seed 54433 · arena #19 · buttstein 1W 1K dom 1.0 | mojojojo 0W 0K dom -0.5
2026-06-13T08:33:09.744Z [league] new round-robin pass: 17 engines, 136 pairings
2026-06-13T08:33:17.177Z [league] datasets/ at 63.42 GB — OVER WARN THRESHOLD, consider archiving
2026-06-13T08:33:20.249Z [league] classic vs pilot · seed 54434 · arena #23 · classic 0W 9K dom -2.0 | pilot 1W 22K dom 16.5
2026-06-13T08:33:44.037Z [league] classic vs reaper · seed 54435 · arena #31 · classic 0W 15K dom 0.5 | reaper 1W 28K dom 20.5
2026-06-13T08:34:13.299Z [league] classic vs matador · seed 54436 · arena #41 · classic 0W 17K dom 4.0 | matador 1W 26K dom 17.0
2026-06-13T08:34:45.543Z [league] classic vs kestrel · seed 54437 · arena #53 · classic 0W 13K dom -1.5 | kestrel 1W 28K dom 21.5
2026-06-13T08:35:13.354Z [league] classic vs wolf · seed 54438 · arena #67 · classic 0W 12K dom -1.5 | wolf 1W 27K dom 21.0
2026-06-13T08:35:44.875Z [league] classic vs plover · seed 54439 · arena #88 · classic 0W 13K dom -1.0 | plover 1W 28K dom 21.5
2026-06-13T08:36:16.615Z [league] classic vs hydra · seed 54440 · arena #0 · classic 0W 12K dom 0.5 | hydra 1W 23K dom 17.0
2026-06-13T08:36:43.177Z [league] classic vs shrike · seed 54441 · arena #5 · classic 0W 10K dom -3.5 | shrike 1W 25K dom 17.0
2026-06-13T08:37:14.667Z [league] classic vs cuadrilla · seed 54442 · arena #11 · classic 0W 13K dom -0.5 | cuadrilla 1W 27K dom 20.5
2026-06-13T08:37:44.299Z [league] classic vs orca · seed 54443 · arena #19 · classic 0W 13K dom -7.5 | orca 1W 41K dom 34.5
2026-06-13T08:38:13.926Z [league] classic vs neural · seed 54444 · arena #23 · classic 1W 14K dom 13.0 | neural 0W 1K dom -6.0
2026-06-13T08:38:43.349Z [league] classic vs angler · seed 54445 · arena #31 · classic 0W 9K dom -9.5 | angler 1W 36K dom 30.5
2026-06-13T08:39:15.141Z [league] classic vs disciple · seed 54446 · arena #41 · classic 1W 16K dom 15.5 | disciple 0W 1K dom -7.0
2026-06-13T08:39:46.953Z [league] classic vs prodigy · seed 54447 · arena #53 · classic 1W 13K dom 12.0 | prodigy 0W 2K dom -4.5
2026-06-13T08:40:16.090Z [league] classic vs buttstein · seed 54448 · arena #67 · classic 1W 13K dom 13.0 | buttstein 0W 0K dom -6.5
2026-06-13T08:40:47.756Z [league] classic vs mojojojo · seed 54449 · arena #88 · classic 1W 15K dom 14.5 | mojojojo 0W 1K dom -6.5
2026-06-13T08:41:13.893Z [league] pilot vs reaper · seed 54450 · arena #0 · pilot 1W 32K dom 18.0 | reaper 0W 27K dom 11.0
2026-06-13T08:41:43.238Z [league] pilot vs matador · seed 54451 · arena #5 · pilot 0W 20K dom 8.0 | matador 1W 24K dom 14.0
2026-06-13T08:42:14.860Z [league] pilot vs kestrel · seed 54452 · arena #11 · pilot 0W 19K dom 8.0 | kestrel 1W 21K dom 11.5
2026-06-13T08:42:42.983Z [league] pilot vs wolf · seed 54453 · arena #19 · pilot 0W 19K dom 7.5 | wolf 1W 22K dom 12.0
2026-06-13T08:43:12.783Z [league] pilot vs plover · seed 54454 · arena #23 · pilot 1W 20K dom 11.0 | plover 0W 18K dom 8.0
2026-06-13T08:43:42.761Z [league] pilot vs hydra · seed 54455 · arena #31 · pilot 1W 21K dom 13.5 | hydra 0W 13K dom 2.5
2026-06-13T08:44:13.350Z [league] pilot vs shrike · seed 54456 · arena #41 · pilot 1W 20K dom 11.5 | shrike 0W 17K dom 7.0
2026-06-13T08:44:42.526Z [league] pilot vs cuadrilla · seed 54457 · arena #53 · pilot 0W 22K dom 9.0 | cuadrilla 1W 26K dom 15.0
2026-06-13T08:45:13.546Z [league] pilot vs orca · seed 54458 · arena #67 · pilot 0W 19K dom 7.0 | orca 1W 23K dom 13.0
2026-06-13T08:45:43.276Z [league] pilot vs neural · seed 54459 · arena #88 · pilot 1W 19K dom 18.0 | neural 0W 1K dom -8.5
2026-06-13T08:46:14.839Z [league] pilot vs angler · seed 54460 · arena #0 · pilot 0W 19K dom 6.0 | angler 1W 26K dom 15.5
2026-06-13T08:46:44.425Z [league] pilot vs disciple · seed 54461 · arena #5 · pilot 1W 24K dom 23.5 | disciple 0W 1K dom -11.0
2026-06-13T08:47:14.498Z [league] pilot vs prodigy · seed 54462 · arena #11 · pilot 1W 32K dom 31.5 | prodigy 0W 1K dom -15.0
2026-06-13T08:47:44.551Z [league] pilot vs buttstein · seed 54463 · arena #19 · pilot 1W 20K dom 20.0 | buttstein 0W 0K dom -10.0
2026-06-13T08:48:15.527Z [league] pilot vs mojojojo · seed 54464 · arena #23 · pilot 1W 18K dom 17.5 | mojojojo 0W 0K dom -10.0
2026-06-13T08:48:43.770Z [league] reaper vs matador · seed 54465 · arena #31 · reaper 0W 28K dom 12.5 | matador 1W 30K dom 16.0
2026-06-13T08:49:13.830Z [league] reaper vs kestrel · seed 54466 · arena #41 · reaper 0W 20K dom 6.5 | kestrel 1W 27K dom 17.0
2026-06-13T08:49:42.698Z [league] reaper vs wolf · seed 54467 · arena #53 · reaper 0W 18K dom 6.5 | wolf 1W 22K dom 13.0
2026-06-13T08:50:13.312Z [league] reaper vs plover · seed 54468 · arena #67 · reaper 0W 22K dom 10.5 | plover 1W 23K dom 12.0
2026-06-13T08:50:44.183Z [league] reaper vs hydra · seed 54469 · arena #88 · reaper 0W 19K dom 9.5 | hydra 0W 19K dom 9.5
2026-06-13T08:51:13.245Z [league] reaper vs shrike · seed 54470 · arena #0 · reaper 0W 13K dom 2.0 | shrike 1W 22K dom 14.0
2026-06-13T08:51:44.429Z [league] reaper vs cuadrilla · seed 54471 · arena #5 · reaper 0W 19K dom 5.5 | cuadrilla 1W 27K dom 17.5
2026-06-13T08:52:11.206Z [league] reaper vs orca · seed 54472 · arena #11 · reaper 0W 21K dom 10.0 | orca 1W 21K dom 10.5
2026-06-13T08:52:43.095Z [league] reaper vs neural · seed 54473 · arena #19 · reaper 1W 10K dom 9.0 | neural 0W 0K dom -5.0
2026-06-13T08:53:14.031Z [league] reaper vs angler · seed 54474 · arena #23 · reaper 0W 20K dom 3.0 | angler 1W 33K dom 23.0
2026-06-13T08:53:43.690Z [league] reaper vs disciple · seed 54475 · arena #31 · reaper 1W 15K dom 15.0 | disciple 0W 0K dom -7.5
2026-06-13T08:54:14.696Z [league] reaper vs prodigy · seed 54476 · arena #41 · reaper 1W 17K dom 16.5 | prodigy 0W 1K dom -7.5
2026-06-13T08:54:46.348Z [league] reaper vs buttstein · seed 54477 · arena #53 · reaper 1W 16K dom 15.0 | buttstein 0W 0K dom -8.0
2026-06-13T08:55:11.239Z [league] reaper vs mojojojo · seed 54478 · arena #67 · reaper 1W 27K dom 26.0 | mojojojo 0W 2K dom -11.5
2026-06-13T08:55:42.934Z [league] matador vs kestrel · seed 54479 · arena #88 · matador 1W 27K dom 13.5 | kestrel 0W 24K dom 10.5
2026-06-13T08:56:12.569Z [league] matador vs wolf · seed 54480 · arena #0 · matador 0W 23K dom 7.0 | wolf 1W 32K dom 20.5
2026-06-13T08:56:42.731Z [league] matador vs plover · seed 54481 · arena #5 · matador 1W 39K dom 27.5 | plover 0W 23K dom 3.5
2026-06-13T08:57:12.729Z [league] matador vs hydra · seed 54482 · arena #11 · matador 1W 29K dom 18.0 | hydra 0W 22K dom 7.5
2026-06-13T08:57:42.378Z [league] matador vs shrike · seed 54483 · arena #19 · matador 0W 18K dom 7.0 | shrike 1W 21K dom 12.0
2026-06-13T08:58:12.408Z [league] matador vs cuadrilla · seed 54484 · arena #23 · matador 1W 19K dom 10.0 | cuadrilla 0W 18K dom 8.0
2026-06-13T08:58:43.842Z [league] matador vs orca · seed 54485 · arena #31 · matador 1W 25K dom 12.5 | orca 0W 24K dom 11.5
2026-06-13T08:59:12.694Z [league] matador vs neural · seed 54486 · arena #41 · matador 1W 16K dom 15.5 | neural 0W 0K dom -8.0
2026-06-13T08:59:43.189Z [league] matador vs angler · seed 54487 · arena #53 · matador 0W 24K dom 10.0 | angler 1W 27K dom 14.5
2026-06-13T09:00:13.573Z [league] matador vs disciple · seed 54488 · arena #67 · matador 1W 17K dom 17.0 | disciple 0W 0K dom -8.5
2026-06-13T09:00:43.935Z [league] matador vs prodigy · seed 54489 · arena #88 · matador 1W 37K dom 36.5 | prodigy 0W 1K dom -17.5
2026-06-13T09:01:14.471Z [league] matador vs buttstein · seed 54490 · arena #0 · matador 1W 18K dom 18.0 | buttstein 0W 0K dom -9.0
2026-06-13T09:01:43.855Z [league] matador vs mojojojo · seed 54491 · arena #5 · matador 1W 29K dom 28.5 | mojojojo 0W 0K dom -14.5
2026-06-13T09:02:12.905Z [league] kestrel vs wolf · seed 54492 · arena #11 · kestrel 1W 22K dom 11.5 | wolf 0W 21K dom 10.0
2026-06-13T09:02:42.783Z [league] kestrel vs plover · seed 54493 · arena #19 · kestrel 1W 25K dom 16.5 | plover 0W 17K dom 4.5
2026-06-13T09:03:13.100Z [league] kestrel vs hydra · seed 54494 · arena #23 · kestrel 1W 26K dom 16.0 | hydra 0W 19K dom 6.0
2026-06-13T09:03:43.295Z [league] kestrel vs shrike · seed 54495 · arena #31 · kestrel 1W 21K dom 11.0 | shrike 0W 19K dom 8.0
2026-06-13T09:04:12.517Z [league] kestrel vs cuadrilla · seed 54496 · arena #41 · kestrel 1W 23K dom 14.0 | cuadrilla 0W 18K dom 6.5
2026-06-13T09:04:42.898Z [league] kestrel vs orca · seed 54497 · arena #53 · kestrel 1W 28K dom 15.5 | orca 0W 25K dom 11.0
2026-06-13T09:05:13.315Z [league] kestrel vs neural · seed 54498 · arena #67 · kestrel 1W 21K dom 18.0 | neural 0W 2K dom -8.5
2026-06-13T09:05:42.853Z [league] kestrel vs angler · seed 54499 · arena #88 · kestrel 0W 24K dom 10.5 | angler 1W 27K dom 15.0
2026-06-13T09:06:13.712Z [league] kestrel vs disciple · seed 54500 · arena #0 · kestrel 1W 26K dom 25.5 | disciple 0W 1K dom -12.0
2026-06-13T09:06:43.834Z [league] kestrel vs prodigy · seed 54501 · arena #5 · kestrel 1W 29K dom 29.0 | prodigy 0W 0K dom -14.5
2026-06-13T09:07:13.983Z [league] kestrel vs buttstein · seed 54502 · arena #11 · kestrel 1W 21K dom 21.0 | buttstein 0W 0K dom -10.5
2026-06-13T09:07:44.395Z [league] kestrel vs mojojojo · seed 54503 · arena #19 · kestrel 1W 28K dom 27.5 | mojojojo 0W 1K dom -13.0
2026-06-13T09:08:12.760Z [league] wolf vs plover · seed 54504 · arena #23 · wolf 1W 30K dom 20.0 | plover 0W 20K dom 5.0
2026-06-13T09:08:40.673Z [league] wolf vs hydra · seed 54505 · arena #31 · wolf 1W 23K dom 16.0 | hydra 0W 14K dom 2.0
2026-06-13T09:09:12.140Z [league] wolf vs shrike · seed 54506 · arena #41 · wolf 1W 21K dom 10.5 | shrike 0W 20K dom 9.0
2026-06-13T09:09:41.941Z [league] wolf vs cuadrilla · seed 54507 · arena #53 · wolf 1W 29K dom 17.5 | cuadrilla 0W 23K dom 8.5
2026-06-13T09:10:12.970Z [league] wolf vs orca · seed 54508 · arena #67 · wolf 1W 27K dom 17.5 | orca 0W 19K dom 5.5
2026-06-13T09:10:42.661Z [league] wolf vs neural · seed 54509 · arena #88 · wolf 1W 11K dom 8.0 | neural 0W 6K dom -1.0
2026-06-13T10:36:32.047Z [league] wolf vs angler · seed 54510 · arena #0 · done
2026-06-13T10:40:23.954Z [league] wolf vs disciple · seed 54511 · arena #5 · wolf 1W 26K dom 25.5 | disciple 0W 0K dom -13.0
2026-06-13T10:40:49.095Z [league] wolf vs prodigy · seed 54512 · arena #11 · wolf 1W 29K dom 27.5 | prodigy 0W 2K dom -12.5
2026-06-13T10:58:13.578Z [league] wolf vs buttstein · seed 54513 · arena #19 · done
2026-06-13T11:02:50.295Z [league] wolf vs mojojojo · seed 54514 · arena #23 · done
2026-06-13T11:03:00.579Z [league] plover vs hydra · seed 54515 · arena #31 · plover 0W 24K dom 10.5 | hydra 1W 27K dom 15.0
2026-06-13T11:07:19.239Z [league] plover vs shrike · seed 54516 · arena #41 · done
2026-06-13T11:07:27.968Z [league] plover vs cuadrilla · seed 54517 · arena #53 · plover 1W 19K dom 11.5 | cuadrilla 0W 15K dom 5.5
2026-06-13T11:08:41.930Z [league] plover vs orca · seed 54518 · arena #67 · plover 0W 17K dom 6.0 | orca 1W 22K dom 13.0
2026-06-13T11:10:19.428Z [league] plover vs neural · seed 54519 · arena #88 · plover 1W 9K dom 8.0 | neural 0W 2K dom -2.5
2026-06-13T11:10:24.970Z [league] plover vs angler · seed 54520 · arena #0 · plover 0W 18K dom 6.0 | angler 1W 23K dom 14.0
2026-06-13T11:17:07.581Z [league] plover vs disciple · seed 54521 · arena #5 · done
2026-06-13T11:17:20.401Z [league] plover vs prodigy · seed 54522 · arena #11 · plover 1W 21K dom 20.0 | prodigy 0W 0K dom -11.0
2026-06-13T11:25:33.422Z [league] plover vs buttstein · seed 54523 · arena #19 · done
2026-06-13T11:25:55.812Z [league] plover vs mojojojo · seed 54524 · arena #23 · plover 1W 21K dom 21.0 | mojojojo 0W 0K dom -10.5
2026-06-13T11:42:51.702Z [league] hydra vs shrike · seed 54525 · arena #31 · done
2026-06-13T11:42:56.182Z [league] hydra vs cuadrilla · seed 54526 · arena #41 · hydra 0W 23K dom 8.0 | cuadrilla 1W 30K dom 18.5
2026-06-13T11:59:30.883Z [league] hydra vs orca · seed 54527 · arena #53 · hydra 0W 16K dom 6.5 | orca 1W 19K dom 11.0
2026-06-13T11:59:45.591Z [league] hydra vs neural · seed 54528 · arena #67 · hydra 1W 7K dom 7.0 | neural 0W 0K dom -3.5
2026-06-13T12:00:21.929Z [league] hydra vs angler · seed 54529 · arena #88 · hydra 0W 20K dom 6.0 | angler 1W 28K dom 18.0
2026-06-13T12:00:43.877Z [league] hydra vs disciple · seed 54530 · arena #0 · hydra 1W 24K dom 23.5 | disciple 0W 1K dom -11.0
2026-06-13T12:12:26.437Z [league] hydra vs prodigy · seed 54531 · arena #5 · hydra 1W 22K dom 21.5 | prodigy 0W 1K dom -10.0
2026-06-13T12:15:14.285Z [league] hydra vs buttstein · seed 54532 · arena #11 · hydra 1W 18K dom 18.0 | buttstein 0W 0K dom -9.0
2026-06-13T12:15:43.532Z [league] hydra vs mojojojo · seed 54533 · arena #19 · hydra 1W 21K dom 20.5 | mojojojo 0W 0K dom -11.0
2026-06-13T12:28:20.763Z [league] shrike vs cuadrilla · seed 54534 · arena #23 · done
2026-06-13T12:28:43.849Z [league] shrike vs orca · seed 54535 · arena #31 · shrike 1W 28K dom 16.0 | orca 0W 23K dom 9.0
2026-06-13T12:45:27.208Z [league] shrike vs neural · seed 54536 · arena #41 · done
2026-06-13T12:45:40.005Z [league] shrike vs angler · seed 54537 · arena #53 · shrike 0W 20K dom 5.5 | angler 1W 29K dom 19.0
2026-06-13T12:46:26.319Z [league] shrike vs disciple · seed 54538 · arena #67 · shrike 1W 14K dom 14.0 | disciple 0W 0K dom -7.0
2026-06-13T13:04:19.456Z [league] shrike vs prodigy · seed 54539 · arena #88 · shrike 1W 30K dom 29.5 | prodigy 0W 1K dom -14.0
2026-06-13T13:12:40.728Z [league] shrike vs buttstein · seed 54540 · arena #0 · done
2026-06-13T13:13:05.237Z [league] shrike vs mojojojo · seed 54541 · arena #5 · shrike 1W 20K dom 20.0 | mojojojo 0W 0K dom -10.0
2026-06-13T13:25:24.389Z [league] cuadrilla vs orca · seed 54542 · arena #11 · done
2026-06-13T13:25:45.150Z [league] cuadrilla vs neural · seed 54543 · arena #19 · cuadrilla 1W 11K dom 11.0 | neural 0W 0K dom -5.5
2026-06-13T13:26:51.229Z [league] cuadrilla vs angler · seed 54544 · arena #23 · cuadrilla 0W 19K dom 7.5 | angler 1W 23K dom 13.0
2026-06-13T13:27:14.365Z [league] cuadrilla vs disciple · seed 54545 · arena #31 · cuadrilla 1W 13K dom 12.5 | disciple 0W 1K dom -5.5
2026-06-13T13:27:53.883Z [league] cuadrilla vs prodigy · seed 54546 · arena #41 · cuadrilla 1W 34K dom 33.5 | prodigy 0W 1K dom -16.5
2026-06-13T13:29:53.947Z [league] cuadrilla vs buttstein · seed 54547 · arena #53 · cuadrilla 1W 21K dom 21.0 | buttstein 0W 0K dom -10.5
2026-06-13T13:30:04.565Z [league] cuadrilla vs mojojojo · seed 54548 · arena #67 · cuadrilla 1W 14K dom 13.5 | mojojojo 0W 1K dom -6.0
2026-06-13T13:37:09.792Z [league] orca vs neural · seed 54549 · arena #88 · orca 1W 10K dom 7.0 | neural 0W 4K dom -1.5
2026-06-13T13:53:13.882Z [league] orca vs angler · seed 54550 · arena #0 · done
2026-06-13T13:53:27.391Z [league] orca vs disciple · seed 54551 · arena #5 · orca 1W 26K dom 25.0 | disciple 0W 2K dom -11.0
2026-06-13T13:55:58.940Z [league] orca vs prodigy · seed 54552 · arena #11 · orca 1W 23K dom 22.5 | prodigy 0W 1K dom -11.5
2026-06-13T13:56:19.738Z [league] orca vs buttstein · seed 54553 · arena #19 · orca 1W 30K dom 30.0 | buttstein 0W 0K dom -15.0
2026-06-13T14:01:20.101Z [league] orca vs mojojojo · seed 54554 · arena #23 · done
2026-06-13T14:01:45.713Z [league] neural vs angler · seed 54555 · arena #31 · neural 0W 1K dom -4.0 | angler 1W 10K dom 9.0
2026-06-13T14:02:19.459Z [league] neural vs disciple · seed 54556 · arena #41 · neural 1W 3K dom 2.5 | disciple 0W 1K dom -0.5
2026-06-13T14:02:51.345Z [league] neural vs prodigy · seed 54557 · arena #53 · neural 1W 1K dom 1.0 | prodigy 0W 0K dom -0.5
2026-06-13T14:03:31.388Z [league] neural vs buttstein · seed 54558 · arena #67 · neural 0W 0K dom -0.5 | buttstein 1W 1K dom 1.0
2026-06-13T14:04:21.207Z [league] neural vs mojojojo · seed 54559 · arena #88 · neural 0W 1K dom -0.5 | mojojojo 1W 1K dom 0.5
2026-06-13T14:04:35.063Z [league] angler vs disciple · seed 54560 · arena #0 · angler 1W 26K dom 25.5 | disciple 0W 1K dom -12.5
2026-06-13T14:13:40.634Z [league] angler vs buttstein · seed 54562 · arena #11 · done
2026-06-13T14:13:40.675Z [league] angler vs prodigy · seed 54561 · arena #5 · done
2026-06-13T14:14:00.071Z [league] angler vs mojojojo · seed 54563 · arena #19 · angler 1W 26K dom 25.0 | mojojojo 0W 2K dom -11.0
2026-06-13T14:17:11.779Z [league] disciple vs prodigy · seed 54564 · arena #23 · done
2026-06-13T14:17:34.594Z [league] disciple vs buttstein · seed 54565 · arena #31 · disciple 0W 0K dom 0.0 | buttstein 0W 0K dom 0.0
2026-06-13T14:23:58.913Z [league] disciple vs mojojojo · seed 54566 · arena #41 · done
2026-06-13T14:31:10.090Z [league] prodigy vs mojojojo · seed 54568 · arena #67 · done
2026-06-13T14:31:10.096Z [league] prodigy vs buttstein · seed 54567 · arena #53 · done
2026-06-13T14:31:54.788Z [league] new round-robin pass: 17 engines, 136 pairings
2026-06-13T14:32:45.238Z [league] datasets/ at 63.84 GB — OVER WARN THRESHOLD, consider archiving
2026-06-13T14:32:45.394Z [league] buttstein vs mojojojo · seed 54569 · arena #88 · buttstein 0W 0K dom 0.0 | mojojojo 0W 0K dom 0.0
2026-06-13T14:33:13.172Z [league] classic vs pilot · seed 54570 · arena #0 · classic 0W 11K dom -6.5 | pilot 1W 35K dom 29.5
2026-06-13T14:33:13.286Z [league] classic vs reaper · seed 54571 · arena #5 · classic 0W 13K dom -1.0 | reaper 1W 28K dom 21.0
2026-06-13T14:33:37.334Z [league] classic vs matador · seed 54572 · arena #11 · classic 0W 14K dom -4.5 | matador 1W 37K dom 30.0
2026-06-13T14:35:51.691Z [league] classic vs kestrel · seed 54573 · arena #19 · classic 0W 10K dom -7.5 | kestrel 1W 35K dom 29.5
2026-06-13T14:36:04.160Z [league] classic vs wolf · seed 54574 · arena #23 · classic 0W 9K dom -5.5 | wolf 1W 29K dom 23.0
2026-06-13T14:37:23.532Z [league] classic vs plover · seed 54575 · arena #31 · classic 0W 12K dom 1.5 | plover 1W 21K dom 15.0
2026-06-13T14:37:35.171Z [league] classic vs hydra · seed 54576 · arena #41 · classic 0W 10K dom -4.0 | hydra 1W 28K dom 23.0
2026-06-13T14:38:07.289Z [league] classic vs shrike · seed 54577 · arena #53 · classic 0W 10K dom -3.0 | shrike 1W 26K dom 20.5
2026-06-13T14:40:32.521Z [league] classic vs cuadrilla · seed 54578 · arena #67 · classic 0W 16K dom 3.5 | cuadrilla 1W 23K dom 14.5
2026-06-13T14:40:52.388Z [league] classic vs orca · seed 54579 · arena #88 · classic 0W 14K dom -2.0 | orca 1W 32K dom 25.0
2026-06-13T14:48:04.778Z [league] classic vs neural · seed 54580 · arena #0 · done
2026-06-13T14:48:25.394Z [league] classic vs angler · seed 54581 · arena #5 · classic 0W 16K dom -2.0 | angler 1W 35K dom 26.0
2026-06-13T14:49:06.766Z [league] classic vs disciple · seed 54582 · arena #11 · classic 1W 10K dom 10.0 | disciple 0W 0K dom -5.5
2026-06-13T14:49:33.942Z [league] classic vs prodigy · seed 54583 · arena #19 · classic 1W 15K dom 14.0 | prodigy 0W 1K dom -7.5
2026-06-13T14:51:22.302Z [league] classic vs buttstein · seed 54584 · arena #23 · classic 1W 11K dom 10.5 | buttstein 0W 1K dom -4.5
2026-06-13T14:56:15.100Z [league] classic vs mojojojo · seed 54585 · arena #31 · done
2026-06-13T14:56:27.469Z [league] pilot vs reaper · seed 54586 · arena #41 · pilot 1W 23K dom 12.0 | reaper 0W 22K dom 10.5
2026-06-13T15:00:34.273Z [league] pilot vs matador · seed 54587 · arena #53 · done
2026-06-13T15:00:47.670Z [league] pilot vs kestrel · seed 54588 · arena #67 · pilot 0W 24K dom 10.5 | kestrel 1W 25K dom 13.0
2026-06-13T15:01:12.634Z [league] pilot vs wolf · seed 54589 · arena #88 · pilot 0W 24K dom 11.0 | wolf 1W 26K dom 14.0
2026-06-13T15:02:41.582Z [league] pilot vs plover · seed 54590 · arena #0 · pilot 0W 16K dom 6.0 | plover 1W 20K dom 12.0
2026-06-13T15:04:45.717Z [league] pilot vs hydra · seed 54591 · arena #5 · pilot 0W 17K dom 7.5 | hydra 1W 18K dom 8.5
2026-06-13T15:06:55.608Z [league] pilot vs shrike · seed 54592 · arena #11 · pilot 0W 15K dom 3.5 | shrike 1W 21K dom 13.5
2026-06-13T15:07:06.126Z [league] pilot vs cuadrilla · seed 54593 · arena #19 · pilot 1W 24K dom 12.0 | cuadrilla 0W 23K dom 11.0
2026-06-13T15:08:03.488Z [league] pilot vs orca · seed 54594 · arena #23 · pilot 1W 19K dom 11.0 | orca 0W 16K dom 6.5
2026-06-13T15:08:23.257Z [league] pilot vs neural · seed 54595 · arena #31 · pilot 1W 7K dom 5.5 | neural 0W 1K dom -4.0
2026-06-13T15:09:28.262Z [league] pilot vs angler · seed 54596 · arena #41 · pilot 0W 26K dom 11.5 | angler 1W 29K dom 16.0
2026-06-13T15:09:39.535Z [league] pilot vs disciple · seed 54597 · arena #53 · pilot 1W 15K dom 14.0 | disciple 0W 1K dom -6.5
2026-06-13T15:12:36.571Z [league] pilot vs prodigy · seed 54598 · arena #67 · pilot 1W 23K dom 22.0 | prodigy 0W 2K dom -11.0
2026-06-13T15:13:34.178Z [league] pilot vs buttstein · seed 54599 · arena #88 · pilot 1W 20K dom 20.0 | buttstein 0W 0K dom -10.0
2026-06-13T15:13:47.862Z [league] pilot vs mojojojo · seed 54600 · arena #0 · pilot 1W 21K dom 20.5 | mojojojo 0W 0K dom -11.5
2026-06-13T15:25:25.832Z [league] reaper vs matador · seed 54601 · arena #5 · done
2026-06-13T15:25:43.749Z [league] reaper vs kestrel · seed 54602 · arena #11 · reaper 0W 15K dom 2.5 | kestrel 1W 25K dom 17.0
2026-06-13T15:26:12.857Z [league] reaper vs wolf · seed 54603 · arena #19 · reaper 0W 20K dom 7.0 | wolf 1W 26K dom 16.0
2026-06-13T15:26:41.757Z [league] reaper vs plover · seed 54604 · arena #23 · reaper 1W 26K dom 14.0 | plover 0W 24K dom 11.0
2026-06-13T15:41:07.537Z [league] reaper vs hydra · seed 54605 · arena #31 · reaper 0W 15K dom 4.0 | hydra 1W 19K dom 11.5
2026-06-13T15:43:20.877Z [league] reaper vs shrike · seed 54606 · arena #41 · reaper 0W 20K dom 7.5 | shrike 1W 25K dom 15.0
2026-06-13T15:43:41.777Z [league] reaper vs cuadrilla · seed 54607 · arena #53 · reaper 1W 18K dom 10.0 | cuadrilla 0W 15K dom 6.0
2026-06-13T15:44:38.218Z [league] reaper vs orca · seed 54608 · arena #67 · reaper 0W 15K dom 5.0 | orca 1W 18K dom 10.5
2026-06-13T15:44:40.930Z [league] reaper vs neural · seed 54609 · arena #88 · reaper 1W 10K dom 9.5 | neural 0W 0K dom -5.0
2026-06-13T15:45:28.295Z [league] reaper vs angler · seed 54610 · arena #0 · reaper 0W 24K dom 8.5 | angler 1W 30K dom 18.0
2026-06-13T15:45:39.845Z [league] reaper vs disciple · seed 54611 · arena #5 · reaper 1W 23K dom 21.5 | disciple 0W 3K dom -8.5
2026-06-13T15:47:11.949Z [league] reaper vs prodigy · seed 54612 · arena #11 · reaper 1W 23K dom 22.0 | prodigy 0W 2K dom -9.5
2026-06-13T15:48:14.940Z [league] reaper vs buttstein · seed 54613 · arena #19 · reaper 1W 16K dom 15.5 | buttstein 0W 1K dom -7.0
2026-06-13T15:48:47.190Z [league] reaper vs mojojojo · seed 54614 · arena #23 · reaper 1W 15K dom 14.5 | mojojojo 0W 0K dom -9.5
2026-06-13T15:48:55.022Z [league] matador vs kestrel · seed 54615 · arena #31 · matador 0W 22K dom 7.5 | kestrel 1W 27K dom 16.0
2026-06-13T15:49:58.824Z [league] matador vs wolf · seed 54616 · arena #41 · matador 0W 16K dom 2.5 | wolf 1W 25K dom 16.5
2026-06-13T15:51:10.155Z [league] matador vs plover · seed 54617 · arena #53 · matador 0W 14K dom 5.5 | plover 1W 17K dom 8.5
2026-06-13T15:51:18.836Z [league] matador vs hydra · seed 54618 · arena #67 · matador 1W 30K dom 18.5 | hydra 0W 22K dom 7.0
2026-06-13T15:53:36.372Z [league] matador vs shrike · seed 54619 · arena #88 · matador 1W 29K dom 16.5 | shrike 0W 25K dom 10.5
2026-06-13T16:11:30.383Z [league] matador vs cuadrilla · seed 54620 · arena #0 · done
2026-06-13T16:11:44.377Z [league] matador vs orca · seed 54621 · arena #5 · matador 1W 27K dom 14.5 | orca 0W 25K dom 11.5
2026-06-13T16:12:21.132Z [league] matador vs neural · seed 54622 · arena #11 · matador 1W 15K dom 14.5 | neural 0W 1K dom -6.5
2026-06-13T16:14:21.950Z [league] matador vs angler · seed 54623 · arena #19 · matador 0W 26K dom 10.5 | angler 1W 31K dom 18.0
2026-06-13T16:14:57.781Z [league] matador vs disciple · seed 54624 · arena #23 · matador 1W 22K dom 21.5 | disciple 0W 1K dom -10.0
2026-06-13T16:15:41.189Z [league] matador vs prodigy · seed 54625 · arena #31 · matador 1W 24K dom 23.0 | prodigy 0W 1K dom -11.5
2026-06-13T16:16:17.130Z [league] matador vs buttstein · seed 54626 · arena #41 · matador 1W 17K dom 17.0 | buttstein 0W 0K dom -8.5
2026-06-13T16:16:58.593Z [league] matador vs mojojojo · seed 54627 · arena #53 · matador 1W 18K dom 18.0 | mojojojo 0W 0K dom -9.0
2026-06-13T16:18:12.229Z [league] kestrel vs wolf · seed 54628 · arena #67 · kestrel 0W 19K dom 8.0 | wolf 1W 22K dom 12.0
2026-06-13T16:19:06.131Z [league] kestrel vs plover · seed 54629 · arena #88 · kestrel 1W 22K dom 11.5 | plover 0W 21K dom 10.0
2026-06-13T16:20:14.199Z [league] kestrel vs hydra · seed 54630 · arena #0 · kestrel 1W 28K dom 18.5 | hydra 0W 19K dom 5.0
2026-06-13T16:21:07.737Z [league] kestrel vs shrike · seed 54631 · arena #5 · kestrel 0W 16K dom 4.5 | shrike 1W 23K dom 15.0
2026-06-13T16:21:08.775Z [league] kestrel vs cuadrilla · seed 54632 · arena #11 · kestrel 0W 15K dom 5.0 | cuadrilla 1W 20K dom 12.0
2026-06-13T16:21:47.336Z [league] kestrel vs orca · seed 54633 · arena #19 · kestrel 0W 22K dom 10.5 | orca 0W 22K dom 10.5
2026-06-13T16:23:05.285Z [league] kestrel vs neural · seed 54634 · arena #23 · kestrel 1W 18K dom 17.5 | neural 0W 1K dom -8.5
2026-06-13T16:24:08.016Z [league] kestrel vs angler · seed 54635 · arena #31 · kestrel 1W 36K dom 21.0 | angler 0W 30K dom 12.0
2026-06-13T16:25:04.417Z [league] kestrel vs disciple · seed 54636 · arena #41 · kestrel 1W 19K dom 19.0 | disciple 0W 0K dom -9.5
2026-06-13T16:26:29.557Z [league] kestrel vs prodigy · seed 54637 · arena #53 · kestrel 1W 33K dom 32.5 | prodigy 0W 1K dom -17.0
2026-06-13T16:26:56.113Z [league] kestrel vs buttstein · seed 54638 · arena #67 · kestrel 1W 24K dom 24.0 | buttstein 0W 0K dom -12.0
2026-06-13T16:28:50.167Z [league] kestrel vs mojojojo · seed 54639 · arena #88 · kestrel 1W 23K dom 22.5 | mojojojo 0W 0K dom -11.5
2026-06-13T16:28:52.123Z [league] wolf vs plover · seed 54640 · arena #0 · wolf 1W 27K dom 18.0 | plover 0W 18K dom 4.5
2026-06-13T16:29:29.029Z [league] wolf vs hydra · seed 54641 · arena #5 · wolf 1W 22K dom 13.0 | hydra 0W 17K dom 6.0
2026-06-13T16:30:20.382Z [league] wolf vs shrike · seed 54642 · arena #11 · wolf 0W 19K dom 8.5 | shrike 1W 21K dom 11.5
2026-06-13T16:30:44.796Z [league] wolf vs cuadrilla · seed 54643 · arena #19 · wolf 1W 28K dom 15.5 | cuadrilla 0W 24K dom 10.0
2026-06-13T16:31:41.419Z [league] wolf vs orca · seed 54644 · arena #23 · wolf 1W 24K dom 15.0 | orca 0W 18K dom 6.0
2026-06-13T16:32:27.147Z [league] wolf vs neural · seed 54645 · arena #31 · wolf 1W 18K dom 17.0 | neural 0W 2K dom -7.0
2026-06-13T16:32:59.745Z [league] wolf vs angler · seed 54646 · arena #41 · wolf 0W 23K dom 11.5 | angler 0W 23K dom 11.5
2026-06-13T16:34:43.449Z [league] wolf vs disciple · seed 54647 · arena #53 · wolf 1W 23K dom 22.5 | disciple 0W 1K dom -10.5
2026-06-13T16:38:44.815Z [league] wolf vs prodigy · seed 54648 · arena #67 · done
2026-06-13T16:38:47.450Z [league] wolf vs buttstein · seed 54649 · arena #88 · wolf 1W 20K dom 19.0 | buttstein 0W 1K dom -9.5
2026-06-13T16:39:28.614Z [league] wolf vs mojojojo · seed 54650 · arena #0 · wolf 1W 26K dom 26.0 | mojojojo 0W 0K dom -14.0
2026-06-13T16:40:05.008Z [league] plover vs hydra · seed 54651 · arena #5 · plover 0W 19K dom 7.0 | hydra 1W 24K dom 14.5
2026-06-13T16:40:40.723Z [league] plover vs shrike · seed 54652 · arena #11 · plover 0W 21K dom 9.0 | shrike 1W 24K dom 12.5
2026-06-13T16:41:14.482Z [league] plover vs cuadrilla · seed 54653 · arena #19 · plover 0W 21K dom 7.0 | cuadrilla 1W 28K dom 17.5
2026-06-13T16:41:58.184Z [league] plover vs orca · seed 54654 · arena #23 · plover 0W 21K dom 7.0 | orca 1W 28K dom 17.5
2026-06-13T16:42:26.327Z [league] plover vs neural · seed 54655 · arena #31 · plover 1W 16K dom 15.5 | neural 0W 1K dom -7.0
2026-06-13T16:43:04.184Z [league] plover vs angler · seed 54656 · arena #41 · plover 0W 16K dom 0.5 | angler 1W 31K dom 23.0
2026-06-13T16:43:32.814Z [league] plover vs disciple · seed 54657 · arena #53 · plover 1W 23K dom 23.0 | disciple 0W 0K dom -11.5
2026-06-13T16:44:57.531Z [league] plover vs prodigy · seed 54658 · arena #67 · plover 1W 32K dom 32.0 | prodigy 0W 0K dom -16.0
2026-06-13T16:45:21.826Z [league] plover vs buttstein · seed 54659 · arena #88 · plover 1W 17K dom 17.0 | buttstein 0W 0K dom -9.0
2026-06-13T16:45:54.149Z [league] plover vs mojojojo · seed 54660 · arena #0 · plover 1W 18K dom 18.0 | mojojojo 0W 0K dom -10.0
2026-06-13T16:46:13.119Z [league] hydra vs shrike · seed 54661 · arena #5 · hydra 0W 19K dom 8.0 | shrike 1W 21K dom 11.5
2026-06-13T16:47:13.610Z [league] hydra vs cuadrilla · seed 54662 · arena #11 · hydra 0W 20K dom 6.0 | cuadrilla 1W 28K dom 18.0
2026-06-13T16:49:13.209Z [league] hydra vs orca · seed 54663 · arena #19 · hydra 0W 20K dom 9.5 | orca 1W 21K dom 11.0
2026-06-13T16:52:37.751Z [league] hydra vs neural · seed 54664 · arena #23 · hydra 1W 4K dom 4.0 | neural 0W 0K dom -2.0
2026-06-13T16:55:44.348Z [league] hydra vs angler · seed 54665 · arena #31 · hydra 0W 22K dom 6.5 | angler 1W 31K dom 20.0
2026-06-13T16:55:46.802Z [league] hydra vs disciple · seed 54666 · arena #41 · hydra 1W 20K dom 19.5 | disciple 0W 0K dom -10.0
2026-06-13T16:57:31.259Z [league] hydra vs prodigy · seed 54667 · arena #53 · hydra 1W 22K dom 21.0 | prodigy 0W 2K dom -9.0
2026-06-13T16:58:15.671Z [league] hydra vs buttstein · seed 54668 · arena #67 · hydra 1W 18K dom 17.0 | buttstein 0W 0K dom -10.0
2026-06-13T16:58:36.102Z [league] hydra vs mojojojo · seed 54669 · arena #88 · hydra 1W 22K dom 21.5 | mojojojo 0W 1K dom -10.5
2026-06-13T16:59:46.271Z [league] shrike vs cuadrilla · seed 54670 · arena #0 · shrike 1W 21K dom 12.0 | cuadrilla 0W 18K dom 7.5
2026-06-13T17:00:19.363Z [league] shrike vs orca · seed 54671 · arena #5 · shrike 0W 17K dom 6.5 | orca 1W 21K dom 12.5
2026-06-13T17:02:01.297Z [league] shrike vs neural · seed 54672 · arena #11 · shrike 1W 12K dom 10.5 | neural 0W 3K dom -4.0
2026-06-13T17:03:07.694Z [league] shrike vs angler · seed 54673 · arena #19 · shrike 0W 27K dom 12.5 | angler 1W 29K dom 15.5
2026-06-13T17:03:10.309Z [league] shrike vs disciple · seed 54674 · arena #23 · shrike 1W 26K dom 25.0 | disciple 0W 2K dom -11.0
2026-06-13T17:04:55.671Z [league] shrike vs prodigy · seed 54675 · arena #31 · shrike 1W 26K dom 25.5 | prodigy 0W 1K dom -12.0
2026-06-13T17:04:58.424Z [league] shrike vs buttstein · seed 54676 · arena #41 · shrike 1W 26K dom 26.0 | buttstein 0W 0K dom -13.0
2026-06-13T17:07:15.342Z [league] shrike vs mojojojo · seed 54677 · arena #53 · shrike 1W 23K dom 22.0 | mojojojo 0W 1K dom -11.5
2026-06-13T17:13:59.622Z [league] cuadrilla vs orca · seed 54678 · arena #67 · cuadrilla 0W 23K dom 11.5 | orca 0W 23K dom 11.5
2026-06-13T17:14:41.212Z [league] cuadrilla vs neural · seed 54679 · arena #88 · cuadrilla 1W 16K dom 15.5 | neural 0W 0K dom -8.0
2026-06-13T17:15:15.881Z [league] cuadrilla vs angler · seed 54680 · arena #0 · cuadrilla 0W 23K dom 10.0 | angler 1W 26K dom 14.5
2026-06-13T17:17:00.067Z [league] cuadrilla vs disciple · seed 54681 · arena #5 · cuadrilla 1W 5K dom 5.0 | disciple 0W 0K dom -2.5
2026-06-13T17:23:39.820Z [league] cuadrilla vs prodigy · seed 54682 · arena #11 · cuadrilla 1W 22K dom 20.5 | prodigy 0W 3K dom -8.0
2026-06-13T17:26:27.412Z [league] cuadrilla vs buttstein · seed 54683 · arena #19 · cuadrilla 1W 24K dom 24.0 | buttstein 0W 0K dom -12.0
2026-06-13T17:26:30.158Z [league] cuadrilla vs mojojojo · seed 54684 · arena #23 · cuadrilla 1W 30K dom 30.0 | mojojojo 0W 0K dom -15.0
2026-06-13T17:28:27.074Z [league] orca vs neural · seed 54685 · arena #31 · orca 1W 15K dom 15.0 | neural 0W 0K dom -7.5
2026-06-13T17:28:50.764Z [league] orca vs angler · seed 54686 · arena #41 · orca 0W 26K dom 11.5 | angler 1W 29K dom 16.0
2026-06-13T17:29:29.560Z [league] orca vs disciple · seed 54687 · arena #53 · orca 1W 21K dom 20.5 | disciple 0W 0K dom -10.5
2026-06-13T17:30:06.923Z [league] orca vs prodigy · seed 54688 · arena #67 · orca 1W 28K dom 26.5 | prodigy 0W 0K dom -14.5
2026-06-13T17:31:04.933Z [league] orca vs buttstein · seed 54689 · arena #88 · orca 1W 20K dom 19.5 | buttstein 0W 1K dom -9.0
2026-06-13T17:31:21.427Z [league] orca vs mojojojo · seed 54690 · arena #0 · orca 1W 35K dom 34.0 | mojojojo 0W 1K dom -16.5
2026-06-13T17:35:44.682Z [league] neural vs angler · seed 54691 · arena #5 · neural 0W 1K dom -12.0 | angler 1W 26K dom 25.5
2026-06-13T17:36:11.705Z [league] neural vs disciple · seed 54692 · arena #11 · neural 0W 0K dom 0.0 | disciple 0W 0K dom 0.0
2026-06-13T17:39:18.319Z [league] neural vs prodigy · seed 54693 · arena #19 · neural 1W 3K dom 2.0 | prodigy 0W 1K dom -0.5
2026-06-13T17:39:44.182Z [league] neural vs buttstein · seed 54694 · arena #23 · neural 0W 0K dom 0.0 | buttstein 0W 0K dom 0.0
2026-06-13T17:41:06.200Z [league] neural vs mojojojo · seed 54695 · arena #31 · neural 0W 1K dom 0.5 | mojojojo 0W 1K dom 0.5
2026-06-13T17:41:08.501Z [league] angler vs disciple · seed 54696 · arena #41 · angler 1W 22K dom 22.0 | disciple 0W 0K dom -11.0
2026-06-13T17:42:01.899Z [league] angler vs prodigy · seed 54697 · arena #53 · angler 1W 34K dom 33.0 | prodigy 0W 2K dom -15.0
2026-06-13T17:42:17.060Z [league] angler vs buttstein · seed 54698 · arena #67 · angler 1W 21K dom 20.5 | buttstein 0W 0K dom -10.5
2026-06-13T17:42:52.142Z [league] angler vs mojojojo · seed 54699 · arena #88 · angler 1W 27K dom 27.0 | mojojojo 0W 0K dom -13.5
2026-06-13T17:43:35.479Z [league] disciple vs prodigy · seed 54700 · arena #0 · disciple 1W 1K dom 1.0 | prodigy 0W 0K dom -0.5
2026-06-13T17:44:25.743Z [league] disciple vs buttstein · seed 54701 · arena #5 · disciple 1W 0K dom 0.0 | buttstein 0W 0K dom -0.5
2026-06-13T17:47:58.971Z [league] disciple vs mojojojo · seed 54702 · arena #11 · disciple 0W 0K dom 0.0 | mojojojo 0W 0K dom 0.0
2026-06-13T17:48:40.385Z [league] prodigy vs buttstein · seed 54703 · arena #19 · prodigy 0W 0K dom 0.0 | buttstein 0W 0K dom 0.0
2026-06-13T17:49:19.872Z [league] prodigy vs mojojojo · seed 54704 · arena #23 · prodigy 1W 1K dom 1.0 | mojojojo 0W 0K dom -0.5
2026-06-13T17:50:13.581Z [league] buttstein vs mojojojo · seed 54705 · arena #31 · buttstein 1W 1K dom 0.5 | mojojojo 0W 0K dom -1.0
2026-06-13T17:50:14.534Z [league] new round-robin pass: 17 engines, 136 pairings
2026-06-13T17:50:42.786Z [league] datasets/ at 64.28 GB — OVER WARN THRESHOLD, consider archiving
2026-06-13T17:50:53.421Z [league] classic vs pilot · seed 54706 · arena #41 · classic 0W 13K dom -1.0 | pilot 1W 26K dom 18.0
2026-06-13T17:50:53.769Z [league] classic vs reaper · seed 54707 · arena #53 · classic 0W 13K dom -4.0 | reaper 1W 34K dom 27.0
2026-06-13T18:03:57.461Z [league] classic vs matador · seed 54708 · arena #67 · classic 0W 17K dom 4.0 | matador 1W 24K dom 15.0
2026-06-13T18:05:09.250Z [league] classic vs kestrel · seed 54709 · arena #88 · classic 0W 15K dom -1.0 | kestrel 1W 32K dom 24.5
2026-06-13T18:05:11.166Z [league] classic vs wolf · seed 54710 · arena #0 · classic 0W 13K dom -5.0 | wolf 1W 36K dom 29.5
2026-06-13T18:05:51.197Z [league] classic vs plover · seed 54711 · arena #5 · classic 0W 9K dom -3.0 | plover 1W 23K dom 17.0
2026-06-13T18:07:55.218Z [league] classic vs hydra · seed 54712 · arena #11 · classic 0W 11K dom -3.5 | hydra 1W 29K dom 23.5
2026-06-13T18:15:39.326Z [league] classic vs shrike · seed 54713 · arena #19 · classic 0W 13K dom -1.0 | shrike 1W 28K dom 21.5
2026-06-13T18:22:21.976Z [league] classic vs cuadrilla · seed 54714 · arena #23 · done
2026-06-13T18:22:24.599Z [league] classic vs orca · seed 54715 · arena #31 · classic 0W 11K dom -2.5 | orca 1W 26K dom 20.5
2026-06-13T18:23:03.359Z [league] classic vs neural · seed 54716 · arena #41 · classic 1W 6K dom 4.0 | neural 0W 2K dom -1.0
2026-06-13T18:36:13.387Z [league] classic vs angler · seed 54717 · arena #53 · classic 0W 14K dom -6.0 | angler 1W 40K dom 33.0
2026-06-13T18:38:31.179Z [league] classic vs disciple · seed 54718 · arena #67 · classic 1W 11K dom 11.0 | disciple 0W 0K dom -5.5
2026-06-13T18:38:33.891Z [league] classic vs prodigy · seed 54719 · arena #88 · classic 1W 13K dom 11.5 | prodigy 0W 1K dom -5.5
2026-06-13T18:39:07.343Z [league] classic vs buttstein · seed 54720 · arena #0 · classic 1W 13K dom 12.5 | buttstein 0W 0K dom -7.0
2026-06-13T18:39:55.629Z [league] classic vs mojojojo · seed 54721 · arena #5 · classic 1W 16K dom 14.0 | mojojojo 0W 2K dom -6.0
2026-06-13T18:41:17.969Z [league] pilot vs reaper · seed 54722 · arena #11 · pilot 1W 22K dom 13.0 | reaper 0W 18K dom 6.5
2026-06-13T18:42:26.716Z [league] pilot vs matador · seed 54723 · arena #19 · pilot 0W 27K dom 13.0 | matador 1W 28K dom 14.5
2026-06-13T18:42:57.450Z [league] pilot vs kestrel · seed 54724 · arena #23 · pilot 0W 18K dom 7.0 | kestrel 1W 20K dom 11.0
2026-06-13T18:44:28.541Z [league] pilot vs wolf · seed 54725 · arena #31 · pilot 0W 18K dom 6.0 | wolf 1W 24K dom 15.0
2026-06-13T18:48:43.500Z [league] pilot vs plover · seed 54726 · arena #41 · pilot 1W 21K dom 11.0 | plover 0W 20K dom 9.5
2026-06-13T18:49:06.462Z [league] pilot vs hydra · seed 54727 · arena #53 · pilot 1W 21K dom 11.0 | hydra 0W 19K dom 8.5
2026-06-13T18:49:42.409Z [league] pilot vs shrike · seed 54728 · arena #67 · pilot 1W 16K dom 8.0 | shrike 0W 15K dom 7.0
2026-06-13T18:51:03.103Z [league] pilot vs cuadrilla · seed 54729 · arena #88 · pilot 1W 25K dom 15.0 | cuadrilla 0W 19K dom 6.5
2026-06-13T18:51:55.441Z [league] pilot vs orca · seed 54730 · arena #0 · pilot 0W 16K dom 7.0 | orca 1W 18K dom 10.0
2026-06-13T18:53:34.655Z [league] pilot vs neural · seed 54731 · arena #5 · pilot 1W 16K dom 14.0 | neural 0W 4K dom -4.5
2026-06-13T18:54:06.128Z [league] pilot vs angler · seed 54732 · arena #11 · pilot 0W 20K dom 6.0 | angler 1W 27K dom 17.0
2026-06-13T18:55:15.118Z [league] pilot vs disciple · seed 54733 · arena #19 · pilot 1W 21K dom 20.0 | disciple 0W 1K dom -9.5
2026-06-13T18:56:50.365Z [league] pilot vs prodigy · seed 54734 · arena #23 · pilot 1W 27K dom 26.0 | prodigy 0W 2K dom -11.5
2026-06-13T18:56:51.052Z [league] pilot vs buttstein · seed 54735 · arena #31 · pilot 1W 20K dom 19.0 | buttstein 0W 0K dom -10.0
2026-06-13T19:01:49.046Z [league] pilot vs mojojojo · seed 54736 · arena #41 · pilot 1W 21K dom 20.0 | mojojojo 0W 0K dom -10.5
2026-06-13T19:02:11.579Z [league] reaper vs matador · seed 54737 · arena #53 · reaper 0W 26K dom 13.0 | matador 0W 26K dom 13.0
2026-06-13T19:02:58.198Z [league] reaper vs kestrel · seed 54738 · arena #67 · reaper 0W 17K dom 4.5 | kestrel 1W 24K dom 15.5
2026-06-13T19:04:03.697Z [league] reaper vs wolf · seed 54739 · arena #88 · reaper 0W 22K dom 8.0 | wolf 1W 28K dom 17.0
2026-06-13T19:04:36.554Z [league] reaper vs plover · seed 54740 · arena #0 · reaper 1W 19K dom 10.0 | plover 0W 18K dom 8.5
2026-06-13T19:07:39.444Z [league] reaper vs hydra · seed 54741 · arena #5 · reaper 0W 21K dom 10.5 | hydra 0W 21K dom 10.5
2026-06-13T19:07:41.785Z [league] reaper vs shrike · seed 54742 · arena #11 · reaper 0W 21K dom 8.5 | shrike 1W 25K dom 14.5
2026-06-13T19:08:17.989Z [league] reaper vs cuadrilla · seed 54743 · arena #19 · reaper 0W 19K dom 8.5 | cuadrilla 1W 21K dom 11.5
2026-06-13T19:08:59.651Z [league] reaper vs orca · seed 54744 · arena #23 · reaper 1W 24K dom 13.0 | orca 0W 22K dom 10.0
2026-06-13T19:09:43.039Z [league] reaper vs neural · seed 54745 · arena #31 · reaper 0W 2K dom 1.0 | neural 0W 2K dom 1.0
2026-06-13T19:10:36.490Z [league] reaper vs angler · seed 54746 · arena #41 · reaper 0W 16K dom 2.0 | angler 1W 27K dom 19.0
2026-06-13T19:11:04.348Z [league] reaper vs disciple · seed 54747 · arena #53 · reaper 1W 18K dom 17.5 | disciple 0W 0K dom -9.0
2026-06-13T19:12:03.467Z [league] reaper vs prodigy · seed 54748 · arena #67 · reaper 1W 27K dom 26.0 | prodigy 0W 1K dom -12.5
2026-06-13T19:16:21.365Z [league] reaper vs buttstein · seed 54749 · arena #88 · done
2026-06-13T19:16:24.769Z [league] reaper vs mojojojo · seed 54750 · arena #0 · reaper 1W 12K dom 12.0 | mojojojo 0W 0K dom -6.0
2026-06-13T19:17:00.998Z [league] matador vs kestrel · seed 54751 · arena #5 · matador 1W 22K dom 13.0 | kestrel 0W 18K dom 6.5
2026-06-13T19:22:02.770Z [league] matador vs wolf · seed 54752 · arena #11 · matador 1W 27K dom 14.0 | wolf 0W 26K dom 12.5
2026-06-13T19:22:34.821Z [league] matador vs plover · seed 54753 · arena #19 · matador 1W 24K dom 15.5 | plover 0W 17K dom 4.5
2026-06-13T19:28:26.003Z [league] matador vs hydra · seed 54754 · arena #23 · matador 1W 23K dom 13.5 | hydra 0W 19K dom 7.5
2026-06-13T19:28:48.153Z [league] matador vs shrike · seed 54755 · arena #31 · matador 0W 17K dom 6.5 | shrike 1W 20K dom 11.5
2026-06-13T19:29:22.420Z [league] matador vs cuadrilla · seed 54756 · arena #41 · matador 0W 18K dom 6.5 | cuadrilla 1W 23K dom 13.5
2026-06-13T19:30:38.273Z [league] matador vs orca · seed 54757 · arena #53 · matador 1W 31K dom 17.5 | orca 0W 27K dom 11.5
2026-06-13T19:31:12.449Z [league] matador vs neural · seed 54758 · arena #67 · matador 1W 19K dom 17.5 | neural 0W 3K dom -6.5
2026-06-13T19:32:55.393Z [league] matador vs angler · seed 54759 · arena #88 · matador 0W 28K dom 12.5 | angler 1W 31K dom 17.0
2026-06-13T19:38:44.464Z [league] matador vs disciple · seed 54760 · arena #0 · matador 1W 32K dom 32.0 | disciple 0W 0K dom -16.0
2026-06-13T19:39:49.264Z [league] matador vs prodigy · seed 54761 · arena #5 · matador 1W 33K dom 31.0 | prodigy 0W 4K dom -12.5
2026-06-13T19:40:40.892Z [league] matador vs buttstein · seed 54762 · arena #11 · matador 1W 27K dom 26.5 | buttstein 0W 1K dom -13.0
2026-06-13T19:40:43.928Z [league] matador vs mojojojo · seed 54763 · arena #19 · matador 1W 21K dom 21.0 | mojojojo 0W 0K dom -10.5
2026-06-13T19:42:46.067Z [league] kestrel vs wolf · seed 54764 · arena #23 · kestrel 1W 26K dom 13.5 | wolf 0W 25K dom 12.0
2026-06-13T19:43:15.498Z [league] kestrel vs plover · seed 54765 · arena #31 · kestrel 1W 27K dom 16.5 | plover 0W 21K dom 7.5
2026-06-13T19:44:32.396Z [league] kestrel vs hydra · seed 54766 · arena #41 · kestrel 1W 27K dom 17.5 | hydra 0W 18K dom 4.5
2026-06-13T19:45:09.924Z [league] kestrel vs shrike · seed 54767 · arena #53 · kestrel 1W 29K dom 17.0 | shrike 0W 24K dom 9.0
2026-06-13T19:45:52.000Z [league] kestrel vs cuadrilla · seed 54768 · arena #67 · kestrel 0W 18K dom 7.5 | cuadrilla 1W 21K dom 11.5
2026-06-13T19:46:29.930Z [league] kestrel vs orca · seed 54769 · arena #88 · kestrel 1W 24K dom 14.0 | orca 0W 18K dom 6.0
2026-06-13T19:46:59.245Z [league] kestrel vs neural · seed 54770 · arena #0 · kestrel 1W 17K dom 15.5 | neural 0W 3K dom -6.5
2026-06-13T19:47:24.806Z [league] kestrel vs angler · seed 54771 · arena #5 · kestrel 1W 30K dom 17.0 | angler 0W 26K dom 11.0
2026-06-13T19:48:09.298Z [league] kestrel vs disciple · seed 54772 · arena #11 · kestrel 1W 22K dom 22.0 | disciple 0W 0K dom -11.0
2026-06-13T19:48:20.336Z [league] kestrel vs prodigy · seed 54773 · arena #19 · kestrel 1W 25K dom 23.5 | prodigy 0W 2K dom -10.5
2026-06-13T19:49:13.922Z [league] kestrel vs buttstein · seed 54774 · arena #23 · kestrel 1W 20K dom 20.0 | buttstein 0W 0K dom -10.5
2026-06-13T19:49:43.599Z [league] kestrel vs mojojojo · seed 54775 · arena #31 · kestrel 1W 32K dom 32.0 | mojojojo 0W 0K dom -16.5
2026-06-13T19:50:19.661Z [league] wolf vs plover · seed 54776 · arena #41 · wolf 1W 23K dom 14.0 | plover 0W 18K dom 6.5
2026-06-13T19:50:45.135Z [league] wolf vs hydra · seed 54777 · arena #53 · wolf 1W 23K dom 13.5 | hydra 0W 19K dom 7.5
2026-06-13T19:51:29.256Z [league] wolf vs shrike · seed 54778 · arena #67 · wolf 1W 31K dom 18.5 | shrike 0W 24K dom 8.5
2026-06-13T19:52:00.960Z [league] wolf vs cuadrilla · seed 54779 · arena #88 · wolf 1W 21K dom 13.5 | cuadrilla 0W 14K dom 3.5
2026-06-13T19:52:41.426Z [league] wolf vs orca · seed 54780 · arena #0 · wolf 1W 29K dom 19.5 | orca 0W 19K dom 4.5
2026-06-13T19:53:24.519Z [league] wolf vs neural · seed 54781 · arena #5 · wolf 1W 14K dom 14.0 | neural 0W 0K dom -7.0
2026-06-13T19:54:34.001Z [league] wolf vs angler · seed 54782 · arena #11 · wolf 1W 24K dom 14.0 | angler 0W 20K dom 8.0
2026-06-13T19:57:02.897Z [league] wolf vs disciple · seed 54783 · arena #19 · wolf 1W 29K dom 29.0 | disciple 0W 0K dom -14.5
2026-06-13T19:57:32.659Z [league] wolf vs prodigy · seed 54784 · arena #23 · wolf 1W 24K dom 24.0 | prodigy 0W 0K dom -12.5
2026-06-13T20:02:34.490Z [league] wolf vs buttstein · seed 54785 · arena #31 · wolf 1W 29K dom 29.0 | buttstein 0W 0K dom -15.0
2026-06-13T20:03:04.024Z [league] wolf vs mojojojo · seed 54786 · arena #41 · wolf 1W 22K dom 21.0 | mojojojo 0W 0K dom -11.0
2026-06-13T20:09:15.821Z [league] plover vs hydra · seed 54787 · arena #53 · plover 1W 30K dom 16.0 | hydra 0W 28K dom 13.0
2026-06-13T20:10:02.926Z [league] plover vs shrike · seed 54788 · arena #67 · plover 0W 21K dom 7.0 | shrike 1W 28K dom 17.5
2026-06-13T20:10:33.084Z [league] plover vs cuadrilla · seed 54789 · arena #88 · plover 1W 19K dom 11.5 | cuadrilla 0W 15K dom 5.5
2026-06-13T20:11:23.239Z [league] plover vs orca · seed 54790 · arena #0 · plover 0W 19K dom 7.0 | orca 1W 24K dom 14.5
2026-06-13T20:14:47.201Z [league] plover vs neural · seed 54791 · arena #5 · plover 1W 9K dom 8.5 | neural 0W 1K dom -4.5
2026-06-13T20:17:20.507Z [league] plover vs angler · seed 54792 · arena #11 · plover 0W 17K dom 7.0 | angler 1W 20K dom 11.5
2026-06-13T20:17:23.012Z [league] plover vs disciple · seed 54793 · arena #19 · plover 1W 20K dom 20.0 | disciple 0W 0K dom -10.5
2026-06-13T20:18:00.506Z [league] plover vs prodigy · seed 54794 · arena #23 · plover 1W 20K dom 18.5 | prodigy 0W 3K dom -7.0
2026-06-13T20:51:19.420Z [league] plover vs buttstein · seed 54795 · arena #31 · plover 1W 22K dom 22.0 | buttstein 0W 0K dom -11.0
2026-06-13T21:10:21.036Z [league] plover vs mojojojo · seed 54796 · arena #41 · plover 1W 23K dom 23.0 | mojojojo 0W 0K dom -11.5
2026-06-13T21:10:50.606Z [league] hydra vs shrike · seed 54797 · arena #53 · hydra 0W 18K dom 6.5 | shrike 1W 23K dom 13.5
2026-06-13T21:14:00.914Z [league] hydra vs cuadrilla · seed 54798 · arena #67 · hydra 0W 20K dom 9.5 | cuadrilla 1W 21K dom 11.0
2026-06-13T21:14:03.369Z [league] hydra vs orca · seed 54799 · arena #88 · hydra 0W 23K dom 10.5 | orca 1W 25K dom 13.5
2026-06-13T21:17:31.556Z [league] hydra vs neural · seed 54800 · arena #0 · hydra 1W 22K dom 18.5 | neural 0W 5K dom -6.5
2026-06-13T21:18:10.330Z [league] hydra vs angler · seed 54801 · arena #5 · hydra 0W 24K dom 11.5 | angler 1W 25K dom 13.0
2026-06-13T21:19:00.383Z [league] hydra vs disciple · seed 54802 · arena #11 · hydra 1W 27K dom 27.0 | disciple 0W 0K dom -13.5
2026-06-13T21:27:16.660Z [league] hydra vs prodigy · seed 54803 · arena #19 · hydra 1W 27K dom 26.5 | prodigy 0W 1K dom -13.5
2026-06-13T21:27:52.894Z [league] hydra vs buttstein · seed 54804 · arena #23 · hydra 1W 24K dom 24.0 | buttstein 0W 0K dom -12.0
2026-06-13T21:28:16.402Z [league] hydra vs mojojojo · seed 54805 · arena #31 · hydra 1W 15K dom 14.5 | mojojojo 0W 1K dom -6.5
2026-06-13T21:30:04.464Z [league] shrike vs cuadrilla · seed 54806 · arena #41 · shrike 1W 30K dom 18.0 | cuadrilla 0W 24K dom 9.0
2026-06-13T21:40:07.612Z [league] shrike vs orca · seed 54807 · arena #53 · shrike 0W 22K dom 10.0 | orca 1W 24K dom 13.0
2026-06-13T21:46:53.219Z [league] shrike vs neural · seed 54808 · arena #67 · shrike 1W 10K dom 10.0 | neural 0W 0K dom -5.0
2026-06-13T21:50:20.455Z [league] shrike vs angler · seed 54809 · arena #88 · shrike 1W 26K dom 13.5 | angler 0W 25K dom 12.0
2026-06-13T21:50:49.019Z [league] shrike vs disciple · seed 54810 · arena #0 · shrike 1W 24K dom 23.5 | disciple 0W 1K dom -11.0
2026-06-13T22:04:00.171Z [league] shrike vs prodigy · seed 54811 · arena #5 · shrike 1W 20K dom 18.5 | prodigy 0W 3K dom -8.5
2026-06-13T22:09:45.517Z [league] shrike vs buttstein · seed 54812 · arena #11 · shrike 1W 15K dom 15.0 | buttstein 0W 0K dom -7.5
2026-06-13T22:10:23.369Z [league] shrike vs mojojojo · seed 54813 · arena #19 · shrike 1W 24K dom 23.5 | mojojojo 0W 1K dom -11.0
2026-06-13T22:18:50.609Z [league] cuadrilla vs orca · seed 54814 · arena #23 · cuadrilla 0W 26K dom 12.5 | orca 1W 27K dom 14.0
2026-06-13T22:32:42.871Z [league] cuadrilla vs neural · seed 54815 · arena #31 · done
2026-06-13T22:32:45.237Z [league] cuadrilla vs angler · seed 54816 · arena #41 · cuadrilla 0W 24K dom 9.0 | angler 1W 30K dom 18.0
2026-06-13T22:33:23.381Z [league] cuadrilla vs disciple · seed 54817 · arena #53 · cuadrilla 1W 26K dom 26.0 | disciple 0W 0K dom -13.0
2026-06-13T22:35:56.622Z [league] cuadrilla vs prodigy · seed 54818 · arena #67 · cuadrilla 1W 34K dom 34.0 | prodigy 0W 0K dom -17.0
2026-06-13T22:36:44.581Z [league] cuadrilla vs buttstein · seed 54819 · arena #88 · cuadrilla 1W 19K dom 18.5 | buttstein 0W 1K dom -9.0
2026-06-13T22:36:52.524Z [league] cuadrilla vs mojojojo · seed 54820 · arena #0 · cuadrilla 1W 17K dom 16.5 | mojojojo 0W 0K dom -9.0
2026-06-13T22:48:29.589Z [league] orca vs neural · seed 54821 · arena #5 · orca 1W 25K dom 23.5 | neural 0W 3K dom -9.5
2026-06-13T22:53:13.444Z [league] orca vs angler · seed 54822 · arena #11 · orca 0W 20K dom 8.5 | angler 1W 21K dom 11.0
2026-06-13T22:54:08.299Z [league] orca vs disciple · seed 54823 · arena #19 · orca 1W 13K dom 13.0 | disciple 0W 0K dom -7.0
2026-06-13T22:55:19.745Z [league] orca vs prodigy · seed 54824 · arena #23 · orca 1W 30K dom 29.5 | prodigy 0W 1K dom -14.0
2026-06-13T22:55:54.522Z [league] orca vs buttstein · seed 54825 · arena #31 · orca 1W 14K dom 13.0 | buttstein 0W 1K dom -6.0
2026-06-13T22:56:24.449Z [league] orca vs mojojojo · seed 54826 · arena #41 · orca 1W 27K dom 26.5 | mojojojo 0W 0K dom -13.5
2026-06-13T22:56:47.787Z [league] neural vs angler · seed 54827 · arena #53 · neural 0W 3K dom -6.0 | angler 1W 17K dom 15.5
2026-06-13T22:57:55.664Z [league] neural vs disciple · seed 54828 · arena #67 · neural 1W 3K dom 2.0 | disciple 0W 2K dom 0.0
2026-06-13T22:58:03.018Z [league] neural vs prodigy · seed 54829 · arena #88 · neural 1W 1K dom 1.0 | prodigy 0W 0K dom -0.5
2026-06-13T22:58:25.826Z [league] neural vs buttstein · seed 54830 · arena #0 · neural 1W 1K dom 1.0 | buttstein 0W 0K dom -0.5
2026-06-13T22:58:53.847Z [league] neural vs mojojojo · seed 54831 · arena #5 · neural 1W 3K dom 3.0 | mojojojo 0W 0K dom -1.5
2026-06-13T22:59:43.449Z [league] angler vs disciple · seed 54832 · arena #11 · angler 1W 35K dom 34.0 | disciple 0W 2K dom -15.5
2026-06-13T23:00:29.033Z [league] angler vs prodigy · seed 54833 · arena #19 · angler 1W 32K dom 31.0 | prodigy 0W 2K dom -14.0
2026-06-13T23:02:05.675Z [league] angler vs buttstein · seed 54834 · arena #23 · angler 1W 25K dom 25.0 | buttstein 0W 0K dom -12.5
2026-06-13T23:02:07.881Z [league] angler vs mojojojo · seed 54835 · arena #31 · angler 1W 30K dom 29.0 | mojojojo 0W 2K dom -13.5
2026-06-13T23:03:20.786Z [league] disciple vs prodigy · seed 54836 · arena #41 · disciple 1W 3K dom 2.5 | prodigy 0W 1K dom -0.5
2026-06-13T23:03:34.500Z [league] disciple vs buttstein · seed 54837 · arena #53 · disciple 0W 0K dom 0.0 | buttstein 0W 0K dom 0.0
2026-06-13T23:04:12.537Z [league] disciple vs mojojojo · seed 54838 · arena #67 · disciple 0W 1K dom 0.5 | mojojojo 0W 1K dom 0.5
2026-06-13T23:04:39.270Z [league] prodigy vs buttstein · seed 54839 · arena #88 · prodigy 1W 1K dom 0.5 | buttstein 0W 0K dom -0.5
2026-06-13T23:05:14.292Z [league] prodigy vs mojojojo · seed 54840 · arena #0 · prodigy 0W 2K dom 1.0 | mojojojo 0W 2K dom 1.0
2026-06-13T23:05:34.629Z [league] buttstein vs mojojojo · seed 54841 · arena #5 · buttstein 1W 2K dom 1.5 | mojojojo 0W 0K dom -1.0
2026-06-13T23:06:17.320Z [league] new round-robin pass: 17 engines, 136 pairings
2026-06-13T23:11:08.724Z [league] datasets/ at 65.49 GB — OVER WARN THRESHOLD, consider archiving
2026-06-13T23:11:25.068Z [league] classic vs reaper · seed 54843 · arena #19 · classic 0W 13K dom -3.0 | reaper 1W 31K dom 24.5
2026-06-13T23:11:25.153Z [league] classic vs pilot · seed 54842 · arena #11 · classic 0W 13K dom -0.5 | pilot 1W 25K dom 18.0
2026-06-13T23:11:49.034Z [league] classic vs matador · seed 54844 · arena #23 · classic 0W 10K dom -4.5 | matador 1W 28K dom 21.0
2026-06-13T23:13:12.332Z [league] classic vs kestrel · seed 54845 · arena #31 · classic 0W 16K dom -0.5 | kestrel 1W 32K dom 23.0
2026-06-13T23:14:58.984Z [league] classic vs wolf · seed 54846 · arena #41 · classic 0W 11K dom -4.5 | wolf 1W 31K dom 25.0
2026-06-13T23:15:03.503Z [league] classic vs plover · seed 54847 · arena #53 · classic 0W 12K dom 0.0 | plover 1W 24K dom 18.0
2026-06-13T23:17:30.997Z [league] classic vs hydra · seed 54848 · arena #67 · classic 0W 16K dom 1.5 | hydra 1W 29K dom 21.0
2026-06-13T23:19:39.203Z [league] classic vs shrike · seed 54849 · arena #88 · classic 0W 11K dom -5.0 | shrike 1W 32K dom 25.5
2026-06-13T23:23:44.988Z [league] classic vs cuadrilla · seed 54850 · arena #0 · classic 0W 10K dom -6.5 | cuadrilla 1W 33K dom 28.0
2026-06-13T23:24:16.165Z [league] classic vs orca · seed 54851 · arena #5 · classic 0W 15K dom 0.5 | orca 1W 28K dom 20.0
2026-06-13T23:24:39.589Z [league] classic vs neural · seed 54852 · arena #11 · classic 1W 3K dom 2.5 | neural 0W 1K dom -2.0
2026-06-13T23:25:18.936Z [league] classic vs angler · seed 54853 · arena #19 · classic 0W 17K dom -1.0 | angler 1W 36K dom 27.5
2026-06-13T23:25:40.533Z [league] classic vs disciple · seed 54854 · arena #23 · classic 1W 9K dom 7.5 | disciple 0W 0K dom -4.5
2026-06-13T23:26:54.592Z [league] classic vs prodigy · seed 54855 · arena #31 · classic 1W 17K dom 16.5 | prodigy 0W 1K dom -7.5
2026-06-13T23:27:24.815Z [league] classic vs buttstein · seed 54856 · arena #41 · classic 1W 15K dom 15.0 | buttstein 0W 0K dom -7.5
2026-06-13T23:28:08.561Z [league] classic vs mojojojo · seed 54857 · arena #53 · classic 1W 16K dom 15.5 | mojojojo 0W 1K dom -8.0
2026-06-13T23:30:56.401Z [league] pilot vs reaper · seed 54858 · arena #67 · pilot 1W 26K dom 17.0 | reaper 0W 17K dom 4.0
2026-06-13T23:33:49.862Z [league] pilot vs matador · seed 54859 · arena #88 · pilot 1W 27K dom 17.5 | matador 0W 16K dom 2.0
2026-06-13T23:34:00.920Z [league] pilot vs kestrel · seed 54860 · arena #0 · pilot 0W 22K dom 10.0 | kestrel 1W 24K dom 12.5
2026-06-13T23:45:06.754Z [league] pilot vs wolf · seed 54861 · arena #5 · done
2026-06-13T23:46:38.927Z [league] pilot vs plover · seed 54862 · arena #11 · pilot 0W 16K dom 7.0 | plover 1W 17K dom 8.5
2026-06-13T23:47:05.688Z [league] pilot vs hydra · seed 54863 · arena #19 · pilot 1W 20K dom 11.0 | hydra 0W 18K dom 8.0
2026-06-13T23:50:46.747Z [league] pilot vs shrike · seed 54864 · arena #23 · done
2026-06-13T23:51:22.073Z [league] pilot vs cuadrilla · seed 54865 · arena #31 · pilot 0W 15K dom 6.0 | cuadrilla 1W 15K dom 7.0
2026-06-13T23:52:47.199Z [league] pilot vs orca · seed 54866 · arena #41 · pilot 0W 21K dom 9.5 | orca 1W 23K dom 12.5
2026-06-13T23:53:48.360Z [league] pilot vs neural · seed 54867 · arena #53 · pilot 1W 18K dom 17.0 | neural 0W 1K dom -8.0
2026-06-13T23:53:50.501Z [league] pilot vs angler · seed 54868 · arena #67 · pilot 0W 18K dom 4.0 | angler 1W 28K dom 19.0
2026-06-13T23:57:53.380Z [league] pilot vs disciple · seed 54869 · arena #88 · done
2026-06-13T23:58:27.006Z [league] pilot vs prodigy · seed 54870 · arena #0 · pilot 1W 24K dom 23.5 | prodigy 0W 1K dom -11.0
2026-06-14T00:01:50.098Z [league] pilot vs buttstein · seed 54871 · arena #5 · done
2026-06-14T00:02:16.856Z [league] reaper vs matador · seed 54873 · arena #19 · reaper 0W 20K dom 8.0 | matador 1W 24K dom 14.0
2026-06-14T00:02:21.355Z [league] pilot vs mojojojo · seed 54872 · arena #11 · pilot 1W 17K dom 17.0 | mojojojo 0W 0K dom -8.5
2026-06-14T00:04:36.641Z [league] reaper vs kestrel · seed 54874 · arena #23 · reaper 0W 24K dom 10.5 | kestrel 1W 27K dom 15.0
2026-06-14T00:04:44.119Z [league] reaper vs wolf · seed 54875 · arena #31 · reaper 0W 17K dom 5.5 | wolf 1W 23K dom 14.5
2026-06-14T00:05:03.287Z [league] reaper vs plover · seed 54876 · arena #41 · reaper 1W 18K dom 10.5 | plover 0W 15K dom 6.0
2026-06-14T00:07:20.035Z [league] reaper vs hydra · seed 54877 · arena #53 · reaper 0W 17K dom 5.0 | hydra 1W 24K dom 15.5
2026-06-14T00:09:27.054Z [league] reaper vs shrike · seed 54878 · arena #67 · reaper 0W 15K dom 2.5 | shrike 1W 22K dom 14.0
2026-06-14T00:14:23.775Z [league] reaper vs cuadrilla · seed 54879 · arena #88 · done
2026-06-14T00:15:32.072Z [league] reaper vs orca · seed 54880 · arena #0 · reaper 0W 22K dom 8.0 | orca 1W 27K dom 16.0
2026-06-14T00:16:08.354Z [league] reaper vs neural · seed 54881 · arena #5 · reaper 1W 18K dom 16.5 | neural 0W 3K dom -6.0
2026-06-14T00:17:31.592Z [league] reaper vs angler · seed 54882 · arena #11 · reaper 0W 25K dom 9.0 | angler 1W 32K dom 19.5
2026-06-14T00:17:57.685Z [league] reaper vs disciple · seed 54883 · arena #19 · reaper 1W 25K dom 24.0 | disciple 0W 2K dom -10.5
2026-06-14T00:20:58.834Z [league] reaper vs prodigy · seed 54884 · arena #23 · reaper 1W 19K dom 18.0 | prodigy 0W 1K dom -9.0
2026-06-14T00:21:50.882Z [league] reaper vs buttstein · seed 54885 · arena #31 · done
2026-06-14T00:22:20.040Z [league] reaper vs mojojojo · seed 54886 · arena #41 · reaper 1W 15K dom 14.5 | mojojojo 0W 1K dom -6.5
2026-06-14T00:22:27.432Z [league] matador vs kestrel · seed 54887 · arena #53 · matador 1W 22K dom 12.5 | kestrel 0W 19K dom 8.0
2026-06-14T00:22:49.352Z [league] matador vs wolf · seed 54888 · arena #67 · matador 0W 22K dom 9.5 | wolf 1W 25K dom 13.5
2026-06-14T00:23:54.223Z [league] matador vs plover · seed 54889 · arena #88 · matador 1W 30K dom 19.5 | plover 0W 21K dom 6.0
2026-06-14T00:24:22.490Z [league] matador vs hydra · seed 54890 · arena #0 · matador 1W 22K dom 11.5 | hydra 0W 21K dom 10.0
2026-06-14T00:24:45.653Z [league] matador vs shrike · seed 54891 · arena #5 · matador 1W 21K dom 11.0 | shrike 0W 18K dom 7.5
2026-06-14T00:25:31.855Z [league] matador vs cuadrilla · seed 54892 · arena #11 · matador 0W 21K dom 10.0 | cuadrilla 1W 22K dom 11.5
2026-06-14T00:27:34.070Z [league] matador vs orca · seed 54893 · arena #19 · matador 1W 26K dom 14.5 | orca 0W 23K dom 10.0
2026-06-14T00:27:47.543Z [league] matador vs neural · seed 54894 · arena #23 · matador 1W 11K dom 8.0 | neural 0W 6K dom 0.0
2026-06-14T00:28:07.863Z [league] matador vs angler · seed 54895 · arena #31 · matador 0W 23K dom 10.5 | angler 1W 24K dom 12.0
2026-06-14T00:28:40.672Z [league] matador vs disciple · seed 54896 · arena #41 · matador 1W 19K dom 18.5 | disciple 0W 1K dom -8.5
2026-06-14T00:30:09.660Z [league] matador vs prodigy · seed 54897 · arena #53 · matador 1W 40K dom 39.0 | prodigy 0W 2K dom -18.0
2026-06-14T00:30:51.882Z [league] matador vs buttstein · seed 54898 · arena #67 · matador 1W 19K dom 18.5 | buttstein 0W 0K dom -9.5
2026-06-14T00:47:36.248Z [league] kestrel vs wolf · seed 54900 · arena #0 · done
2026-06-14T00:47:36.249Z [league] kestrel vs plover · seed 54901 · arena #5 · done
2026-06-14T00:47:36.259Z [league] matador vs mojojojo · seed 54899 · arena #88 · done
2026-06-14T01:05:54.702Z [league] kestrel vs hydra · seed 54902 · arena #11 · done
2026-06-14T01:05:55.033Z [league] kestrel vs shrike · seed 54903 · arena #19 · done
2026-06-14T01:20:28.964Z [league] pairing kestrel vs orca FAILED (continuing): Command failed: pnpm arena --teams kestrel vs orca --matches 1 --round 120 --seed 54905 --arena 31
2026-06-14T01:20:29.349Z [league] kestrel vs cuadrilla · seed 54904 · arena #23 · done
2026-06-14T04:50:19.188Z [league] kestrel vs neural · seed 54906 · arena #41 · done
2026-06-14T04:50:34.622Z [league] kestrel vs angler · seed 54907 · arena #53 · kestrel 0W 26K dom 11.5 | angler 1W 29K dom 16.0
2026-06-14T04:50:56.532Z [league] kestrel vs disciple · seed 54908 · arena #67 · kestrel 1W 25K dom 25.0 | disciple 0W 0K dom -12.5
2026-06-14T04:51:43.846Z [league] kestrel vs prodigy · seed 54909 · arena #88 · kestrel 1W 23K dom 22.5 | prodigy 0W 1K dom -11.0
2026-06-14T04:52:02.651Z [league] kestrel vs buttstein · seed 54910 · arena #0 · kestrel 1W 22K dom 22.0 | buttstein 0W 0K dom -11.0
2026-06-14T04:52:41.197Z [league] kestrel vs mojojojo · seed 54911 · arena #5 · kestrel 1W 21K dom 21.0 | mojojojo 0W 0K dom -11.5
2026-06-14T04:53:02.195Z [league] wolf vs plover · seed 54912 · arena #11 · wolf 1W 27K dom 19.0 | plover 0W 16K dom 2.5
2026-06-14T04:53:19.882Z [league] wolf vs hydra · seed 54913 · arena #19 · wolf 1W 21K dom 13.0 | hydra 0W 16K dom 5.5
2026-06-14T04:53:51.166Z [league] wolf vs shrike · seed 54914 · arena #23 · wolf 1W 18K dom 10.5 | shrike 0W 14K dom 5.0
2026-06-14T04:54:21.809Z [league] wolf vs cuadrilla · seed 54915 · arena #31 · wolf 1W 16K dom 9.0 | cuadrilla 0W 13K dom 5.0
2026-06-14T04:54:53.919Z [league] wolf vs orca · seed 54916 · arena #41 · wolf 1W 20K dom 13.0 | orca 0W 14K dom 4.0
2026-06-14T04:55:21.518Z [league] wolf vs neural · seed 54917 · arena #53 · wolf 1W 27K dom 25.0 | neural 0W 4K dom -9.5
2026-06-14T04:55:51.891Z [league] wolf vs angler · seed 54918 · arena #67 · wolf 1W 27K dom 15.0 | angler 0W 24K dom 10.5
2026-06-14T04:56:21.081Z [league] wolf vs disciple · seed 54919 · arena #88 · wolf 1W 13K dom 12.0 | disciple 0W 2K dom -4.5
2026-06-14T04:56:52.066Z [league] wolf vs prodigy · seed 54920 · arena #0 · wolf 1W 33K dom 32.0 | prodigy 0W 2K dom -14.5
2026-06-14T04:57:22.412Z [league] wolf vs buttstein · seed 54921 · arena #5 · wolf 1W 17K dom 16.5 | buttstein 0W 1K dom -8.0
2026-06-14T04:57:49.872Z [league] wolf vs mojojojo · seed 54922 · arena #11 · wolf 1W 19K dom 18.0 | mojojojo 0W 2K dom -9.0
2026-06-14T04:58:24.046Z [league] plover vs hydra · seed 54923 · arena #19 · plover 0W 19K dom 7.5 | hydra 1W 23K dom 13.5
2026-06-14T04:58:53.978Z [league] plover vs shrike · seed 54924 · arena #23 · plover 0W 16K dom 5.0 | shrike 1W 22K dom 13.5
2026-06-14T04:59:23.645Z [league] plover vs cuadrilla · seed 54925 · arena #31 · plover 0W 23K dom 9.5 | cuadrilla 1W 27K dom 15.5
2026-06-14T04:59:51.308Z [league] plover vs orca · seed 54926 · arena #41 · plover 1W 26K dom 15.0 | orca 0W 22K dom 9.0
2026-06-14T05:00:22.395Z [league] plover vs neural · seed 54927 · arena #53 · plover 1W 18K dom 17.5 | neural 0W 1K dom -8.0
2026-06-14T05:00:53.753Z [league] plover vs angler · seed 54928 · arena #67 · plover 0W 27K dom 11.0 | angler 1W 32K dom 18.5
2026-06-14T05:01:21.569Z [league] plover vs disciple · seed 54929 · arena #88 · plover 1W 23K dom 23.0 | disciple 0W 0K dom -11.5
2026-06-14T05:01:52.814Z [league] plover vs prodigy · seed 54930 · arena #0 · plover 1W 22K dom 22.0 | prodigy 0W 0K dom -11.5
2026-06-14T05:02:26.499Z [league] plover vs buttstein · seed 54931 · arena #5 · plover 1W 17K dom 17.0 | buttstein 0W 0K dom -8.5
2026-06-14T05:02:55.059Z [league] plover vs mojojojo · seed 54932 · arena #11 · plover 1W 23K dom 22.5 | mojojojo 0W 1K dom -10.5
2026-06-14T05:03:24.653Z [league] hydra vs shrike · seed 54933 · arena #19 · hydra 0W 18K dom 4.0 | shrike 1W 28K dom 19.0
2026-06-14T05:03:54.070Z [league] hydra vs cuadrilla · seed 54934 · arena #23 · hydra 1W 21K dom 10.5 | cuadrilla 0W 20K dom 9.5
2026-06-14T05:04:22.596Z [league] hydra vs orca · seed 54935 · arena #31 · hydra 0W 20K dom 9.5 | orca 1W 21K dom 11.0
2026-06-14T05:04:54.177Z [league] hydra vs neural · seed 54936 · arena #41 · hydra 1W 11K dom 10.5 | neural 0W 1K dom -4.5
2026-06-14T05:05:23.450Z [league] hydra vs angler · seed 54937 · arena #53 · hydra 0W 22K dom 9.5 | angler 1W 25K dom 14.0
2026-06-14T05:05:54.916Z [league] hydra vs disciple · seed 54938 · arena #67 · hydra 1W 19K dom 18.5 | disciple 0W 1K dom -8.5
2026-06-14T05:06:24.950Z [league] hydra vs prodigy · seed 54939 · arena #88 · hydra 1W 29K dom 28.5 | prodigy 0W 1K dom -13.5
2026-06-14T05:06:56.469Z [league] hydra vs buttstein · seed 54940 · arena #0 · hydra 1W 24K dom 23.5 | buttstein 0W 1K dom -11.0
2026-06-14T05:07:26.622Z [league] hydra vs mojojojo · seed 54941 · arena #5 · hydra 1W 22K dom 21.0 | mojojojo 0W 2K dom -9.5
2026-06-14T05:07:53.509Z [league] shrike vs cuadrilla · seed 54942 · arena #11 · shrike 1W 25K dom 14.5 | cuadrilla 0W 21K dom 8.5
2026-06-14T05:08:25.751Z [league] shrike vs orca · seed 54943 · arena #19 · shrike 1W 34K dom 20.0 | orca 0W 28K dom 11.0
2026-06-14T05:08:52.836Z [league] shrike vs neural · seed 54944 · arena #23 · shrike 1W 22K dom 20.5 | neural 0W 2K dom -9.0
2026-06-14T05:09:22.967Z [league] shrike vs angler · seed 54945 · arena #31 · shrike 1W 23K dom 12.5 | angler 0W 20K dom 8.5
2026-06-14T05:09:53.769Z [league] shrike vs disciple · seed 54946 · arena #41 · shrike 1W 28K dom 28.0 | disciple 0W 0K dom -14.0
2026-06-14T05:10:22.760Z [league] shrike vs prodigy · seed 54947 · arena #53 · shrike 1W 28K dom 28.0 | prodigy 0W 0K dom -14.0
2026-06-14T05:10:52.523Z [league] shrike vs buttstein · seed 54948 · arena #67 · shrike 1W 21K dom 20.5 | buttstein 0W 0K dom -11.0
2026-06-14T05:11:24.368Z [league] shrike vs mojojojo · seed 54949 · arena #88 · shrike 1W 26K dom 26.0 | mojojojo 0W 0K dom -13.0
2026-06-14T05:11:54.629Z [league] cuadrilla vs orca · seed 54950 · arena #0 · cuadrilla 1W 22K dom 11.5 | orca 0W 20K dom 8.5
2026-06-14T05:12:21.711Z [league] cuadrilla vs neural · seed 54951 · arena #5 · cuadrilla 1W 10K dom 10.0 | neural 0W 0K dom -5.0
