2026-06-10T18:14:09.753Z [sparring] The Sparring Department is open (pid 78339, 3 workers, floor 12G)
2026-06-10T18:14:14.930Z [sparring] worker 0: DISCIPLE/disciple vs FALCONER/kestrel @ arena 884 — series: DISCIPLE 0 — 3 FALCONER (20260610-181414-DISCIPLE-disciple-vs-FALCONER-kestrel)
2026-06-10T18:14:17.017Z [sparring] worker 1: LERNA/hydra vs FALCONER/shrike @ arena 168 — series: LERNA 0 — 3 FALCONER (20260610-181416-LERNA-hydra-vs-FALCONER-shrike)
2026-06-10T18:14:19.502Z [sparring] worker 2: VEGA/pilot vs VERONICA/matador @ arena 160 — series: VEGA 0 — 3 VERONICA (20260610-181419-VEGA-pilot-vs-VERONICA-matador)
2026-06-10T18:14:20.416Z [sparring] worker 0: MIMIC/neural vs DISCIPLE/disciple @ arena 610 — series: MIMIC 0 — 3 DISCIPLE (20260610-181420-MIMIC-neural-vs-DISCIPLE-disciple)
2026-06-10T18:14:21.883Z [sparring] worker 1: FALCONER/shrike vs DISCIPLE/disciple @ arena 355 — series: FALCONER 3 — 0 DISCIPLE (20260610-181421-FALCONER-shrike-vs-DISCIPLE-disciple)
2026-06-10T18:14:23.876Z [sparring] worker 2: MIMIC/neural vs LERNA/hydra @ arena 471 — series: MIMIC 0 — 3 LERNA (20260610-181423-MIMIC-neural-vs-LERNA-hydra)
2026-06-10T18:14:24.145Z [sparring] worker 0: VEGA/pilot vs VERONICA/matador @ arena 295 — series: VEGA 0 — 3 VERONICA (20260610-181423-VEGA-pilot-vs-VERONICA-matador)
2026-06-10T18:14:26.788Z [sparring] worker 1: VERONICA/matador vs BELMONTE/cuadrilla @ arena 183 — series: VERONICA 0 — 3 BELMONTE (20260610-181426-VERONICA-matador-vs-BELMONTE-cuadrilla)
2026-06-10T18:14:28.526Z [sparring] worker 0: VERONICA/matador vs LERNA/hydra @ arena 120 — series: VERONICA 3 — 0 LERNA (20260610-181428-VERONICA-matador-vs-LERNA-hydra)
2026-06-10T18:14:28.955Z [sparring] worker 2: ESCA/angler vs FALCONER/plover @ arena 694 — series: ESCA 3 — 0 FALCONER (20260610-181428-ESCA-angler-vs-FALCONER-plover)
2026-06-10T18:14:31.303Z [sparring] worker 1: LERNA/hydra vs VERONICA/matador @ arena 238 — series: LERNA 1 — 2 VERONICA (20260610-181431-LERNA-hydra-vs-VERONICA-matador)
2026-06-10T18:14:33.234Z [sparring] worker 2: OKONKWO/reaper vs FALCONER/plover @ arena 849 — series: OKONKWO 0 — 2 FALCONER (20260610-181432-OKONKWO-reaper-vs-FALCONER-plover)
2026-06-10T18:14:34.416Z [sparring] worker 0: DISCIPLE/disciple vs BELMONTE/cuadrilla @ arena 325 — series: DISCIPLE 0 — 3 BELMONTE (20260610-181434-DISCIPLE-disciple-vs-BELMONTE-cuadrilla)
2026-06-10T18:14:36.361Z [sparring] worker 1: DISCIPLE/disciple vs ESCA/angler @ arena 852 — series: DISCIPLE 0 — 3 ESCA (20260610-181436-DISCIPLE-disciple-vs-ESCA-angler)
2026-06-10T18:14:38.195Z [sparring] worker 2: BLACKFISH/orca vs FALCONER/kestrel @ arena 653 — series: BLACKFISH 3 — 0 FALCONER (20260610-181437-BLACKFISH-orca-vs-FALCONER-kestrel)
2026-06-10T18:14:38.299Z [sparring] worker 0: AKELA/wolf vs VEGA/pilot @ arena 592 — series: AKELA 3 — 0 VEGA (20260610-181438-AKELA-wolf-vs-VEGA-pilot)
2026-06-10T18:14:40.584Z [sparring] worker 1: OKONKWO/reaper vs VERONICA/matador @ arena 373 — series: OKONKWO 0 — 3 VERONICA (20260610-181440-OKONKWO-reaper-vs-VERONICA-matador)
2026-06-10T18:14:42.947Z [sparring] worker 2: VEGA/pilot vs FALCONER/shrike @ arena 663 — series: VEGA 0 — 3 FALCONER (20260610-181442-VEGA-pilot-vs-FALCONER-shrike)
2026-06-10T18:14:43.591Z [sparring] worker 0: MIMIC/neural vs BELMONTE/cuadrilla @ arena 257 — series: MIMIC 0 — 3 BELMONTE (20260610-181443-MIMIC-neural-vs-BELMONTE-cuadrilla)
2026-06-10T18:14:45.462Z [sparring] worker 1: LERNA/hydra vs MIMIC/neural @ arena 995 — series: LERNA 3 — 0 MIMIC (20260610-181445-LERNA-hydra-vs-MIMIC-neural)
2026-06-10T18:14:47.761Z [sparring] worker 2: VEGA/pilot vs LERNA/hydra @ arena 133 — series: VEGA 0 — 3 LERNA (20260610-181447-VEGA-pilot-vs-LERNA-hydra)
2026-06-10T18:14:48.604Z [sparring] worker 0: BLACKFISH/orca vs FALCONER/kestrel @ arena 205 — series: BLACKFISH 3 — 0 FALCONER (20260610-181448-BLACKFISH-orca-vs-FALCONER-kestrel)
2026-06-10T18:14:49.471Z [sparring] worker 1: MIMIC/neural vs AKELA/wolf @ arena 475 — series: MIMIC 0 — 3 AKELA (20260610-181449-MIMIC-neural-vs-AKELA-wolf)
2026-06-10T18:14:51.938Z [sparring] worker 2: MIMIC/neural vs VERONICA/matador @ arena 761 — series: MIMIC 0 — 3 VERONICA (20260610-181451-MIMIC-neural-vs-VERONICA-matador)
2026-06-10T18:14:53.116Z [sparring] worker 0: ESCA/angler vs FALCONER/shrike @ arena 515 — series: ESCA 3 — 0 FALCONER (20260610-181452-ESCA-angler-vs-FALCONER-shrike)
2026-06-10T18:14:53.335Z [sparring] worker 1: AKELA/wolf vs VEGA/pilot @ arena 65 — series: AKELA 3 — 0 VEGA (20260610-181453-AKELA-wolf-vs-VEGA-pilot)
2026-06-10T18:14:56.343Z [sparring] worker 2: LERNA/hydra vs FALCONER/shrike @ arena 13 — series: LERNA 1 — 2 FALCONER (20260610-181456-LERNA-hydra-vs-FALCONER-shrike)
2026-06-10T18:14:58.189Z [sparring] worker 0: LERNA/hydra vs VEGA/pilot @ arena 74 — series: LERNA 2 — 0 VEGA (20260610-181457-LERNA-hydra-vs-VEGA-pilot)
2026-06-10T18:14:58.506Z [sparring] worker 1: OKONKWO/reaper vs DISCIPLE/disciple @ arena 167 — series: OKONKWO 3 — 0 DISCIPLE (20260610-181458-OKONKWO-reaper-vs-DISCIPLE-disciple)
2026-06-10T18:15:00.946Z [sparring] worker 2: FALCONER/plover vs OKONKWO/reaper @ arena 288 — series: FALCONER 2 — 1 OKONKWO (20260610-181500-FALCONER-plover-vs-OKONKWO-reaper)
2026-06-10T18:15:02.491Z [sparring] worker 1: AKELA/wolf vs FALCONER/plover @ arena 90 — series: AKELA 3 — 0 FALCONER (20260610-181502-AKELA-wolf-vs-FALCONER-plover)
2026-06-10T18:15:02.657Z [sparring] worker 0: LERNA/hydra vs VEGA/pilot @ arena 373 — series: LERNA 3 — 0 VEGA (20260610-181502-LERNA-hydra-vs-VEGA-pilot)
2026-06-10T18:15:05.796Z [sparring] worker 2: BELMONTE/cuadrilla vs FALCONER/kestrel @ arena 111 — series: BELMONTE 3 — 0 FALCONER (20260610-181505-BELMONTE-cuadrilla-vs-FALCONER-kestrel)
2026-06-10T18:15:06.969Z [sparring] worker 1: AKELA/wolf vs FALCONER/plover @ arena 603 — series: AKELA 3 — 0 FALCONER (20260610-181506-AKELA-wolf-vs-FALCONER-plover)
2026-06-10T18:15:08.153Z [sparring] worker 0: AKELA/wolf vs BLACKFISH/orca @ arena 664 — series: AKELA 1 — 2 BLACKFISH (20260610-181507-AKELA-wolf-vs-BLACKFISH-orca)
2026-06-10T18:15:10.379Z [sparring] worker 2: ESCA/angler vs VERONICA/matador @ arena 859 — series: ESCA 3 — 0 VERONICA (20260610-181510-ESCA-angler-vs-VERONICA-matador)
2026-06-10T18:15:11.950Z [sparring] worker 1: BELMONTE/cuadrilla vs FALCONER/plover @ arena 658 — series: BELMONTE 3 — 0 FALCONER (20260610-181511-BELMONTE-cuadrilla-vs-FALCONER-plover)
2026-06-10T18:15:14.006Z [sparring] worker 0: BELMONTE/cuadrilla vs BLACKFISH/orca @ arena 852 — series: BELMONTE 3 — 0 BLACKFISH (20260610-181513-BELMONTE-cuadrilla-vs-BLACKFISH-orca)
2026-06-10T18:15:16.352Z [sparring] worker 2: BELMONTE/cuadrilla vs FALCONER/kestrel @ arena 417 — series: BELMONTE 3 — 0 FALCONER (20260610-181516-BELMONTE-cuadrilla-vs-FALCONER-kestrel)
2026-06-10T18:15:16.362Z [sparring] worker 1: OKONKWO/reaper vs MIMIC/neural @ arena 810 — series: OKONKWO 3 — 0 MIMIC (20260610-181516-OKONKWO-reaper-vs-MIMIC-neural)
2026-06-10T18:15:18.801Z [sparring] worker 0: OKONKWO/reaper vs BELMONTE/cuadrilla @ arena 327 — series: OKONKWO 0 — 3 BELMONTE (20260610-181518-OKONKWO-reaper-vs-BELMONTE-cuadrilla)
2026-06-10T18:15:20.977Z [sparring] worker 2: FALCONER/plover vs VEGA/pilot @ arena 498 — series: FALCONER 2 — 1 VEGA (20260610-181520-FALCONER-plover-vs-VEGA-pilot)
2026-06-10T18:15:21.437Z [sparring] worker 1: DISCIPLE/disciple vs FALCONER/kestrel @ arena 714 — series: DISCIPLE 0 — 3 FALCONER (20260610-181521-DISCIPLE-disciple-vs-FALCONER-kestrel)
2026-06-10T18:15:23.220Z [sparring] worker 0: LERNA/hydra vs AKELA/wolf @ arena 698 — series: LERNA 2 — 1 AKELA (20260610-181522-LERNA-hydra-vs-AKELA-wolf)
2026-06-10T18:15:26.627Z [sparring] worker 2: FALCONER/shrike vs BLACKFISH/orca @ arena 10 — series: FALCONER 0 — 3 BLACKFISH (20260610-181526-FALCONER-shrike-vs-BLACKFISH-orca)
2026-06-10T18:15:26.937Z [sparring] worker 1: FALCONER/plover vs LERNA/hydra @ arena 885 — series: FALCONER 0 — 3 LERNA (20260610-181526-FALCONER-plover-vs-LERNA-hydra)
2026-06-10T18:15:27.555Z [sparring] worker 0: AKELA/wolf vs VERONICA/matador @ arena 318 — series: AKELA 3 — 0 VERONICA (20260610-181527-AKELA-wolf-vs-VERONICA-matador)
2026-06-10T18:15:32.612Z [sparring] worker 2: BELMONTE/cuadrilla vs LERNA/hydra @ arena 886 — series: BELMONTE 3 — 0 LERNA (20260610-181532-BELMONTE-cuadrilla-vs-LERNA-hydra)
2026-06-10T18:15:33.383Z [sparring] worker 0: BLACKFISH/orca vs OKONKWO/reaper @ arena 269 — series: BLACKFISH 3 — 0 OKONKWO (20260610-181532-BLACKFISH-orca-vs-OKONKWO-reaper)
2026-06-10T18:15:34.186Z [sparring] worker 1: BELMONTE/cuadrilla vs MIMIC/neural @ arena 350 — series: BELMONTE 3 — 0 MIMIC (20260610-181533-BELMONTE-cuadrilla-vs-MIMIC-neural)
2026-06-10T18:15:39.540Z [sparring] worker 2: FALCONER/plover vs DISCIPLE/disciple @ arena 78 — series: FALCONER 3 — 0 DISCIPLE (20260610-181539-FALCONER-plover-vs-DISCIPLE-disciple)
2026-06-10T18:15:39.966Z [sparring] worker 0: OKONKWO/reaper vs BLACKFISH/orca @ arena 175 — series: OKONKWO 0 — 3 BLACKFISH (20260610-181539-OKONKWO-reaper-vs-BLACKFISH-orca)
2026-06-10T18:15:40.510Z [sparring] worker 1: FALCONER/shrike vs VEGA/pilot @ arena 664 — series: FALCONER 3 — 0 VEGA (20260610-181540-FALCONER-shrike-vs-VEGA-pilot)
2026-06-10T18:15:45.150Z [sparring] worker 2: LERNA/hydra vs ESCA/angler @ arena 923 — series: LERNA 0 — 3 ESCA (20260610-181544-LERNA-hydra-vs-ESCA-angler)
2026-06-10T18:15:46.018Z [sparring] worker 0: BELMONTE/cuadrilla vs FALCONER/shrike @ arena 844 — series: BELMONTE 3 — 0 FALCONER (20260610-181545-BELMONTE-cuadrilla-vs-FALCONER-shrike)
2026-06-10T18:15:46.062Z [sparring] worker 1: FALCONER/shrike vs VERONICA/matador @ arena 870 — series: FALCONER 2 — 1 VERONICA (20260610-181545-FALCONER-shrike-vs-VERONICA-matador)
2026-06-10T18:15:49.849Z [sparring] worker 2: AKELA/wolf vs ESCA/angler @ arena 932 — series: AKELA 0 — 3 ESCA (20260610-181549-AKELA-wolf-vs-ESCA-angler)
2026-06-10T18:15:51.077Z [sparring] worker 0: VEGA/pilot vs FALCONER/plover @ arena 962 — series: VEGA 0 — 1 FALCONER (20260610-181550-VEGA-pilot-vs-FALCONER-plover)
2026-06-10T18:15:52.045Z [sparring] worker 1: DISCIPLE/disciple vs ESCA/angler @ arena 762 — series: DISCIPLE 0 — 3 ESCA (20260610-181551-DISCIPLE-disciple-vs-ESCA-angler)
2026-06-10T18:15:55.010Z [sparring] worker 2: ESCA/angler vs MIMIC/neural @ arena 697 — series: ESCA 3 — 0 MIMIC (20260610-181554-ESCA-angler-vs-MIMIC-neural)
2026-06-10T18:15:56.956Z [sparring] worker 1: ESCA/angler vs BLACKFISH/orca @ arena 837 — series: ESCA 0 — 3 BLACKFISH (20260610-181556-ESCA-angler-vs-BLACKFISH-orca)
2026-06-10T18:15:57.206Z [sparring] worker 0: BLACKFISH/orca vs ESCA/angler @ arena 770 — series: BLACKFISH 3 — 0 ESCA (20260610-181556-BLACKFISH-orca-vs-ESCA-angler)
2026-06-10T18:15:59.226Z [sparring] worker 2: VERONICA/matador vs MIMIC/neural @ arena 660 — series: VERONICA 3 — 0 MIMIC (20260610-181558-VERONICA-matador-vs-MIMIC-neural)
2026-06-10T18:16:01.299Z [sparring] worker 1: LERNA/hydra vs VEGA/pilot @ arena 338 — series: LERNA 3 — 0 VEGA (20260610-181600-LERNA-hydra-vs-VEGA-pilot)
2026-06-10T18:16:03.160Z [sparring] worker 0: BELMONTE/cuadrilla vs FALCONER/plover @ arena 69 — series: BELMONTE 3 — 0 FALCONER (20260610-181602-BELMONTE-cuadrilla-vs-FALCONER-plover)
2026-06-10T18:16:03.639Z [sparring] worker 2: OKONKWO/reaper vs FALCONER/kestrel @ arena 552 — series: OKONKWO 0 — 3 FALCONER (20260610-181603-OKONKWO-reaper-vs-FALCONER-kestrel)
2026-06-10T18:16:06.530Z [sparring] worker 1: BELMONTE/cuadrilla vs VEGA/pilot @ arena 492 — series: BELMONTE 3 — 0 VEGA (20260610-181606-BELMONTE-cuadrilla-vs-VEGA-pilot)
2026-06-10T18:16:07.377Z [sparring] worker 0: FALCONER/shrike vs OKONKWO/reaper @ arena 518 — series: FALCONER 3 — 0 OKONKWO (20260610-181607-FALCONER-shrike-vs-OKONKWO-reaper)
2026-06-10T18:16:08.868Z [sparring] worker 2: LERNA/hydra vs BLACKFISH/orca @ arena 120 — series: LERNA 0 — 3 BLACKFISH (20260610-181608-LERNA-hydra-vs-BLACKFISH-orca)
2026-06-10T18:16:11.584Z [sparring] worker 1: FALCONER/plover vs BLACKFISH/orca @ arena 913 — series: FALCONER 0 — 3 BLACKFISH (20260610-181611-FALCONER-plover-vs-BLACKFISH-orca)
2026-06-10T18:16:12.104Z [sparring] worker 0: FALCONER/shrike vs OKONKWO/reaper @ arena 20 — series: FALCONER 3 — 0 OKONKWO (20260610-181611-FALCONER-shrike-vs-OKONKWO-reaper)
2026-06-10T18:16:12.985Z [sparring] worker 2: VERONICA/matador vs ESCA/angler @ arena 741 — series: VERONICA 0 — 3 ESCA (20260610-181612-VERONICA-matador-vs-ESCA-angler)
2026-06-10T18:16:16.205Z [sparring] worker 1: FALCONER/shrike vs AKELA/wolf @ arena 706 — series: FALCONER 2 — 1 AKELA (20260610-181615-FALCONER-shrike-vs-AKELA-wolf)
2026-06-10T18:16:17.099Z [sparring] worker 0: FALCONER/shrike vs LERNA/hydra @ arena 722 — series: FALCONER 3 — 0 LERNA (20260610-181616-FALCONER-shrike-vs-LERNA-hydra)
2026-06-10T18:16:17.742Z [sparring] worker 2: AKELA/wolf vs DISCIPLE/disciple @ arena 123 — series: AKELA 3 — 0 DISCIPLE (20260610-181617-AKELA-wolf-vs-DISCIPLE-disciple)
2026-06-10T18:16:20.387Z [sparring] worker 1: FALCONER/plover vs FALCONER/kestrel @ arena 691 — series: FALCONER 1 — 2 FALCONER (20260610-181620-FALCONER-plover-vs-FALCONER-kestrel)
2026-06-10T18:16:21.246Z [sparring] worker 0: VEGA/pilot vs AKELA/wolf @ arena 374 — series: VEGA 0 — 3 AKELA (20260610-181620-VEGA-pilot-vs-AKELA-wolf)
2026-06-10T18:16:22.488Z [sparring] worker 2: VEGA/pilot vs FALCONER/shrike @ arena 58 — series: VEGA 0 — 3 FALCONER (20260610-181622-VEGA-pilot-vs-FALCONER-shrike)
2026-06-10T18:16:24.885Z [sparring] worker 1: ESCA/angler vs LERNA/hydra @ arena 487 — series: ESCA 3 — 0 LERNA (20260610-181624-ESCA-angler-vs-LERNA-hydra)
2026-06-10T18:16:26.221Z [sparring] worker 0: MIMIC/neural vs FALCONER/plover @ arena 623 — series: MIMIC 0 — 3 FALCONER (20260610-181625-MIMIC-neural-vs-FALCONER-plover)
2026-06-10T18:16:26.334Z [sparring] worker 2: VEGA/pilot vs AKELA/wolf @ arena 700 — series: VEGA 0 — 3 AKELA (20260610-181626-VEGA-pilot-vs-AKELA-wolf)
2026-06-10T18:16:29.094Z [sparring] worker 1: ESCA/angler vs FALCONER/shrike @ arena 587 — series: ESCA 2 — 1 FALCONER (20260610-181628-ESCA-angler-vs-FALCONER-shrike)
2026-06-10T18:16:30.878Z [sparring] worker 2: FALCONER/kestrel vs BELMONTE/cuadrilla @ arena 44 — series: FALCONER 0 — 3 BELMONTE (20260610-181630-FALCONER-kestrel-vs-BELMONTE-cuadrilla)
2026-06-10T18:16:32.400Z [sparring] worker 0: BELMONTE/cuadrilla vs LERNA/hydra @ arena 235 — series: BELMONTE 3 — 0 LERNA (20260610-181632-BELMONTE-cuadrilla-vs-LERNA-hydra)
2026-06-10T18:16:33.944Z [sparring] worker 1: LERNA/hydra vs VEGA/pilot @ arena 279 — series: LERNA 2 — 1 VEGA (20260610-181633-LERNA-hydra-vs-VEGA-pilot)
2026-06-10T18:16:35.736Z [sparring] worker 2: VEGA/pilot vs BELMONTE/cuadrilla @ arena 868 — series: VEGA 0 — 3 BELMONTE (20260610-181635-VEGA-pilot-vs-BELMONTE-cuadrilla)
2026-06-10T18:16:36.271Z [sparring] worker 0: AKELA/wolf vs OKONKWO/reaper @ arena 486 — series: AKELA 3 — 0 OKONKWO (20260610-181635-AKELA-wolf-vs-OKONKWO-reaper)
2026-06-10T18:16:37.775Z [sparring] worker 1: VERONICA/matador vs FALCONER/kestrel @ arena 858 — series: VERONICA 3 — 0 FALCONER (20260610-181637-VERONICA-matador-vs-FALCONER-kestrel)
2026-06-10T18:16:40.993Z [sparring] worker 0: OKONKWO/reaper vs DISCIPLE/disciple @ arena 865 — series: OKONKWO 3 — 0 DISCIPLE (20260610-181640-OKONKWO-reaper-vs-DISCIPLE-disciple)
2026-06-10T18:16:41.445Z [sparring] worker 1: VEGA/pilot vs AKELA/wolf @ arena 626 — series: VEGA 0 — 3 AKELA (20260610-181641-VEGA-pilot-vs-AKELA-wolf)
2026-06-10T18:16:41.997Z [sparring] worker 2: LERNA/hydra vs BELMONTE/cuadrilla @ arena 888 — series: LERNA 0 — 3 BELMONTE (20260610-181641-LERNA-hydra-vs-BELMONTE-cuadrilla)
2026-06-10T18:16:46.018Z [sparring] worker 0: VERONICA/matador vs DISCIPLE/disciple @ arena 216 — series: VERONICA 3 — 0 DISCIPLE (20260610-181645-VERONICA-matador-vs-DISCIPLE-disciple)
2026-06-10T18:16:46.582Z [sparring] worker 1: BLACKFISH/orca vs MIMIC/neural @ arena 915 — series: BLACKFISH 3 — 0 MIMIC (20260610-181646-BLACKFISH-orca-vs-MIMIC-neural)
2026-06-10T18:16:47.435Z [sparring] worker 2: VEGA/pilot vs DISCIPLE/disciple @ arena 729 — series: VEGA 3 — 0 DISCIPLE (20260610-181646-VEGA-pilot-vs-DISCIPLE-disciple)
2026-06-10T18:16:50.853Z [sparring] worker 1: LERNA/hydra vs AKELA/wolf @ arena 983 — series: LERNA 1 — 2 AKELA (20260610-181650-LERNA-hydra-vs-AKELA-wolf)
2026-06-10T18:16:51.469Z [sparring] worker 0: BELMONTE/cuadrilla vs FALCONER/plover @ arena 514 — series: BELMONTE 3 — 0 FALCONER (20260610-181651-BELMONTE-cuadrilla-vs-FALCONER-plover)
2026-06-10T18:16:52.474Z [sparring] worker 2: VEGA/pilot vs BELMONTE/cuadrilla @ arena 208 — series: VEGA 0 — 3 BELMONTE (20260610-181652-VEGA-pilot-vs-BELMONTE-cuadrilla)
2026-06-10T18:16:55.236Z [sparring] worker 1: AKELA/wolf vs MIMIC/neural @ arena 655 — series: AKELA 3 — 0 MIMIC (20260610-181654-AKELA-wolf-vs-MIMIC-neural)
2026-06-10T18:16:55.428Z [sparring] worker 0: AKELA/wolf vs FALCONER/kestrel @ arena 443 — series: AKELA 2 — 1 FALCONER (20260610-181655-AKELA-wolf-vs-FALCONER-kestrel)
2026-06-10T18:16:57.136Z [sparring] worker 2: FALCONER/plover vs MIMIC/neural @ arena 819 — series: FALCONER 3 — 0 MIMIC (20260610-181656-FALCONER-plover-vs-MIMIC-neural)
2026-06-10T18:16:59.481Z [sparring] worker 0: FALCONER/kestrel vs VERONICA/matador @ arena 975 — series: FALCONER 1 — 2 VERONICA (20260610-181659-FALCONER-kestrel-vs-VERONICA-matador)
2026-06-10T18:17:00.415Z [sparring] worker 1: FALCONER/shrike vs VEGA/pilot @ arena 491 — series: FALCONER 3 — 0 VEGA (20260610-181700-FALCONER-shrike-vs-VEGA-pilot)
2026-06-10T18:17:01.383Z [sparring] worker 2: MIMIC/neural vs FALCONER/shrike @ arena 423 — series: MIMIC 0 — 3 FALCONER (20260610-181701-MIMIC-neural-vs-FALCONER-shrike)
2026-06-10T18:17:03.752Z [sparring] worker 0: FALCONER/plover vs AKELA/wolf @ arena 444 — series: FALCONER 0 — 3 AKELA (20260610-181703-FALCONER-plover-vs-AKELA-wolf)
2026-06-10T18:17:05.097Z [sparring] worker 1: AKELA/wolf vs BLACKFISH/orca @ arena 766 — series: AKELA 1 — 2 BLACKFISH (20260610-181704-AKELA-wolf-vs-BLACKFISH-orca)
2026-06-10T18:17:07.263Z [sparring] worker 2: LERNA/hydra vs BELMONTE/cuadrilla @ arena 84 — series: LERNA 0 — 3 BELMONTE (20260610-181706-LERNA-hydra-vs-BELMONTE-cuadrilla)
2026-06-10T18:17:08.501Z [sparring] worker 0: MIMIC/neural vs FALCONER/plover @ arena 115 — series: MIMIC 0 — 3 FALCONER (20260610-181708-MIMIC-neural-vs-FALCONER-plover)
2026-06-10T18:17:08.935Z [sparring] worker 1: FALCONER/kestrel vs VEGA/pilot @ arena 674 — series: FALCONER 3 — 0 VEGA (20260610-181708-FALCONER-kestrel-vs-VEGA-pilot)
2026-06-10T18:17:11.285Z [sparring] worker 2: AKELA/wolf vs LERNA/hydra @ arena 913 — series: AKELA 3 — 0 LERNA (20260610-181710-AKELA-wolf-vs-LERNA-hydra)
2026-06-10T18:17:13.096Z [sparring] worker 1: VERONICA/matador vs FALCONER/kestrel @ arena 142 — series: VERONICA 2 — 1 FALCONER (20260610-181712-VERONICA-matador-vs-FALCONER-kestrel)
2026-06-10T18:17:13.540Z [sparring] worker 0: MIMIC/neural vs BELMONTE/cuadrilla @ arena 396 — series: MIMIC 0 — 3 BELMONTE (20260610-181713-MIMIC-neural-vs-BELMONTE-cuadrilla)
2026-06-10T18:17:15.765Z [sparring] worker 2: VEGA/pilot vs VERONICA/matador @ arena 806 — series: VEGA 0 — 3 VERONICA (20260610-181715-VEGA-pilot-vs-VERONICA-matador)
2026-06-10T18:17:17.597Z [sparring] worker 1: FALCONER/plover vs ESCA/angler @ arena 59 — series: FALCONER 0 — 3 ESCA (20260610-181717-FALCONER-plover-vs-ESCA-angler)
2026-06-10T18:17:19.159Z [sparring] worker 0: ESCA/angler vs FALCONER/shrike @ arena 752 — series: ESCA 3 — 0 FALCONER (20260610-181718-ESCA-angler-vs-FALCONER-shrike)
2026-06-10T18:17:19.558Z [sparring] worker 2: ESCA/angler vs AKELA/wolf @ arena 910 — series: ESCA 3 — 0 AKELA (20260610-181719-ESCA-angler-vs-AKELA-wolf)
2026-06-10T18:17:22.923Z [sparring] worker 1: BELMONTE/cuadrilla vs FALCONER/shrike @ arena 765 — series: BELMONTE 2 — 1 FALCONER (20260610-181722-BELMONTE-cuadrilla-vs-FALCONER-shrike)
2026-06-10T18:17:24.471Z [sparring] worker 0: DISCIPLE/disciple vs VEGA/pilot @ arena 727 — series: DISCIPLE 0 — 3 VEGA (20260610-181724-DISCIPLE-disciple-vs-VEGA-pilot)
2026-06-10T18:17:25.363Z [sparring] worker 2: MIMIC/neural vs DISCIPLE/disciple @ arena 842 — series: MIMIC 0 — 3 DISCIPLE (20260610-181724-MIMIC-neural-vs-DISCIPLE-disciple)
2026-06-10T18:17:27.405Z [sparring] worker 1: FALCONER/plover vs MIMIC/neural @ arena 766 — series: FALCONER 3 — 0 MIMIC (20260610-181727-FALCONER-plover-vs-MIMIC-neural)
2026-06-10T18:17:29.451Z [sparring] worker 2: MIMIC/neural vs VERONICA/matador @ arena 669 — series: MIMIC 0 — 3 VERONICA (20260610-181729-MIMIC-neural-vs-VERONICA-matador)
2026-06-10T18:17:29.475Z [sparring] worker 0: FALCONER/shrike vs FALCONER/kestrel @ arena 791 — series: FALCONER 3 — 0 FALCONER (20260610-181729-FALCONER-shrike-vs-FALCONER-kestrel)
2026-06-10T18:17:32.092Z [sparring] worker 1: FALCONER/kestrel vs BLACKFISH/orca @ arena 825 — series: FALCONER 0 — 3 BLACKFISH (20260610-181731-FALCONER-kestrel-vs-BLACKFISH-orca)
2026-06-10T18:17:34.368Z [sparring] worker 2: FALCONER/plover vs MIMIC/neural @ arena 617 — series: FALCONER 3 — 0 MIMIC (20260610-181734-FALCONER-plover-vs-MIMIC-neural)
2026-06-10T18:17:34.373Z [sparring] worker 0: DISCIPLE/disciple vs VERONICA/matador @ arena 674 — series: DISCIPLE 0 — 3 VERONICA (20260610-181734-DISCIPLE-disciple-vs-VERONICA-matador)
2026-06-10T18:17:36.529Z [sparring] worker 1: VERONICA/matador vs BLACKFISH/orca @ arena 837 — series: VERONICA 0 — 3 BLACKFISH (20260610-181736-VERONICA-matador-vs-BLACKFISH-orca)
2026-06-10T18:17:38.887Z [sparring] worker 2: FALCONER/shrike vs ESCA/angler @ arena 509 — series: FALCONER 1 — 2 ESCA (20260610-181738-FALCONER-shrike-vs-ESCA-angler)
2026-06-10T18:17:38.995Z [sparring] worker 0: MIMIC/neural vs ESCA/angler @ arena 152 — series: MIMIC 0 — 3 ESCA (20260610-181738-MIMIC-neural-vs-ESCA-angler)
2026-06-10T18:17:42.196Z [sparring] worker 1: FALCONER/plover vs BLACKFISH/orca @ arena 457 — series: FALCONER 0 — 3 BLACKFISH (20260610-181741-FALCONER-plover-vs-BLACKFISH-orca)
2026-06-10T18:17:43.609Z [sparring] worker 0: AKELA/wolf vs FALCONER/plover @ arena 244 — series: AKELA 3 — 0 FALCONER (20260610-181743-AKELA-wolf-vs-FALCONER-plover)
2026-06-10T18:17:44.060Z [sparring] worker 2: MIMIC/neural vs FALCONER/plover @ arena 134 — series: MIMIC 0 — 3 FALCONER (20260610-181743-MIMIC-neural-vs-FALCONER-plover)
2026-06-10T18:17:46.564Z [sparring] worker 1: VERONICA/matador vs VEGA/pilot @ arena 953 — series: VERONICA 2 — 1 VEGA (20260610-181746-VERONICA-matador-vs-VEGA-pilot)
2026-06-10T18:17:48.320Z [sparring] worker 0: VERONICA/matador vs MIMIC/neural @ arena 491 — series: VERONICA 3 — 0 MIMIC (20260610-181748-VERONICA-matador-vs-MIMIC-neural)
2026-06-10T18:17:49.020Z [sparring] worker 2: BELMONTE/cuadrilla vs FALCONER/shrike @ arena 72 — series: BELMONTE 3 — 0 FALCONER (20260610-181748-BELMONTE-cuadrilla-vs-FALCONER-shrike)
2026-06-10T18:17:51.606Z [sparring] worker 1: VEGA/pilot vs DISCIPLE/disciple @ arena 250 — series: VEGA 3 — 0 DISCIPLE (20260610-181751-VEGA-pilot-vs-DISCIPLE-disciple)
2026-06-10T18:17:52.867Z [sparring] worker 0: BELMONTE/cuadrilla vs AKELA/wolf @ arena 777 — series: BELMONTE 3 — 0 AKELA (20260610-181752-BELMONTE-cuadrilla-vs-AKELA-wolf)
2026-06-10T18:17:53.514Z [sparring] worker 2: FALCONER/kestrel vs BLACKFISH/orca @ arena 523 — series: FALCONER 0 — 3 BLACKFISH (20260610-181753-FALCONER-kestrel-vs-BLACKFISH-orca)
2026-06-10T18:17:56.943Z [sparring] worker 1: FALCONER/shrike vs ESCA/angler @ arena 186 — series: FALCONER 0 — 3 ESCA (20260610-181756-FALCONER-shrike-vs-ESCA-angler)
2026-06-10T18:17:58.509Z [sparring] worker 0: OKONKWO/reaper vs BELMONTE/cuadrilla @ arena 194 — series: OKONKWO 0 — 3 BELMONTE (20260610-181758-OKONKWO-reaper-vs-BELMONTE-cuadrilla)
2026-06-10T18:17:58.927Z [sparring] worker 2: ESCA/angler vs DISCIPLE/disciple @ arena 102 — series: ESCA 3 — 0 DISCIPLE (20260610-181758-ESCA-angler-vs-DISCIPLE-disciple)
2026-06-10T18:18:01.809Z [sparring] worker 1: BELMONTE/cuadrilla vs LERNA/hydra @ arena 507 — series: BELMONTE 3 — 0 LERNA (20260610-181801-BELMONTE-cuadrilla-vs-LERNA-hydra)
2026-06-10T18:18:04.698Z [sparring] worker 2: MIMIC/neural vs DISCIPLE/disciple @ arena 268 — series: MIMIC 0 — 3 DISCIPLE (20260610-181804-MIMIC-neural-vs-DISCIPLE-disciple)
2026-06-10T18:18:04.727Z [sparring] worker 0: BLACKFISH/orca vs DISCIPLE/disciple @ arena 593 — series: BLACKFISH 3 — 0 DISCIPLE (20260610-181804-BLACKFISH-orca-vs-DISCIPLE-disciple)
2026-06-10T18:18:06.193Z [sparring] worker 1: OKONKWO/reaper vs FALCONER/kestrel @ arena 179 — series: OKONKWO 0 — 3 FALCONER (20260610-181805-OKONKWO-reaper-vs-FALCONER-kestrel)
2026-06-10T18:18:09.144Z [sparring] worker 0: FALCONER/kestrel vs VEGA/pilot @ arena 314 — series: FALCONER 2 — 1 VEGA (20260610-181808-FALCONER-kestrel-vs-VEGA-pilot)
2026-06-10T18:18:09.572Z [sparring] worker 2: MIMIC/neural vs FALCONER/kestrel @ arena 723 — series: MIMIC 0 — 3 FALCONER (20260610-181809-MIMIC-neural-vs-FALCONER-kestrel)
2026-06-10T18:18:10.504Z [sparring] worker 1: LERNA/hydra vs MIMIC/neural @ arena 299 — series: LERNA 3 — 0 MIMIC (20260610-181810-LERNA-hydra-vs-MIMIC-neural)
2026-06-10T18:18:13.371Z [sparring] worker 0: AKELA/wolf vs ESCA/angler @ arena 406 — series: AKELA 1 — 1 ESCA (20260610-181813-AKELA-wolf-vs-ESCA-angler)
2026-06-10T18:18:14.552Z [sparring] worker 2: FALCONER/plover vs BELMONTE/cuadrilla @ arena 103 — series: FALCONER 0 — 3 BELMONTE (20260610-181814-FALCONER-plover-vs-BELMONTE-cuadrilla)
2026-06-10T18:18:15.433Z [sparring] worker 1: FALCONER/kestrel vs ESCA/angler @ arena 382 — series: FALCONER 0 — 3 ESCA (20260610-181815-FALCONER-kestrel-vs-ESCA-angler)
2026-06-10T18:18:18.957Z [sparring] worker 0: BELMONTE/cuadrilla vs DISCIPLE/disciple @ arena 219 — series: BELMONTE 3 — 0 DISCIPLE (20260610-181818-BELMONTE-cuadrilla-vs-DISCIPLE-disciple)
2026-06-10T18:18:19.132Z [sparring] worker 2: AKELA/wolf vs OKONKWO/reaper @ arena 578 — series: AKELA 3 — 0 OKONKWO (20260610-181818-AKELA-wolf-vs-OKONKWO-reaper)
2026-06-10T18:18:19.977Z [sparring] worker 1: VEGA/pilot vs FALCONER/shrike @ arena 481 — series: VEGA 0 — 3 FALCONER (20260610-181819-VEGA-pilot-vs-FALCONER-shrike)
2026-06-10T18:18:23.237Z [sparring] worker 2: OKONKWO/reaper vs VEGA/pilot @ arena 423 — series: OKONKWO 0 — 3 VEGA (20260610-181822-OKONKWO-reaper-vs-VEGA-pilot)
2026-06-10T18:18:23.394Z [sparring] worker 0: VEGA/pilot vs ESCA/angler @ arena 646 — series: VEGA 0 — 3 ESCA (20260610-181823-VEGA-pilot-vs-ESCA-angler)
2026-06-10T18:18:25.066Z [sparring] worker 1: DISCIPLE/disciple vs LERNA/hydra @ arena 849 — series: DISCIPLE 0 — 3 LERNA (20260610-181824-DISCIPLE-disciple-vs-LERNA-hydra)
2026-06-10T18:18:27.658Z [sparring] worker 2: MIMIC/neural vs VEGA/pilot @ arena 478 — series: MIMIC 0 — 3 VEGA (20260610-181827-MIMIC-neural-vs-VEGA-pilot)
2026-06-10T18:18:27.758Z [sparring] worker 0: FALCONER/kestrel vs AKELA/wolf @ arena 976 — series: FALCONER 0 — 3 AKELA (20260610-181827-FALCONER-kestrel-vs-AKELA-wolf)
2026-06-10T18:18:29.869Z [sparring] worker 1: FALCONER/kestrel vs DISCIPLE/disciple @ arena 203 — series: FALCONER 3 — 0 DISCIPLE (20260610-181829-FALCONER-kestrel-vs-DISCIPLE-disciple)
2026-06-10T18:18:31.694Z [sparring] worker 2: VEGA/pilot vs AKELA/wolf @ arena 528 — series: VEGA 0 — 3 AKELA (20260610-181831-VEGA-pilot-vs-AKELA-wolf)
2026-06-10T18:18:33.272Z [sparring] worker 0: MIMIC/neural vs DISCIPLE/disciple @ arena 87 — series: MIMIC 0 — 3 DISCIPLE (20260610-181832-MIMIC-neural-vs-DISCIPLE-disciple)
2026-06-10T18:18:34.621Z [sparring] worker 1: BLACKFISH/orca vs LERNA/hydra @ arena 931 — series: BLACKFISH 3 — 0 LERNA (20260610-181834-BLACKFISH-orca-vs-LERNA-hydra)
2026-06-10T18:18:35.824Z [sparring] worker 2: FALCONER/plover vs MIMIC/neural @ arena 632 — series: FALCONER 3 — 0 MIMIC (20260610-181835-FALCONER-plover-vs-MIMIC-neural)
2026-06-10T18:18:38.831Z [sparring] worker 0: DISCIPLE/disciple vs LERNA/hydra @ arena 743 — series: DISCIPLE 0 — 3 LERNA (20260610-181838-DISCIPLE-disciple-vs-LERNA-hydra)
2026-06-10T18:18:39.430Z [sparring] worker 1: FALCONER/kestrel vs BELMONTE/cuadrilla @ arena 948 — series: FALCONER 0 — 3 BELMONTE (20260610-181839-FALCONER-kestrel-vs-BELMONTE-cuadrilla)
2026-06-10T18:18:41.244Z [sparring] worker 2: DISCIPLE/disciple vs BELMONTE/cuadrilla @ arena 786 — series: DISCIPLE 0 — 3 BELMONTE (20260610-181840-DISCIPLE-disciple-vs-BELMONTE-cuadrilla)
2026-06-10T18:18:42.934Z [sparring] worker 0: FALCONER/kestrel vs OKONKWO/reaper @ arena 6 — series: FALCONER 2 — 1 OKONKWO (20260610-181842-FALCONER-kestrel-vs-OKONKWO-reaper)
2026-06-10T18:18:45.793Z [sparring] worker 1: DISCIPLE/disciple vs BLACKFISH/orca @ arena 564 — series: DISCIPLE 0 — 3 BLACKFISH (20260610-181845-DISCIPLE-disciple-vs-BLACKFISH-orca)
2026-06-10T18:18:46.266Z [sparring] worker 2: LERNA/hydra vs BELMONTE/cuadrilla @ arena 177 — series: LERNA 0 — 3 BELMONTE (20260610-181845-LERNA-hydra-vs-BELMONTE-cuadrilla)
2026-06-10T18:18:47.218Z [sparring] worker 0: ESCA/angler vs LERNA/hydra @ arena 68 — series: ESCA 3 — 0 LERNA (20260610-181846-ESCA-angler-vs-LERNA-hydra)
2026-06-10T18:18:50.032Z [sparring] worker 2: OKONKWO/reaper vs VEGA/pilot @ arena 465 — series: OKONKWO 0 — 3 VEGA (20260610-181849-OKONKWO-reaper-vs-VEGA-pilot)
2026-06-10T18:18:51.438Z [sparring] worker 1: VERONICA/matador vs BLACKFISH/orca @ arena 508 — series: VERONICA 0 — 2 BLACKFISH (20260610-181851-VERONICA-matador-vs-BLACKFISH-orca)
2026-06-10T18:18:51.934Z [sparring] worker 0: BELMONTE/cuadrilla vs ESCA/angler @ arena 295 — series: BELMONTE 1 — 2 ESCA (20260610-181851-BELMONTE-cuadrilla-vs-ESCA-angler)
2026-06-10T18:18:54.540Z [sparring] worker 2: BLACKFISH/orca vs VEGA/pilot @ arena 163 — series: BLACKFISH 3 — 0 VEGA (20260610-181854-BLACKFISH-orca-vs-VEGA-pilot)
2026-06-10T18:18:56.139Z [sparring] worker 1: BELMONTE/cuadrilla vs LERNA/hydra @ arena 856 — series: BELMONTE 3 — 0 LERNA (20260610-181855-BELMONTE-cuadrilla-vs-LERNA-hydra)
2026-06-10T18:18:56.695Z [sparring] worker 0: VEGA/pilot vs LERNA/hydra @ arena 449 — series: VEGA 0 — 2 LERNA (20260610-181856-VEGA-pilot-vs-LERNA-hydra)
2026-06-10T18:18:58.401Z [sparring] worker 2: VERONICA/matador vs FALCONER/kestrel @ arena 847 — series: VERONICA 1 — 1 FALCONER (20260610-181858-VERONICA-matador-vs-FALCONER-kestrel)
2026-06-10T18:19:00.641Z [sparring] worker 1: OKONKWO/reaper vs MIMIC/neural @ arena 680 — series: OKONKWO 3 — 0 MIMIC (20260610-181900-OKONKWO-reaper-vs-MIMIC-neural)
2026-06-10T18:19:00.670Z [sparring] worker 0: VERONICA/matador vs FALCONER/plover @ arena 418 — series: VERONICA 2 — 1 FALCONER (20260610-181900-VERONICA-matador-vs-FALCONER-plover)
2026-06-10T18:19:02.767Z [sparring] worker 2: OKONKWO/reaper vs MIMIC/neural @ arena 957 — series: OKONKWO 3 — 0 MIMIC (20260610-181902-OKONKWO-reaper-vs-MIMIC-neural)
2026-06-10T18:19:05.367Z [sparring] worker 0: ESCA/angler vs FALCONER/shrike @ arena 198 — series: ESCA 3 — 0 FALCONER (20260610-181905-ESCA-angler-vs-FALCONER-shrike)
2026-06-10T18:19:06.367Z [sparring] worker 1: DISCIPLE/disciple vs BELMONTE/cuadrilla @ arena 78 — series: DISCIPLE 0 — 3 BELMONTE (20260610-181906-DISCIPLE-disciple-vs-BELMONTE-cuadrilla)
2026-06-10T18:19:07.992Z [sparring] worker 2: FALCONER/plover vs FALCONER/shrike @ arena 282 — series: FALCONER 0 — 3 FALCONER (20260610-181907-FALCONER-plover-vs-FALCONER-shrike)
2026-06-10T18:19:10.183Z [sparring] worker 1: FALCONER/plover vs VEGA/pilot @ arena 811 — series: FALCONER 2 — 1 VEGA (20260610-181909-FALCONER-plover-vs-VEGA-pilot)
2026-06-10T18:19:10.710Z [sparring] worker 0: MIMIC/neural vs DISCIPLE/disciple @ arena 950 — series: MIMIC 0 — 3 DISCIPLE (20260610-181910-MIMIC-neural-vs-DISCIPLE-disciple)
2026-06-10T18:19:11.980Z [sparring] worker 2: FALCONER/kestrel vs FALCONER/shrike @ arena 940 — series: FALCONER 1 — 2 FALCONER (20260610-181911-FALCONER-kestrel-vs-FALCONER-shrike)
2026-06-10T18:19:14.808Z [sparring] worker 1: FALCONER/shrike vs LERNA/hydra @ arena 777 — series: FALCONER 3 — 0 LERNA (20260610-181914-FALCONER-shrike-vs-LERNA-hydra)
2026-06-10T18:19:16.522Z [sparring] worker 2: FALCONER/kestrel vs OKONKWO/reaper @ arena 573 — series: FALCONER 3 — 0 OKONKWO (20260610-181916-FALCONER-kestrel-vs-OKONKWO-reaper)
2026-06-10T18:19:16.942Z [sparring] worker 0: DISCIPLE/disciple vs BELMONTE/cuadrilla @ arena 966 — series: DISCIPLE 0 — 3 BELMONTE (20260610-181916-DISCIPLE-disciple-vs-BELMONTE-cuadrilla)
2026-06-10T18:19:20.838Z [sparring] worker 1: OKONKWO/reaper vs BELMONTE/cuadrilla @ arena 84 — series: OKONKWO 0 — 3 BELMONTE (20260610-181920-OKONKWO-reaper-vs-BELMONTE-cuadrilla)
2026-06-10T18:19:21.520Z [sparring] worker 2: VERONICA/matador vs BLACKFISH/orca @ arena 237 — series: VERONICA 0 — 3 BLACKFISH (20260610-181921-VERONICA-matador-vs-BLACKFISH-orca)
2026-06-10T18:19:21.994Z [sparring] worker 0: VEGA/pilot vs BELMONTE/cuadrilla @ arena 351 — series: VEGA 0 — 3 BELMONTE (20260610-181921-VEGA-pilot-vs-BELMONTE-cuadrilla)
2026-06-10T18:19:25.520Z [sparring] worker 1: MIMIC/neural vs FALCONER/kestrel @ arena 248 — series: MIMIC 0 — 3 FALCONER (20260610-181925-MIMIC-neural-vs-FALCONER-kestrel)
2026-06-10T18:19:25.954Z [sparring] worker 2: OKONKWO/reaper vs LERNA/hydra @ arena 539 — series: OKONKWO 0 — 3 LERNA (20260610-181925-OKONKWO-reaper-vs-LERNA-hydra)
2026-06-10T18:19:26.937Z [sparring] worker 0: MIMIC/neural vs LERNA/hydra @ arena 826 — series: MIMIC 0 — 3 LERNA (20260610-181926-MIMIC-neural-vs-LERNA-hydra)
2026-06-10T18:19:30.247Z [sparring] worker 1: FALCONER/kestrel vs ESCA/angler @ arena 828 — series: FALCONER 0 — 3 ESCA (20260610-181929-FALCONER-kestrel-vs-ESCA-angler)
2026-06-10T18:19:31.239Z [sparring] worker 2: FALCONER/kestrel vs BLACKFISH/orca @ arena 424 — series: FALCONER 0 — 3 BLACKFISH (20260610-181930-FALCONER-kestrel-vs-BLACKFISH-orca)
2026-06-10T18:19:32.263Z [sparring] worker 0: VEGA/pilot vs FALCONER/kestrel @ arena 274 — series: VEGA 1 — 2 FALCONER (20260610-181931-VEGA-pilot-vs-FALCONER-kestrel)
2026-06-10T18:19:35.204Z [sparring] worker 1: DISCIPLE/disciple vs FALCONER/plover @ arena 952 — series: DISCIPLE 0 — 3 FALCONER (20260610-181934-DISCIPLE-disciple-vs-FALCONER-plover)
2026-06-10T18:19:36.478Z [sparring] worker 2: FALCONER/kestrel vs DISCIPLE/disciple @ arena 366 — series: FALCONER 3 — 0 DISCIPLE (20260610-181936-FALCONER-kestrel-vs-DISCIPLE-disciple)
2026-06-10T18:19:36.899Z [sparring] worker 0: FALCONER/shrike vs AKELA/wolf @ arena 419 — series: FALCONER 1 — 1 AKELA (20260610-181936-FALCONER-shrike-vs-AKELA-wolf)
2026-06-10T18:19:39.358Z [sparring] worker 1: LERNA/hydra vs FALCONER/kestrel @ arena 53 — series: LERNA 0 — 3 FALCONER (20260610-181939-LERNA-hydra-vs-FALCONER-kestrel)
2026-06-10T18:19:41.220Z [sparring] worker 2: VEGA/pilot vs BLACKFISH/orca @ arena 395 — series: VEGA 0 — 3 BLACKFISH (20260610-181940-VEGA-pilot-vs-BLACKFISH-orca)
2026-06-10T18:19:42.530Z [sparring] worker 0: BELMONTE/cuadrilla vs VERONICA/matador @ arena 755 — series: BELMONTE 3 — 0 VERONICA (20260610-181942-BELMONTE-cuadrilla-vs-VERONICA-matador)
2026-06-10T18:19:45.027Z [sparring] worker 1: MIMIC/neural vs DISCIPLE/disciple @ arena 720 — series: MIMIC 0 — 3 DISCIPLE (20260610-181944-MIMIC-neural-vs-DISCIPLE-disciple)
2026-06-10T18:19:47.896Z [sparring] worker 2: BELMONTE/cuadrilla vs BLACKFISH/orca @ arena 971 — series: BELMONTE 3 — 0 BLACKFISH (20260610-181947-BELMONTE-cuadrilla-vs-BLACKFISH-orca)
2026-06-10T18:19:48.810Z [sparring] worker 0: FALCONER/plover vs BELMONTE/cuadrilla @ arena 535 — series: FALCONER 0 — 3 BELMONTE (20260610-181948-FALCONER-plover-vs-BELMONTE-cuadrilla)
2026-06-10T18:19:50.075Z [sparring] worker 1: FALCONER/kestrel vs FALCONER/plover @ arena 470 — series: FALCONER 2 — 0 FALCONER (20260610-181949-FALCONER-kestrel-vs-FALCONER-plover)
2026-06-10T18:19:53.397Z [sparring] worker 2: ESCA/angler vs BLACKFISH/orca @ arena 646 — series: ESCA 2 — 1 BLACKFISH (20260610-181953-ESCA-angler-vs-BLACKFISH-orca)
2026-06-10T18:19:54.870Z [sparring] worker 0: ESCA/angler vs FALCONER/plover @ arena 331 — series: ESCA 3 — 0 FALCONER (20260610-181954-ESCA-angler-vs-FALCONER-plover)
2026-06-10T18:19:55.117Z [sparring] worker 1: VERONICA/matador vs OKONKWO/reaper @ arena 859 — series: VERONICA 3 — 0 OKONKWO (20260610-181954-VERONICA-matador-vs-OKONKWO-reaper)
2026-06-10T18:19:59.057Z [sparring] worker 2: BLACKFISH/orca vs FALCONER/shrike @ arena 831 — series: BLACKFISH 3 — 0 FALCONER (20260610-181958-BLACKFISH-orca-vs-FALCONER-shrike)
2026-06-10T18:19:59.749Z [sparring] worker 0: FALCONER/kestrel vs ESCA/angler @ arena 702 — series: FALCONER 0 — 3 ESCA (20260610-181959-FALCONER-kestrel-vs-ESCA-angler)
2026-06-10T18:20:00.615Z [sparring] worker 1: FALCONER/kestrel vs BELMONTE/cuadrilla @ arena 537 — series: FALCONER 0 — 3 BELMONTE (20260610-182000-FALCONER-kestrel-vs-BELMONTE-cuadrilla)
2026-06-10T18:20:05.043Z [sparring] worker 2: MIMIC/neural vs BLACKFISH/orca @ arena 836 — series: MIMIC 0 — 3 BLACKFISH (20260610-182004-MIMIC-neural-vs-BLACKFISH-orca)
2026-06-10T18:20:05.512Z [sparring] worker 0: BELMONTE/cuadrilla vs FALCONER/kestrel @ arena 82 — series: BELMONTE 3 — 0 FALCONER (20260610-182005-BELMONTE-cuadrilla-vs-FALCONER-kestrel)
2026-06-10T18:20:06.011Z [sparring] worker 1: LERNA/hydra vs BELMONTE/cuadrilla @ arena 486 — series: LERNA 0 — 3 BELMONTE (20260610-182005-LERNA-hydra-vs-BELMONTE-cuadrilla)
2026-06-10T18:20:09.695Z [sparring] worker 2: OKONKWO/reaper vs VEGA/pilot @ arena 939 — series: OKONKWO 0 — 3 VEGA (20260610-182009-OKONKWO-reaper-vs-VEGA-pilot)
2026-06-10T18:20:11.148Z [sparring] worker 1: MIMIC/neural vs BELMONTE/cuadrilla @ arena 201 — series: MIMIC 0 — 3 BELMONTE (20260610-182010-MIMIC-neural-vs-BELMONTE-cuadrilla)
2026-06-10T18:20:11.247Z [sparring] worker 0: MIMIC/neural vs DISCIPLE/disciple @ arena 451 — series: MIMIC 0 — 3 DISCIPLE (20260610-182010-MIMIC-neural-vs-DISCIPLE-disciple)
2026-06-10T18:20:13.760Z [sparring] worker 2: ESCA/angler vs AKELA/wolf @ arena 844 — series: ESCA 2 — 0 AKELA (20260610-182013-ESCA-angler-vs-AKELA-wolf)
2026-06-10T18:20:15.666Z [sparring] worker 1: FALCONER/shrike vs MIMIC/neural @ arena 944 — series: FALCONER 3 — 0 MIMIC (20260610-182015-FALCONER-shrike-vs-MIMIC-neural)
2026-06-10T18:20:16.210Z [sparring] worker 0: BLACKFISH/orca vs FALCONER/plover @ arena 44 — series: BLACKFISH 3 — 0 FALCONER (20260610-182015-BLACKFISH-orca-vs-FALCONER-plover)
2026-06-10T18:20:19.158Z [sparring] worker 2: DISCIPLE/disciple vs BLACKFISH/orca @ arena 814 — series: DISCIPLE 0 — 3 BLACKFISH (20260610-182018-DISCIPLE-disciple-vs-BLACKFISH-orca)
2026-06-10T18:20:20.748Z [sparring] worker 1: MIMIC/neural vs LERNA/hydra @ arena 265 — series: MIMIC 0 — 3 LERNA (20260610-182020-MIMIC-neural-vs-LERNA-hydra)
2026-06-10T18:20:21.938Z [sparring] worker 0: BELMONTE/cuadrilla vs VERONICA/matador @ arena 866 — series: BELMONTE 3 — 0 VERONICA (20260610-182021-BELMONTE-cuadrilla-vs-VERONICA-matador)
2026-06-10T18:20:23.943Z [sparring] worker 2: FALCONER/plover vs MIMIC/neural @ arena 642 — series: FALCONER 3 — 0 MIMIC (20260610-182023-FALCONER-plover-vs-MIMIC-neural)
2026-06-10T18:20:25.343Z [sparring] worker 1: AKELA/wolf vs MIMIC/neural @ arena 506 — series: AKELA 3 — 0 MIMIC (20260610-182025-AKELA-wolf-vs-MIMIC-neural)
2026-06-10T18:20:26.226Z [sparring] worker 0: ESCA/angler vs FALCONER/shrike @ arena 27 — series: ESCA 3 — 0 FALCONER (20260610-182025-ESCA-angler-vs-FALCONER-shrike)
2026-06-10T18:20:28.957Z [sparring] worker 2: LERNA/hydra vs ESCA/angler @ arena 575 — series: LERNA 1 — 2 ESCA (20260610-182028-LERNA-hydra-vs-ESCA-angler)
2026-06-10T18:20:30.575Z [sparring] worker 1: FALCONER/kestrel vs DISCIPLE/disciple @ arena 8 — series: FALCONER 3 — 0 DISCIPLE (20260610-182030-FALCONER-kestrel-vs-DISCIPLE-disciple)
2026-06-10T18:20:31.102Z [sparring] worker 0: FALCONER/plover vs AKELA/wolf @ arena 527 — series: FALCONER 0 — 3 AKELA (20260610-182030-FALCONER-plover-vs-AKELA-wolf)
2026-06-10T18:20:34.459Z [sparring] worker 2: DISCIPLE/disciple vs FALCONER/plover @ arena 478 — series: DISCIPLE 0 — 3 FALCONER (20260610-182034-DISCIPLE-disciple-vs-FALCONER-plover)
2026-06-10T18:20:35.639Z [sparring] worker 0: ESCA/angler vs VERONICA/matador @ arena 554 — series: ESCA 3 — 0 VERONICA (20260610-182035-ESCA-angler-vs-VERONICA-matador)
2026-06-10T18:20:35.852Z [sparring] worker 1: DISCIPLE/disciple vs ESCA/angler @ arena 147 — series: DISCIPLE 0 — 3 ESCA (20260610-182035-DISCIPLE-disciple-vs-ESCA-angler)
2026-06-10T18:20:38.855Z [sparring] worker 2: VERONICA/matador vs VEGA/pilot @ arena 378 — series: VERONICA 3 — 0 VEGA (20260610-182038-VERONICA-matador-vs-VEGA-pilot)
2026-06-10T18:20:40.555Z [sparring] worker 1: MIMIC/neural vs FALCONER/shrike @ arena 18 — series: MIMIC 0 — 3 FALCONER (20260610-182040-MIMIC-neural-vs-FALCONER-shrike)
2026-06-10T18:20:40.723Z [sparring] worker 0: FALCONER/kestrel vs FALCONER/plover @ arena 939 — series: FALCONER 2 — 1 FALCONER (20260610-182040-FALCONER-kestrel-vs-FALCONER-plover)
2026-06-10T18:20:43.886Z [sparring] worker 2: BLACKFISH/orca vs MIMIC/neural @ arena 213 — series: BLACKFISH 3 — 0 MIMIC (20260610-182043-BLACKFISH-orca-vs-MIMIC-neural)
2026-06-10T18:20:45.508Z [sparring] worker 0: OKONKWO/reaper vs LERNA/hydra @ arena 923 — series: OKONKWO 0 — 3 LERNA (20260610-182045-OKONKWO-reaper-vs-LERNA-hydra)
2026-06-10T18:20:45.924Z [sparring] worker 1: OKONKWO/reaper vs BLACKFISH/orca @ arena 684 — series: OKONKWO 0 — 3 BLACKFISH (20260610-182045-OKONKWO-reaper-vs-BLACKFISH-orca)
2026-06-10T18:20:48.189Z [sparring] worker 2: OKONKWO/reaper vs LERNA/hydra @ arena 226 — series: OKONKWO 0 — 3 LERNA (20260610-182047-OKONKWO-reaper-vs-LERNA-hydra)
2026-06-10T18:20:49.865Z [sparring] worker 1: FALCONER/plover vs AKELA/wolf @ arena 454 — series: FALCONER 1 — 2 AKELA (20260610-182049-FALCONER-plover-vs-AKELA-wolf)
2026-06-10T18:20:51.616Z [sparring] worker 0: VEGA/pilot vs BLACKFISH/orca @ arena 749 — series: VEGA 0 — 3 BLACKFISH (20260610-182051-VEGA-pilot-vs-BLACKFISH-orca)
2026-06-10T18:20:52.618Z [sparring] worker 2: FALCONER/shrike vs VERONICA/matador @ arena 552 — series: FALCONER 1 — 1 VERONICA (20260610-182052-FALCONER-shrike-vs-VERONICA-matador)
2026-06-10T18:20:54.428Z [sparring] worker 1: DISCIPLE/disciple vs VERONICA/matador @ arena 34 — series: DISCIPLE 0 — 3 VERONICA (20260610-182054-DISCIPLE-disciple-vs-VERONICA-matador)
2026-06-10T18:20:56.714Z [sparring] worker 0: BLACKFISH/orca vs ESCA/angler @ arena 705 — series: BLACKFISH 2 — 1 ESCA (20260610-182056-BLACKFISH-orca-vs-ESCA-angler)
2026-06-10T18:20:58.362Z [sparring] worker 2: BLACKFISH/orca vs OKONKWO/reaper @ arena 504 — series: BLACKFISH 3 — 0 OKONKWO (20260610-182058-BLACKFISH-orca-vs-OKONKWO-reaper)
2026-06-10T18:20:58.789Z [sparring] worker 1: LERNA/hydra vs OKONKWO/reaper @ arena 968 — series: LERNA 3 — 0 OKONKWO (20260610-182058-LERNA-hydra-vs-OKONKWO-reaper)
2026-06-10T18:21:01.917Z [sparring] worker 0: BELMONTE/cuadrilla vs VERONICA/matador @ arena 936 — series: BELMONTE 3 — 0 VERONICA (20260610-182101-BELMONTE-cuadrilla-vs-VERONICA-matador)
2026-06-10T18:21:03.178Z [sparring] worker 2: DISCIPLE/disciple vs VEGA/pilot @ arena 604 — series: DISCIPLE 0 — 3 VEGA (20260610-182102-DISCIPLE-disciple-vs-VEGA-pilot)
2026-06-10T18:21:03.264Z [sparring] worker 1: LERNA/hydra vs MIMIC/neural @ arena 810 — series: LERNA 3 — 0 MIMIC (20260610-182102-LERNA-hydra-vs-MIMIC-neural)
2026-06-10T18:21:07.003Z [sparring] worker 0: BLACKFISH/orca vs FALCONER/plover @ arena 213 — series: BLACKFISH 3 — 0 FALCONER (20260610-182106-BLACKFISH-orca-vs-FALCONER-plover)
2026-06-10T18:21:08.316Z [sparring] worker 1: BLACKFISH/orca vs AKELA/wolf @ arena 183 — series: BLACKFISH 3 — 0 AKELA (20260610-182108-BLACKFISH-orca-vs-AKELA-wolf)
2026-06-10T18:21:08.738Z [sparring] worker 2: FALCONER/kestrel vs BLACKFISH/orca @ arena 288 — series: FALCONER 0 — 3 BLACKFISH (20260610-182108-FALCONER-kestrel-vs-BLACKFISH-orca)
2026-06-10T18:21:11.134Z [sparring] worker 0: ESCA/angler vs OKONKWO/reaper @ arena 632 — series: ESCA 3 — 0 OKONKWO (20260610-182110-ESCA-angler-vs-OKONKWO-reaper)
2026-06-10T18:21:12.618Z [sparring] worker 1: VERONICA/matador vs OKONKWO/reaper @ arena 648 — series: VERONICA 3 — 0 OKONKWO (20260610-182112-VERONICA-matador-vs-OKONKWO-reaper)
2026-06-10T18:21:14.208Z [sparring] worker 2: FALCONER/shrike vs BLACKFISH/orca @ arena 180 — series: FALCONER 0 — 3 BLACKFISH (20260610-182113-FALCONER-shrike-vs-BLACKFISH-orca)
2026-06-10T18:21:15.833Z [sparring] worker 0: BLACKFISH/orca vs ESCA/angler @ arena 604 — series: BLACKFISH 1 — 1 ESCA (20260610-182115-BLACKFISH-orca-vs-ESCA-angler)
2026-06-10T18:21:17.455Z [sparring] worker 1: FALCONER/kestrel vs BELMONTE/cuadrilla @ arena 438 — series: FALCONER 1 — 2 BELMONTE (20260610-182117-FALCONER-kestrel-vs-BELMONTE-cuadrilla)
2026-06-10T18:21:18.606Z [sparring] worker 2: ESCA/angler vs FALCONER/plover @ arena 641 — series: ESCA 3 — 0 FALCONER (20260610-182118-ESCA-angler-vs-FALCONER-plover)
2026-06-10T18:21:21.519Z [sparring] worker 0: BLACKFISH/orca vs FALCONER/kestrel @ arena 724 — series: BLACKFISH 3 — 0 FALCONER (20260610-182121-BLACKFISH-orca-vs-FALCONER-kestrel)
2026-06-10T18:21:21.801Z [sparring] worker 1: VEGA/pilot vs FALCONER/plover @ arena 217 — series: VEGA 0 — 3 FALCONER (20260610-182121-VEGA-pilot-vs-FALCONER-plover)
2026-06-10T18:21:22.849Z [sparring] worker 2: FALCONER/kestrel vs FALCONER/shrike @ arena 549 — series: FALCONER 0 — 3 FALCONER (20260610-182122-FALCONER-kestrel-vs-FALCONER-shrike)
2026-06-10T18:21:26.603Z [sparring] worker 0: DISCIPLE/disciple vs VEGA/pilot @ arena 822 — series: DISCIPLE 0 — 3 VEGA (20260610-182126-DISCIPLE-disciple-vs-VEGA-pilot)
2026-06-10T18:21:26.804Z [sparring] worker 1: DISCIPLE/disciple vs VEGA/pilot @ arena 901 — series: DISCIPLE 0 — 3 VEGA (20260610-182126-DISCIPLE-disciple-vs-VEGA-pilot)
2026-06-10T18:21:28.321Z [sparring] worker 2: FALCONER/shrike vs ESCA/angler @ arena 535 — series: FALCONER 0 — 3 ESCA (20260610-182127-FALCONER-shrike-vs-ESCA-angler)
2026-06-10T18:21:31.390Z [sparring] worker 1: LERNA/hydra vs VEGA/pilot @ arena 433 — series: LERNA 2 — 0 VEGA (20260610-182131-LERNA-hydra-vs-VEGA-pilot)
2026-06-10T18:21:32.235Z [sparring] worker 0: BELMONTE/cuadrilla vs FALCONER/kestrel @ arena 412 — series: BELMONTE 3 — 0 FALCONER (20260610-182131-BELMONTE-cuadrilla-vs-FALCONER-kestrel)
2026-06-10T18:21:32.802Z [sparring] worker 2: ESCA/angler vs FALCONER/plover @ arena 539 — series: ESCA 3 — 0 FALCONER (20260610-182132-ESCA-angler-vs-FALCONER-plover)
2026-06-10T18:21:35.632Z [sparring] worker 1: VERONICA/matador vs FALCONER/kestrel @ arena 558 — series: VERONICA 3 — 0 FALCONER (20260610-182135-VERONICA-matador-vs-FALCONER-kestrel)
2026-06-10T18:21:36.793Z [sparring] worker 0: BLACKFISH/orca vs ESCA/angler @ arena 106 — series: BLACKFISH 1 — 2 ESCA (20260610-182136-BLACKFISH-orca-vs-ESCA-angler)
2026-06-10T18:21:37.001Z [sparring] worker 2: AKELA/wolf vs ESCA/angler @ arena 843 — series: AKELA 0 — 3 ESCA (20260610-182136-AKELA-wolf-vs-ESCA-angler)
2026-06-10T18:21:41.089Z [sparring] worker 1: DISCIPLE/disciple vs FALCONER/shrike @ arena 584 — series: DISCIPLE 0 — 3 FALCONER (20260610-182140-DISCIPLE-disciple-vs-FALCONER-shrike)
2026-06-10T18:21:41.932Z [sparring] worker 0: VERONICA/matador vs FALCONER/shrike @ arena 491 — series: VERONICA 1 — 1 FALCONER (20260610-182141-VERONICA-matador-vs-FALCONER-shrike)
2026-06-10T18:21:41.981Z [sparring] worker 2: FALCONER/plover vs BELMONTE/cuadrilla @ arena 445 — series: FALCONER 0 — 3 BELMONTE (20260610-182141-FALCONER-plover-vs-BELMONTE-cuadrilla)
2026-06-10T18:21:45.784Z [sparring] worker 1: FALCONER/kestrel vs FALCONER/shrike @ arena 594 — series: FALCONER 0 — 2 FALCONER (20260610-182145-FALCONER-kestrel-vs-FALCONER-shrike)
2026-06-10T18:21:46.313Z [sparring] worker 0: AKELA/wolf vs VERONICA/matador @ arena 267 — series: AKELA 2 — 1 VERONICA (20260610-182146-AKELA-wolf-vs-VERONICA-matador)
2026-06-10T18:21:47.890Z [sparring] worker 2: MIMIC/neural vs BLACKFISH/orca @ arena 545 — series: MIMIC 0 — 3 BLACKFISH (20260610-182147-MIMIC-neural-vs-BLACKFISH-orca)
2026-06-10T18:21:50.350Z [sparring] worker 1: BELMONTE/cuadrilla vs AKELA/wolf @ arena 719 — series: BELMONTE 3 — 0 AKELA (20260610-182150-BELMONTE-cuadrilla-vs-AKELA-wolf)
2026-06-10T18:21:51.532Z [sparring] worker 0: DISCIPLE/disciple vs OKONKWO/reaper @ arena 775 — series: DISCIPLE 0 — 3 OKONKWO (20260610-182151-DISCIPLE-disciple-vs-OKONKWO-reaper)
2026-06-10T18:21:52.329Z [sparring] worker 2: VERONICA/matador vs DISCIPLE/disciple @ arena 131 — series: VERONICA 3 — 0 DISCIPLE (20260610-182152-VERONICA-matador-vs-DISCIPLE-disciple)
2026-06-10T18:21:54.715Z [sparring] worker 1: VEGA/pilot vs FALCONER/plover @ arena 183 — series: VEGA 0 — 3 FALCONER (20260610-182154-VEGA-pilot-vs-FALCONER-plover)
2026-06-10T18:21:55.556Z [sparring] worker 0: AKELA/wolf vs OKONKWO/reaper @ arena 960 — series: AKELA 3 — 0 OKONKWO (20260610-182155-AKELA-wolf-vs-OKONKWO-reaper)
2026-06-10T18:21:57.757Z [sparring] worker 2: DISCIPLE/disciple vs BELMONTE/cuadrilla @ arena 872 — series: DISCIPLE 0 — 3 BELMONTE (20260610-182157-DISCIPLE-disciple-vs-BELMONTE-cuadrilla)
2026-06-10T18:21:59.048Z [sparring] worker 0: VEGA/pilot vs AKELA/wolf @ arena 453 — series: VEGA 0 — 3 AKELA (20260610-182158-VEGA-pilot-vs-AKELA-wolf)
2026-06-10T18:21:59.065Z [sparring] worker 1: FALCONER/plover vs VEGA/pilot @ arena 792 — series: FALCONER 3 — 0 VEGA (20260610-182158-FALCONER-plover-vs-VEGA-pilot)
2026-06-10T18:22:01.966Z [sparring] worker 2: VERONICA/matador vs ESCA/angler @ arena 813 — series: VERONICA 0 — 3 ESCA (20260610-182201-VERONICA-matador-vs-ESCA-angler)
2026-06-10T18:22:03.125Z [sparring] worker 1: VEGA/pilot vs AKELA/wolf @ arena 477 — series: VEGA 0 — 3 AKELA (20260610-182202-VEGA-pilot-vs-AKELA-wolf)
2026-06-10T18:22:04.967Z [sparring] worker 0: BLACKFISH/orca vs VEGA/pilot @ arena 417 — series: BLACKFISH 3 — 0 VEGA (20260610-182204-BLACKFISH-orca-vs-VEGA-pilot)
2026-06-10T18:22:06.799Z [sparring] worker 2: LERNA/hydra vs VERONICA/matador @ arena 569 — series: LERNA 2 — 1 VERONICA (20260610-182206-LERNA-hydra-vs-VERONICA-matador)
2026-06-10T18:22:07.379Z [sparring] worker 1: FALCONER/plover vs AKELA/wolf @ arena 116 — series: FALCONER 0 — 2 AKELA (20260610-182207-FALCONER-plover-vs-AKELA-wolf)
2026-06-10T18:22:09.839Z [sparring] worker 0: FALCONER/plover vs ESCA/angler @ arena 476 — series: FALCONER 0 — 3 ESCA (20260610-182209-FALCONER-plover-vs-ESCA-angler)
2026-06-10T18:22:11.465Z [sparring] worker 2: FALCONER/plover vs BLACKFISH/orca @ arena 338 — series: FALCONER 0 — 3 BLACKFISH (20260610-182211-FALCONER-plover-vs-BLACKFISH-orca)
2026-06-10T18:22:12.128Z [sparring] worker 1: VERONICA/matador vs DISCIPLE/disciple @ arena 562 — series: VERONICA 3 — 0 DISCIPLE (20260610-182211-VERONICA-matador-vs-DISCIPLE-disciple)
2026-06-10T18:22:15.880Z [sparring] worker 0: OKONKWO/reaper vs BELMONTE/cuadrilla @ arena 650 — series: OKONKWO 0 — 3 BELMONTE (20260610-182215-OKONKWO-reaper-vs-BELMONTE-cuadrilla)
2026-06-10T18:22:16.815Z [sparring] worker 2: BLACKFISH/orca vs FALCONER/plover @ arena 652 — series: BLACKFISH 3 — 0 FALCONER (20260610-182216-BLACKFISH-orca-vs-FALCONER-plover)
2026-06-10T18:22:17.227Z [sparring] worker 1: BELMONTE/cuadrilla vs OKONKWO/reaper @ arena 948 — series: BELMONTE 3 — 0 OKONKWO (20260610-182216-BELMONTE-cuadrilla-vs-OKONKWO-reaper)
2026-06-10T18:22:20.311Z [sparring] worker 0: AKELA/wolf vs MIMIC/neural @ arena 988 — series: AKELA 3 — 0 MIMIC (20260610-182219-AKELA-wolf-vs-MIMIC-neural)
2026-06-10T18:22:21.124Z [sparring] worker 2: AKELA/wolf vs FALCONER/shrike @ arena 480 — series: AKELA 2 — 1 FALCONER (20260610-182220-AKELA-wolf-vs-FALCONER-shrike)
2026-06-10T18:22:23.105Z [sparring] worker 1: FALCONER/plover vs BLACKFISH/orca @ arena 662 — series: FALCONER 0 — 3 BLACKFISH (20260610-182222-FALCONER-plover-vs-BLACKFISH-orca)
2026-06-10T18:22:25.475Z [sparring] worker 0: LERNA/hydra vs DISCIPLE/disciple @ arena 251 — series: LERNA 3 — 0 DISCIPLE (20260610-182225-LERNA-hydra-vs-DISCIPLE-disciple)
2026-06-10T18:22:25.876Z [sparring] worker 2: AKELA/wolf vs BLACKFISH/orca @ arena 72 — series: AKELA 1 — 2 BLACKFISH (20260610-182225-AKELA-wolf-vs-BLACKFISH-orca)
2026-06-10T18:22:28.779Z [sparring] worker 1: BLACKFISH/orca vs OKONKWO/reaper @ arena 284 — series: BLACKFISH 3 — 0 OKONKWO (20260610-182228-BLACKFISH-orca-vs-OKONKWO-reaper)
2026-06-10T18:22:30.024Z [sparring] worker 0: FALCONER/plover vs ESCA/angler @ arena 675 — series: FALCONER 0 — 3 ESCA (20260610-182229-FALCONER-plover-vs-ESCA-angler)
2026-06-10T18:22:30.156Z [sparring] worker 2: ESCA/angler vs FALCONER/kestrel @ arena 338 — series: ESCA 3 — 0 FALCONER (20260610-182229-ESCA-angler-vs-FALCONER-kestrel)
2026-06-10T18:22:33.704Z [sparring] worker 1: MIMIC/neural vs BLACKFISH/orca @ arena 624 — series: MIMIC 0 — 3 BLACKFISH (20260610-182233-MIMIC-neural-vs-BLACKFISH-orca)
2026-06-10T18:22:34.545Z [sparring] worker 2: AKELA/wolf vs ESCA/angler @ arena 980 — series: AKELA 0 — 3 ESCA (20260610-182234-AKELA-wolf-vs-ESCA-angler)
2026-06-10T18:22:35.186Z [sparring] worker 0: FALCONER/kestrel vs LERNA/hydra @ arena 466 — series: FALCONER 0 — 2 LERNA (20260610-182234-FALCONER-kestrel-vs-LERNA-hydra)
2026-06-10T18:22:37.912Z [sparring] worker 1: AKELA/wolf vs ESCA/angler @ arena 583 — series: AKELA 1 — 1 ESCA (20260610-182237-AKELA-wolf-vs-ESCA-angler)
2026-06-10T18:22:39.740Z [sparring] worker 2: BELMONTE/cuadrilla vs DISCIPLE/disciple @ arena 487 — series: BELMONTE 3 — 0 DISCIPLE (20260610-182239-BELMONTE-cuadrilla-vs-DISCIPLE-disciple)
2026-06-10T18:22:40.140Z [sparring] worker 0: VERONICA/matador vs BLACKFISH/orca @ arena 349 — series: VERONICA 0 — 3 BLACKFISH (20260610-182239-VERONICA-matador-vs-BLACKFISH-orca)
2026-06-10T18:22:43.099Z [sparring] worker 1: BELMONTE/cuadrilla vs MIMIC/neural @ arena 64 — series: BELMONTE 3 — 0 MIMIC (20260610-182242-BELMONTE-cuadrilla-vs-MIMIC-neural)
2026-06-10T18:22:44.667Z [sparring] worker 2: BELMONTE/cuadrilla vs AKELA/wolf @ arena 640 — series: BELMONTE 3 — 0 AKELA (20260610-182244-BELMONTE-cuadrilla-vs-AKELA-wolf)
2026-06-10T18:22:45.077Z [sparring] worker 0: BLACKFISH/orca vs VEGA/pilot @ arena 77 — series: BLACKFISH 3 — 0 VEGA (20260610-182244-BLACKFISH-orca-vs-VEGA-pilot)
2026-06-10T18:22:47.357Z [sparring] worker 1: ESCA/angler vs VERONICA/matador @ arena 583 — series: ESCA 3 — 0 VERONICA (20260610-182247-ESCA-angler-vs-VERONICA-matador)
2026-06-10T18:22:49.161Z [sparring] worker 0: ESCA/angler vs VERONICA/matador @ arena 335 — series: ESCA 3 — 0 VERONICA (20260610-182248-ESCA-angler-vs-VERONICA-matador)
2026-06-10T18:22:49.591Z [sparring] worker 2: VEGA/pilot vs DISCIPLE/disciple @ arena 404 — series: VEGA 3 — 0 DISCIPLE (20260610-182249-VEGA-pilot-vs-DISCIPLE-disciple)
2026-06-10T18:22:51.795Z [sparring] worker 1: MIMIC/neural vs LERNA/hydra @ arena 413 — series: MIMIC 0 — 3 LERNA (20260610-182251-MIMIC-neural-vs-LERNA-hydra)
2026-06-10T18:22:53.682Z [sparring] worker 0: AKELA/wolf vs DISCIPLE/disciple @ arena 776 — series: AKELA 3 — 0 DISCIPLE (20260610-182253-AKELA-wolf-vs-DISCIPLE-disciple)
2026-06-10T18:22:54.521Z [sparring] worker 2: FALCONER/kestrel vs BELMONTE/cuadrilla @ arena 3 — series: FALCONER 0 — 3 BELMONTE (20260610-182254-FALCONER-kestrel-vs-BELMONTE-cuadrilla)
2026-06-10T18:22:56.383Z [sparring] worker 1: VEGA/pilot vs FALCONER/plover @ arena 188 — series: VEGA 0 — 3 FALCONER (20260610-182256-VEGA-pilot-vs-FALCONER-plover)
2026-06-10T18:22:58.788Z [sparring] worker 0: ESCA/angler vs OKONKWO/reaper @ arena 206 — series: ESCA 3 — 0 OKONKWO (20260610-182258-ESCA-angler-vs-OKONKWO-reaper)
2026-06-10T18:22:58.911Z [sparring] worker 2: ESCA/angler vs FALCONER/plover @ arena 39 — series: ESCA 3 — 0 FALCONER (20260610-182258-ESCA-angler-vs-FALCONER-plover)
2026-06-10T18:23:01.180Z [sparring] worker 1: FALCONER/plover vs LERNA/hydra @ arena 528 — series: FALCONER 1 — 2 LERNA (20260610-182300-FALCONER-plover-vs-LERNA-hydra)
2026-06-10T18:23:03.285Z [sparring] worker 2: ESCA/angler vs AKELA/wolf @ arena 208 — series: ESCA 3 — 0 AKELA (20260610-182303-ESCA-angler-vs-AKELA-wolf)
2026-06-10T18:23:04.616Z [sparring] worker 0: ESCA/angler vs DISCIPLE/disciple @ arena 662 — series: ESCA 3 — 0 DISCIPLE (20260610-182304-ESCA-angler-vs-DISCIPLE-disciple)
2026-06-10T18:23:05.221Z [sparring] worker 1: FALCONER/kestrel vs FALCONER/plover @ arena 865 — series: FALCONER 2 — 1 FALCONER (20260610-182304-FALCONER-kestrel-vs-FALCONER-plover)
2026-06-10T18:23:07.832Z [sparring] worker 2: VERONICA/matador vs ESCA/angler @ arena 379 — series: VERONICA 0 — 3 ESCA (20260610-182307-VERONICA-matador-vs-ESCA-angler)
2026-06-10T18:23:10.431Z [sparring] worker 0: MIMIC/neural vs DISCIPLE/disciple @ arena 719 — series: MIMIC 0 — 3 DISCIPLE (20260610-182310-MIMIC-neural-vs-DISCIPLE-disciple)
2026-06-10T18:23:10.621Z [sparring] worker 1: FALCONER/kestrel vs BLACKFISH/orca @ arena 72 — series: FALCONER 0 — 3 BLACKFISH (20260610-182310-FALCONER-kestrel-vs-BLACKFISH-orca)
2026-06-10T18:23:12.604Z [sparring] worker 2: FALCONER/plover vs ESCA/angler @ arena 70 — series: FALCONER 0 — 3 ESCA (20260610-182312-FALCONER-plover-vs-ESCA-angler)
2026-06-10T18:23:15.355Z [sparring] worker 1: LERNA/hydra vs FALCONER/shrike @ arena 202 — series: LERNA 0 — 3 FALCONER (20260610-182314-LERNA-hydra-vs-FALCONER-shrike)
2026-06-10T18:23:15.803Z [sparring] worker 0: DISCIPLE/disciple vs FALCONER/plover @ arena 66 — series: DISCIPLE 0 — 3 FALCONER (20260610-182315-DISCIPLE-disciple-vs-FALCONER-plover)
2026-06-10T18:23:18.541Z [sparring] worker 2: BELMONTE/cuadrilla vs FALCONER/plover @ arena 58 — series: BELMONTE 3 — 0 FALCONER (20260610-182318-BELMONTE-cuadrilla-vs-FALCONER-plover)
2026-06-10T18:23:21.165Z [sparring] worker 0: FALCONER/plover vs FALCONER/shrike @ arena 666 — series: FALCONER 1 — 2 FALCONER (20260610-182320-FALCONER-plover-vs-FALCONER-shrike)
2026-06-10T18:23:21.179Z [sparring] worker 1: LERNA/hydra vs DISCIPLE/disciple @ arena 79 — series: LERNA 3 — 0 DISCIPLE (20260610-182320-LERNA-hydra-vs-DISCIPLE-disciple)
2026-06-10T18:23:23.307Z [sparring] worker 2: FALCONER/kestrel vs LERNA/hydra @ arena 174 — series: FALCONER 0 — 2 LERNA (20260610-182322-FALCONER-kestrel-vs-LERNA-hydra)
2026-06-10T18:23:25.705Z [sparring] worker 0: OKONKWO/reaper vs ESCA/angler @ arena 29 — series: OKONKWO 0 — 3 ESCA (20260610-182325-OKONKWO-reaper-vs-ESCA-angler)
2026-06-10T18:23:25.776Z [sparring] worker 1: MIMIC/neural vs VERONICA/matador @ arena 634 — series: MIMIC 0 — 3 VERONICA (20260610-182325-MIMIC-neural-vs-VERONICA-matador)
2026-06-10T18:23:28.406Z [sparring] worker 2: VERONICA/matador vs DISCIPLE/disciple @ arena 382 — series: VERONICA 3 — 0 DISCIPLE (20260610-182328-VERONICA-matador-vs-DISCIPLE-disciple)
2026-06-10T18:23:31.224Z [sparring] worker 0: LERNA/hydra vs BELMONTE/cuadrilla @ arena 123 — series: LERNA 0 — 3 BELMONTE (20260610-182330-LERNA-hydra-vs-BELMONTE-cuadrilla)
2026-06-10T18:23:31.364Z [sparring] worker 1: DISCIPLE/disciple vs BLACKFISH/orca @ arena 840 — series: DISCIPLE 0 — 3 BLACKFISH (20260610-182331-DISCIPLE-disciple-vs-BLACKFISH-orca)
2026-06-10T18:23:33.834Z [sparring] worker 2: FALCONER/kestrel vs BLACKFISH/orca @ arena 879 — series: FALCONER 0 — 3 BLACKFISH (20260610-182333-FALCONER-kestrel-vs-BLACKFISH-orca)
2026-06-10T18:23:35.350Z [sparring] worker 0: FALCONER/shrike vs AKELA/wolf @ arena 919 — series: FALCONER 0 — 3 AKELA (20260610-182335-FALCONER-shrike-vs-AKELA-wolf)
2026-06-10T18:23:36.572Z [sparring] worker 1: BELMONTE/cuadrilla vs VERONICA/matador @ arena 922 — series: BELMONTE 3 — 0 VERONICA (20260610-182336-BELMONTE-cuadrilla-vs-VERONICA-matador)
2026-06-10T18:23:38.646Z [sparring] worker 2: DISCIPLE/disciple vs ESCA/angler @ arena 695 — series: DISCIPLE 0 — 3 ESCA (20260610-182338-DISCIPLE-disciple-vs-ESCA-angler)
2026-06-10T18:23:39.461Z [sparring] worker 0: AKELA/wolf vs ESCA/angler @ arena 631 — series: AKELA 1 — 1 ESCA (20260610-182339-AKELA-wolf-vs-ESCA-angler)
2026-06-10T18:23:42.094Z [sparring] worker 1: BLACKFISH/orca vs DISCIPLE/disciple @ arena 667 — series: BLACKFISH 3 — 0 DISCIPLE (20260610-182341-BLACKFISH-orca-vs-DISCIPLE-disciple)
2026-06-10T18:23:43.430Z [sparring] worker 2: FALCONER/shrike vs DISCIPLE/disciple @ arena 984 — series: FALCONER 3 — 0 DISCIPLE (20260610-182343-FALCONER-shrike-vs-DISCIPLE-disciple)
2026-06-10T18:23:44.025Z [sparring] worker 0: VEGA/pilot vs BLACKFISH/orca @ arena 162 — series: VEGA 0 — 3 BLACKFISH (20260610-182343-VEGA-pilot-vs-BLACKFISH-orca)
2026-06-10T18:23:47.223Z [sparring] worker 1: FALCONER/plover vs FALCONER/shrike @ arena 42 — series: FALCONER 1 — 2 FALCONER (20260610-182346-FALCONER-plover-vs-FALCONER-shrike)
2026-06-10T18:23:47.924Z [sparring] worker 0: FALCONER/kestrel vs MIMIC/neural @ arena 137 — series: FALCONER 3 — 0 MIMIC (20260610-182347-FALCONER-kestrel-vs-MIMIC-neural)
2026-06-10T18:23:48.434Z [sparring] worker 2: LERNA/hydra vs FALCONER/plover @ arena 18 — series: LERNA 2 — 1 FALCONER (20260610-182347-LERNA-hydra-vs-FALCONER-plover)
2026-06-10T18:23:51.443Z [sparring] worker 1: MIMIC/neural vs VERONICA/matador @ arena 208 — series: MIMIC 0 — 3 VERONICA (20260610-182351-MIMIC-neural-vs-VERONICA-matador)
2026-06-10T18:23:52.879Z [sparring] worker 0: MIMIC/neural vs BELMONTE/cuadrilla @ arena 740 — series: MIMIC 0 — 3 BELMONTE (20260610-182352-MIMIC-neural-vs-BELMONTE-cuadrilla)
2026-06-10T18:23:53.052Z [sparring] worker 2: BLACKFISH/orca vs MIMIC/neural @ arena 952 — series: BLACKFISH 3 — 0 MIMIC (20260610-182352-BLACKFISH-orca-vs-MIMIC-neural)
2026-06-10T18:23:55.585Z [sparring] worker 1: FALCONER/shrike vs FALCONER/kestrel @ arena 592 — series: FALCONER 2 — 1 FALCONER (20260610-182355-FALCONER-shrike-vs-FALCONER-kestrel)
2026-06-10T18:23:57.713Z [sparring] worker 0: ESCA/angler vs BLACKFISH/orca @ arena 523 — series: ESCA 1 — 2 BLACKFISH (20260610-182357-ESCA-angler-vs-BLACKFISH-orca)
2026-06-10T18:23:58.234Z [sparring] worker 2: OKONKWO/reaper vs BELMONTE/cuadrilla @ arena 215 — series: OKONKWO 0 — 3 BELMONTE (20260610-182357-OKONKWO-reaper-vs-BELMONTE-cuadrilla)
2026-06-10T18:23:59.912Z [sparring] worker 1: FALCONER/kestrel vs LERNA/hydra @ arena 400 — series: FALCONER 2 — 1 LERNA (20260610-182359-FALCONER-kestrel-vs-LERNA-hydra)
2026-06-10T18:24:02.192Z [sparring] worker 2: VEGA/pilot vs AKELA/wolf @ arena 472 — series: VEGA 0 — 3 AKELA (20260610-182401-VEGA-pilot-vs-AKELA-wolf)
2026-06-10T18:24:02.231Z [sparring] worker 0: VEGA/pilot vs MIMIC/neural @ arena 960 — series: VEGA 3 — 0 MIMIC (20260610-182401-VEGA-pilot-vs-MIMIC-neural)
2026-06-10T18:24:04.467Z [sparring] worker 1: MIMIC/neural vs VEGA/pilot @ arena 665 — series: MIMIC 0 — 3 VEGA (20260610-182404-MIMIC-neural-vs-VEGA-pilot)
2026-06-10T18:24:06.842Z [sparring] worker 2: MIMIC/neural vs LERNA/hydra @ arena 421 — series: MIMIC 0 — 3 LERNA (20260610-182406-MIMIC-neural-vs-LERNA-hydra)
2026-06-10T18:24:07.411Z [sparring] worker 0: BLACKFISH/orca vs AKELA/wolf @ arena 964 — series: BLACKFISH 3 — 0 AKELA (20260610-182407-BLACKFISH-orca-vs-AKELA-wolf)
2026-06-10T18:24:09.140Z [sparring] worker 1: BLACKFISH/orca vs FALCONER/kestrel @ arena 967 — series: BLACKFISH 3 — 0 FALCONER (20260610-182408-BLACKFISH-orca-vs-FALCONER-kestrel)
2026-06-10T18:24:11.348Z [sparring] worker 2: VEGA/pilot vs DISCIPLE/disciple @ arena 338 — series: VEGA 3 — 0 DISCIPLE (20260610-182411-VEGA-pilot-vs-DISCIPLE-disciple)
2026-06-10T18:24:11.872Z [sparring] worker 0: VERONICA/matador vs LERNA/hydra @ arena 169 — series: VERONICA 2 — 0 LERNA (20260610-182411-VERONICA-matador-vs-LERNA-hydra)
2026-06-10T18:24:13.227Z [sparring] worker 1: VERONICA/matador vs ESCA/angler @ arena 747 — series: VERONICA 0 — 2 ESCA (20260610-182412-VERONICA-matador-vs-ESCA-angler)
2026-06-10T18:24:16.673Z [sparring] worker 2: ESCA/angler vs DISCIPLE/disciple @ arena 215 — series: ESCA 3 — 0 DISCIPLE (20260610-182416-ESCA-angler-vs-DISCIPLE-disciple)
2026-06-10T18:24:16.758Z [sparring] worker 0: BLACKFISH/orca vs FALCONER/kestrel @ arena 326 — series: BLACKFISH 3 — 0 FALCONER (20260610-182416-BLACKFISH-orca-vs-FALCONER-kestrel)
2026-06-10T18:24:18.741Z [sparring] worker 1: FALCONER/shrike vs BELMONTE/cuadrilla @ arena 638 — series: FALCONER 0 — 3 BELMONTE (20260610-182418-FALCONER-shrike-vs-BELMONTE-cuadrilla)
2026-06-10T18:24:21.566Z [sparring] worker 2: ESCA/angler vs VERONICA/matador @ arena 31 — series: ESCA 3 — 0 VERONICA (20260610-182421-ESCA-angler-vs-VERONICA-matador)
2026-06-10T18:24:21.824Z [sparring] worker 0: FALCONER/plover vs FALCONER/kestrel @ arena 806 — series: FALCONER 2 — 1 FALCONER (20260610-182421-FALCONER-plover-vs-FALCONER-kestrel)
2026-06-10T18:24:23.989Z [sparring] worker 1: ESCA/angler vs BLACKFISH/orca @ arena 942 — series: ESCA 0 — 2 BLACKFISH (20260610-182423-ESCA-angler-vs-BLACKFISH-orca)
2026-06-10T18:24:27.012Z [sparring] worker 0: FALCONER/plover vs BELMONTE/cuadrilla @ arena 914 — series: FALCONER 0 — 3 BELMONTE (20260610-182426-FALCONER-plover-vs-BELMONTE-cuadrilla)
2026-06-10T18:24:27.224Z [sparring] worker 2: DISCIPLE/disciple vs FALCONER/shrike @ arena 254 — series: DISCIPLE 0 — 3 FALCONER (20260610-182426-DISCIPLE-disciple-vs-FALCONER-shrike)
2026-06-10T18:24:28.936Z [sparring] worker 1: BELMONTE/cuadrilla vs ESCA/angler @ arena 332 — series: BELMONTE 1 — 1 ESCA (20260610-182428-BELMONTE-cuadrilla-vs-ESCA-angler)
2026-06-10T18:24:31.415Z [sparring] worker 2: ESCA/angler vs FALCONER/kestrel @ arena 396 — series: ESCA 3 — 0 FALCONER (20260610-182431-ESCA-angler-vs-FALCONER-kestrel)
2026-06-10T18:24:31.825Z [sparring] worker 0: VERONICA/matador vs LERNA/hydra @ arena 243 — series: VERONICA 2 — 1 LERNA (20260610-182431-VERONICA-matador-vs-LERNA-hydra)
2026-06-10T18:24:33.253Z [sparring] worker 1: VERONICA/matador vs BELMONTE/cuadrilla @ arena 910 — series: VERONICA 0 — 3 BELMONTE (20260610-182432-VERONICA-matador-vs-BELMONTE-cuadrilla)
2026-06-10T18:24:36.144Z [sparring] worker 0: VERONICA/matador vs LERNA/hydra @ arena 667 — series: VERONICA 1 — 2 LERNA (20260610-182435-VERONICA-matador-vs-LERNA-hydra)
2026-06-10T18:24:36.288Z [sparring] worker 2: FALCONER/kestrel vs DISCIPLE/disciple @ arena 739 — series: FALCONER 3 — 0 DISCIPLE (20260610-182435-FALCONER-kestrel-vs-DISCIPLE-disciple)
2026-06-10T18:24:37.855Z [sparring] worker 1: VEGA/pilot vs FALCONER/plover @ arena 56 — series: VEGA 0 — 3 FALCONER (20260610-182437-VEGA-pilot-vs-FALCONER-plover)
2026-06-10T18:24:40.710Z [sparring] worker 2: MIMIC/neural vs OKONKWO/reaper @ arena 404 — series: MIMIC 0 — 3 OKONKWO (20260610-182440-MIMIC-neural-vs-OKONKWO-reaper)
2026-06-10T18:24:41.368Z [sparring] worker 0: FALCONER/shrike vs FALCONER/kestrel @ arena 972 — series: FALCONER 3 — 0 FALCONER (20260610-182441-FALCONER-shrike-vs-FALCONER-kestrel)
2026-06-10T18:24:42.323Z [sparring] worker 1: MIMIC/neural vs FALCONER/kestrel @ arena 939 — series: MIMIC 0 — 3 FALCONER (20260610-182441-MIMIC-neural-vs-FALCONER-kestrel)
2026-06-10T18:24:45.818Z [sparring] worker 2: BLACKFISH/orca vs BELMONTE/cuadrilla @ arena 515 — series: BLACKFISH 2 — 1 BELMONTE (20260610-182445-BLACKFISH-orca-vs-BELMONTE-cuadrilla)
2026-06-10T18:24:45.837Z [sparring] worker 0: FALCONER/plover vs FALCONER/shrike @ arena 940 — series: FALCONER 0 — 3 FALCONER (20260610-182445-FALCONER-plover-vs-FALCONER-shrike)
2026-06-10T18:24:46.925Z [sparring] worker 1: FALCONER/kestrel vs BLACKFISH/orca @ arena 695 — series: FALCONER 0 — 3 BLACKFISH (20260610-182446-FALCONER-kestrel-vs-BLACKFISH-orca)
2026-06-10T18:24:50.290Z [sparring] worker 2: FALCONER/kestrel vs FALCONER/shrike @ arena 570 — series: FALCONER 0 — 2 FALCONER (20260610-182450-FALCONER-kestrel-vs-FALCONER-shrike)
2026-06-10T18:24:51.471Z [sparring] worker 0: MIMIC/neural vs BLACKFISH/orca @ arena 580 — series: MIMIC 0 — 3 BLACKFISH (20260610-182451-MIMIC-neural-vs-BLACKFISH-orca)
2026-06-10T18:24:51.603Z [sparring] worker 1: LERNA/hydra vs FALCONER/plover @ arena 505 — series: LERNA 2 — 0 FALCONER (20260610-182451-LERNA-hydra-vs-FALCONER-plover)
2026-06-10T18:24:54.743Z [sparring] worker 2: MIMIC/neural vs VERONICA/matador @ arena 114 — series: MIMIC 0 — 3 VERONICA (20260610-182454-MIMIC-neural-vs-VERONICA-matador)
2026-06-10T18:24:56.115Z [sparring] worker 0: VEGA/pilot vs VERONICA/matador @ arena 846 — series: VEGA 1 — 2 VERONICA (20260610-182455-VEGA-pilot-vs-VERONICA-matador)
2026-06-10T18:24:56.601Z [sparring] worker 1: BLACKFISH/orca vs FALCONER/kestrel @ arena 990 — series: BLACKFISH 3 — 0 FALCONER (20260610-182456-BLACKFISH-orca-vs-FALCONER-kestrel)
2026-06-10T18:24:59.573Z [sparring] worker 2: OKONKWO/reaper vs FALCONER/plover @ arena 491 — series: OKONKWO 0 — 3 FALCONER (20260610-182459-OKONKWO-reaper-vs-FALCONER-plover)
2026-06-10T18:25:00.739Z [sparring] worker 0: LERNA/hydra vs VERONICA/matador @ arena 484 — series: LERNA 1 — 2 VERONICA (20260610-182500-LERNA-hydra-vs-VERONICA-matador)
2026-06-10T18:25:01.681Z [sparring] worker 1: ESCA/angler vs OKONKWO/reaper @ arena 277 — series: ESCA 3 — 0 OKONKWO (20260610-182501-ESCA-angler-vs-OKONKWO-reaper)
2026-06-10T18:25:04.319Z [sparring] worker 2: DISCIPLE/disciple vs FALCONER/kestrel @ arena 375 — series: DISCIPLE 0 — 3 FALCONER (20260610-182504-DISCIPLE-disciple-vs-FALCONER-kestrel)
2026-06-10T18:25:05.173Z [sparring] worker 0: FALCONER/shrike vs OKONKWO/reaper @ arena 450 — series: FALCONER 3 — 0 OKONKWO (20260610-182504-FALCONER-shrike-vs-OKONKWO-reaper)
2026-06-10T18:25:05.623Z [sparring] worker 1: VERONICA/matador vs AKELA/wolf @ arena 527 — series: VERONICA 0 — 2 AKELA (20260610-182505-VERONICA-matador-vs-AKELA-wolf)
2026-06-10T18:25:08.352Z [sparring] worker 2: VERONICA/matador vs VEGA/pilot @ arena 169 — series: VERONICA 2 — 1 VEGA (20260610-182508-VERONICA-matador-vs-VEGA-pilot)
2026-06-10T18:25:10.354Z [sparring] worker 0: LERNA/hydra vs FALCONER/shrike @ arena 350 — series: LERNA 0 — 2 FALCONER (20260610-182510-LERNA-hydra-vs-FALCONER-shrike)
2026-06-10T18:25:10.563Z [sparring] worker 1: DISCIPLE/disciple vs VERONICA/matador @ arena 86 — series: DISCIPLE 0 — 3 VERONICA (20260610-182510-DISCIPLE-disciple-vs-VERONICA-matador)
2026-06-10T18:25:12.482Z [sparring] worker 2: VERONICA/matador vs FALCONER/kestrel @ arena 461 — series: VERONICA 1 — 1 FALCONER (20260610-182512-VERONICA-matador-vs-FALCONER-kestrel)
2026-06-10T18:25:15.199Z [sparring] worker 1: ESCA/angler vs FALCONER/kestrel @ arena 698 — series: ESCA 3 — 0 FALCONER (20260610-182514-ESCA-angler-vs-FALCONER-kestrel)
2026-06-10T18:25:15.423Z [sparring] worker 0: LERNA/hydra vs VEGA/pilot @ arena 877 — series: LERNA 3 — 0 VEGA (20260610-182515-LERNA-hydra-vs-VEGA-pilot)
2026-06-10T18:25:16.761Z [sparring] worker 2: VERONICA/matador vs LERNA/hydra @ arena 906 — series: VERONICA 2 — 1 LERNA (20260610-182516-VERONICA-matador-vs-LERNA-hydra)
2026-06-10T18:25:19.533Z [sparring] worker 1: AKELA/wolf vs BELMONTE/cuadrilla @ arena 952 — series: AKELA 0 — 3 BELMONTE (20260610-182519-AKELA-wolf-vs-BELMONTE-cuadrilla)
2026-06-10T18:25:19.700Z [sparring] worker 0: FALCONER/shrike vs AKELA/wolf @ arena 541 — series: FALCONER 2 — 1 AKELA (20260610-182519-FALCONER-shrike-vs-AKELA-wolf)
2026-06-10T18:25:22.513Z [sparring] worker 2: DISCIPLE/disciple vs BLACKFISH/orca @ arena 732 — series: DISCIPLE 0 — 3 BLACKFISH (20260610-182522-DISCIPLE-disciple-vs-BLACKFISH-orca)
2026-06-10T18:25:24.046Z [sparring] worker 0: LERNA/hydra vs OKONKWO/reaper @ arena 695 — series: LERNA 3 — 0 OKONKWO (20260610-182523-LERNA-hydra-vs-OKONKWO-reaper)
2026-06-10T18:25:24.733Z [sparring] worker 1: DISCIPLE/disciple vs FALCONER/kestrel @ arena 354 — series: DISCIPLE 0 — 3 FALCONER (20260610-182524-DISCIPLE-disciple-vs-FALCONER-kestrel)
2026-06-10T18:25:27.254Z [sparring] worker 2: LERNA/hydra vs ESCA/angler @ arena 158 — series: LERNA 0 — 3 ESCA (20260610-182526-LERNA-hydra-vs-ESCA-angler)
2026-06-10T18:25:28.802Z [sparring] worker 0: BELMONTE/cuadrilla vs MIMIC/neural @ arena 202 — series: BELMONTE 3 — 0 MIMIC (20260610-182528-BELMONTE-cuadrilla-vs-MIMIC-neural)
2026-06-10T18:25:29.288Z [sparring] worker 1: OKONKWO/reaper vs FALCONER/plover @ arena 373 — series: OKONKWO 0 — 3 FALCONER (20260610-182528-OKONKWO-reaper-vs-FALCONER-plover)
2026-06-10T18:25:31.685Z [sparring] worker 2: FALCONER/shrike vs VERONICA/matador @ arena 64 — series: FALCONER 1 — 2 VERONICA (20260610-182531-FALCONER-shrike-vs-VERONICA-matador)
2026-06-10T18:25:34.405Z [sparring] worker 0: VERONICA/matador vs BELMONTE/cuadrilla @ arena 734 — series: VERONICA 0 — 3 BELMONTE (20260610-182534-VERONICA-matador-vs-BELMONTE-cuadrilla)
2026-06-10T18:25:34.495Z [sparring] worker 1: MIMIC/neural vs BLACKFISH/orca @ arena 652 — series: MIMIC 0 — 3 BLACKFISH (20260610-182534-MIMIC-neural-vs-BLACKFISH-orca)
2026-06-10T18:25:36.287Z [sparring] worker 2: FALCONER/shrike vs FALCONER/plover @ arena 546 — series: FALCONER 2 — 1 FALCONER (20260610-182535-FALCONER-shrike-vs-FALCONER-plover)
2026-06-10T18:25:39.563Z [sparring] worker 0: VEGA/pilot vs OKONKWO/reaper @ arena 323 — series: VEGA 3 — 0 OKONKWO (20260610-182539-VEGA-pilot-vs-OKONKWO-reaper)
2026-06-10T18:25:40.559Z [sparring] worker 1: FALCONER/shrike vs ESCA/angler @ arena 645 — series: FALCONER 0 — 3 ESCA (20260610-182540-FALCONER-shrike-vs-ESCA-angler)
2026-06-10T18:25:42.299Z [sparring] worker 2: FALCONER/plover vs BLACKFISH/orca @ arena 288 — series: FALCONER 0 — 3 BLACKFISH (20260610-182541-FALCONER-plover-vs-BLACKFISH-orca)
2026-06-10T18:25:43.985Z [sparring] worker 0: ESCA/angler vs MIMIC/neural @ arena 475 — series: ESCA 3 — 0 MIMIC (20260610-182543-ESCA-angler-vs-MIMIC-neural)
2026-06-10T18:25:45.727Z [sparring] worker 1: BLACKFISH/orca vs FALCONER/shrike @ arena 253 — series: BLACKFISH 3 — 0 FALCONER (20260610-182545-BLACKFISH-orca-vs-FALCONER-shrike)
2026-06-10T18:25:46.595Z [sparring] worker 2: ESCA/angler vs LERNA/hydra @ arena 434 — series: ESCA 3 — 0 LERNA (20260610-182546-ESCA-angler-vs-LERNA-hydra)
2026-06-10T18:25:47.804Z [sparring] worker 0: VERONICA/matador vs AKELA/wolf @ arena 143 — series: VERONICA 0 — 3 AKELA (20260610-182547-VERONICA-matador-vs-AKELA-wolf)
2026-06-10T18:25:50.308Z [sparring] worker 2: VERONICA/matador vs FALCONER/kestrel @ arena 338 — series: VERONICA 3 — 0 FALCONER (20260610-182550-VERONICA-matador-vs-FALCONER-kestrel)
2026-06-10T18:25:50.339Z [sparring] worker 1: MIMIC/neural vs FALCONER/plover @ arena 882 — series: MIMIC 0 — 3 FALCONER (20260610-182550-MIMIC-neural-vs-FALCONER-plover)
2026-06-10T18:25:52.737Z [sparring] worker 0: DISCIPLE/disciple vs OKONKWO/reaper @ arena 59 — series: DISCIPLE 0 — 3 OKONKWO (20260610-182552-DISCIPLE-disciple-vs-OKONKWO-reaper)
2026-06-10T18:25:55.268Z [sparring] worker 2: AKELA/wolf vs DISCIPLE/disciple @ arena 641 — series: AKELA 3 — 0 DISCIPLE (20260610-182554-AKELA-wolf-vs-DISCIPLE-disciple)
2026-06-10T18:25:56.145Z [sparring] worker 1: MIMIC/neural vs BELMONTE/cuadrilla @ arena 215 — series: MIMIC 0 — 3 BELMONTE (20260610-182555-MIMIC-neural-vs-BELMONTE-cuadrilla)
2026-06-10T18:25:57.151Z [sparring] worker 0: FALCONER/plover vs VEGA/pilot @ arena 831 — series: FALCONER 3 — 0 VEGA (20260610-182556-FALCONER-plover-vs-VEGA-pilot)
2026-06-10T18:26:00.533Z [sparring] worker 2: BELMONTE/cuadrilla vs AKELA/wolf @ arena 636 — series: BELMONTE 2 — 0 AKELA (20260610-182600-BELMONTE-cuadrilla-vs-AKELA-wolf)
2026-06-10T18:26:01.176Z [sparring] worker 1: DISCIPLE/disciple vs FALCONER/plover @ arena 473 — series: DISCIPLE 0 — 3 FALCONER (20260610-182600-DISCIPLE-disciple-vs-FALCONER-plover)
2026-06-10T18:26:01.461Z [sparring] worker 0: BLACKFISH/orca vs AKELA/wolf @ arena 554 — series: BLACKFISH 2 — 0 AKELA (20260610-182601-BLACKFISH-orca-vs-AKELA-wolf)
2026-06-10T18:26:04.802Z [sparring] worker 2: MIMIC/neural vs VERONICA/matador @ arena 622 — series: MIMIC 0 — 3 VERONICA (20260610-182604-MIMIC-neural-vs-VERONICA-matador)
2026-06-10T18:26:06.758Z [sparring] worker 0: ESCA/angler vs DISCIPLE/disciple @ arena 476 — series: ESCA 3 — 0 DISCIPLE (20260610-182606-ESCA-angler-vs-DISCIPLE-disciple)
2026-06-10T18:26:07.067Z [sparring] worker 1: BELMONTE/cuadrilla vs OKONKWO/reaper @ arena 963 — series: BELMONTE 3 — 0 OKONKWO (20260610-182606-BELMONTE-cuadrilla-vs-OKONKWO-reaper)
2026-06-10T18:26:09.555Z [sparring] worker 2: FALCONER/shrike vs VEGA/pilot @ arena 284 — series: FALCONER 3 — 0 VEGA (20260610-182609-FALCONER-shrike-vs-VEGA-pilot)
2026-06-10T18:26:10.973Z [sparring] worker 0: FALCONER/kestrel vs OKONKWO/reaper @ arena 36 — series: FALCONER 3 — 0 OKONKWO (20260610-182610-FALCONER-kestrel-vs-OKONKWO-reaper)
2026-06-10T18:26:13.472Z [sparring] worker 1: BLACKFISH/orca vs DISCIPLE/disciple @ arena 508 — series: BLACKFISH 3 — 0 DISCIPLE (20260610-182613-BLACKFISH-orca-vs-DISCIPLE-disciple)
2026-06-10T18:26:13.890Z [sparring] worker 2: BLACKFISH/orca vs VERONICA/matador @ arena 324 — series: BLACKFISH 3 — 0 VERONICA (20260610-182613-BLACKFISH-orca-vs-VERONICA-matador)
2026-06-10T18:26:15.036Z [sparring] worker 0: VERONICA/matador vs MIMIC/neural @ arena 948 — series: VERONICA 3 — 0 MIMIC (20260610-182614-VERONICA-matador-vs-MIMIC-neural)
2026-06-10T18:26:18.289Z [sparring] worker 2: FALCONER/shrike vs MIMIC/neural @ arena 509 — series: FALCONER 3 — 0 MIMIC (20260610-182617-FALCONER-shrike-vs-MIMIC-neural)
2026-06-10T18:26:19.196Z [sparring] worker 1: FALCONER/shrike vs BELMONTE/cuadrilla @ arena 884 — series: FALCONER 0 — 3 BELMONTE (20260610-182618-FALCONER-shrike-vs-BELMONTE-cuadrilla)
2026-06-10T18:26:19.592Z [sparring] worker 0: VERONICA/matador vs FALCONER/shrike @ arena 28 — series: VERONICA 2 — 1 FALCONER (20260610-182619-VERONICA-matador-vs-FALCONER-shrike)
2026-06-10T18:26:22.908Z [sparring] worker 2: MIMIC/neural vs VEGA/pilot @ arena 971 — series: MIMIC 0 — 3 VEGA (20260610-182622-MIMIC-neural-vs-VEGA-pilot)
2026-06-10T18:26:23.329Z [sparring] worker 1: VERONICA/matador vs LERNA/hydra @ arena 912 — series: VERONICA 2 — 1 LERNA (20260610-182622-VERONICA-matador-vs-LERNA-hydra)
2026-06-10T18:26:23.891Z [sparring] worker 0: AKELA/wolf vs LERNA/hydra @ arena 375 — series: AKELA 3 — 0 LERNA (20260610-182623-AKELA-wolf-vs-LERNA-hydra)
2026-06-10T18:26:28.088Z [sparring] worker 1: MIMIC/neural vs LERNA/hydra @ arena 55 — series: MIMIC 0 — 3 LERNA (20260610-182627-MIMIC-neural-vs-LERNA-hydra)
2026-06-10T18:26:28.093Z [sparring] worker 2: ESCA/angler vs MIMIC/neural @ arena 353 — series: ESCA 3 — 0 MIMIC (20260610-182627-ESCA-angler-vs-MIMIC-neural)
2026-06-10T18:26:29.140Z [sparring] worker 0: BELMONTE/cuadrilla vs MIMIC/neural @ arena 345 — series: BELMONTE 3 — 0 MIMIC (20260610-182628-BELMONTE-cuadrilla-vs-MIMIC-neural)
2026-06-10T18:26:32.965Z [sparring] worker 2: FALCONER/plover vs VERONICA/matador @ arena 430 — series: FALCONER 1 — 2 VERONICA (20260610-182632-FALCONER-plover-vs-VERONICA-matador)
2026-06-10T18:26:33.882Z [sparring] worker 0: LERNA/hydra vs MIMIC/neural @ arena 680 — series: LERNA 3 — 0 MIMIC (20260610-182633-LERNA-hydra-vs-MIMIC-neural)
2026-06-10T18:26:33.884Z [sparring] worker 1: BELMONTE/cuadrilla vs FALCONER/plover @ arena 738 — series: BELMONTE 3 — 0 FALCONER (20260610-182633-BELMONTE-cuadrilla-vs-FALCONER-plover)
2026-06-10T18:26:37.465Z [sparring] worker 2: AKELA/wolf vs MIMIC/neural @ arena 222 — series: AKELA 3 — 0 MIMIC (20260610-182637-AKELA-wolf-vs-MIMIC-neural)
2026-06-10T18:26:38.892Z [sparring] worker 1: FALCONER/plover vs VEGA/pilot @ arena 808 — series: FALCONER 3 — 0 VEGA (20260610-182638-FALCONER-plover-vs-VEGA-pilot)
2026-06-10T18:26:39.349Z [sparring] worker 0: DISCIPLE/disciple vs FALCONER/kestrel @ arena 115 — series: DISCIPLE 0 — 3 FALCONER (20260610-182639-DISCIPLE-disciple-vs-FALCONER-kestrel)
2026-06-10T18:26:42.208Z [sparring] worker 2: BELMONTE/cuadrilla vs FALCONER/shrike @ arena 784 — series: BELMONTE 3 — 0 FALCONER (20260610-182641-BELMONTE-cuadrilla-vs-FALCONER-shrike)
2026-06-10T18:26:43.424Z [sparring] worker 0: AKELA/wolf vs FALCONER/plover @ arena 646 — series: AKELA 2 — 1 FALCONER (20260610-182643-AKELA-wolf-vs-FALCONER-plover)
2026-06-10T18:26:43.627Z [sparring] worker 1: FALCONER/shrike vs OKONKWO/reaper @ arena 942 — series: FALCONER 3 — 0 OKONKWO (20260610-182643-FALCONER-shrike-vs-OKONKWO-reaper)
2026-06-10T18:26:46.957Z [sparring] worker 2: BELMONTE/cuadrilla vs ESCA/angler @ arena 257 — series: BELMONTE 2 — 1 ESCA (20260610-182646-BELMONTE-cuadrilla-vs-ESCA-angler)
2026-06-10T18:26:48.268Z [sparring] worker 1: FALCONER/plover vs VERONICA/matador @ arena 67 — series: FALCONER 2 — 1 VERONICA (20260610-182647-FALCONER-plover-vs-VERONICA-matador)
2026-06-10T18:26:49.132Z [sparring] worker 0: DISCIPLE/disciple vs ESCA/angler @ arena 174 — series: DISCIPLE 0 — 3 ESCA (20260610-182648-DISCIPLE-disciple-vs-ESCA-angler)
2026-06-10T18:26:51.202Z [sparring] worker 2: MIMIC/neural vs OKONKWO/reaper @ arena 984 — series: MIMIC 0 — 3 OKONKWO (20260610-182650-MIMIC-neural-vs-OKONKWO-reaper)
2026-06-10T18:26:53.853Z [sparring] worker 1: BLACKFISH/orca vs DISCIPLE/disciple @ arena 733 — series: BLACKFISH 3 — 0 DISCIPLE (20260610-182653-BLACKFISH-orca-vs-DISCIPLE-disciple)
2026-06-10T18:26:54.335Z [sparring] worker 0: DISCIPLE/disciple vs VEGA/pilot @ arena 593 — series: DISCIPLE 0 — 3 VEGA (20260610-182653-DISCIPLE-disciple-vs-VEGA-pilot)
2026-06-10T18:26:55.940Z [sparring] worker 2: VEGA/pilot vs BELMONTE/cuadrilla @ arena 103 — series: VEGA 0 — 3 BELMONTE (20260610-182655-VEGA-pilot-vs-BELMONTE-cuadrilla)
2026-06-10T18:26:58.596Z [sparring] worker 1: FALCONER/shrike vs MIMIC/neural @ arena 593 — series: FALCONER 3 — 0 MIMIC (20260610-182658-FALCONER-shrike-vs-MIMIC-neural)
2026-06-10T18:26:58.670Z [sparring] worker 0: FALCONER/plover vs VERONICA/matador @ arena 437 — series: FALCONER 0 — 3 VERONICA (20260610-182658-FALCONER-plover-vs-VERONICA-matador)
2026-06-10T18:27:00.917Z [sparring] worker 2: BLACKFISH/orca vs LERNA/hydra @ arena 992 — series: BLACKFISH 3 — 0 LERNA (20260610-182700-BLACKFISH-orca-vs-LERNA-hydra)
2026-06-10T18:27:02.932Z [sparring] worker 1: FALCONER/kestrel vs ESCA/angler @ arena 408 — series: FALCONER 0 — 3 ESCA (20260610-182702-FALCONER-kestrel-vs-ESCA-angler)
2026-06-10T18:27:03.465Z [sparring] worker 0: DISCIPLE/disciple vs AKELA/wolf @ arena 24 — series: DISCIPLE 0 — 3 AKELA (20260610-182703-DISCIPLE-disciple-vs-AKELA-wolf)
2026-06-10T18:27:05.473Z [sparring] worker 2: MIMIC/neural vs VERONICA/matador @ arena 446 — series: MIMIC 0 — 3 VERONICA (20260610-182705-MIMIC-neural-vs-VERONICA-matador)
2026-06-10T18:27:07.359Z [sparring] worker 1: FALCONER/plover vs VERONICA/matador @ arena 844 — series: FALCONER 1 — 1 VERONICA (20260610-182707-FALCONER-plover-vs-VERONICA-matador)
2026-06-10T18:27:08.067Z [sparring] worker 0: VEGA/pilot vs FALCONER/shrike @ arena 252 — series: VEGA 0 — 3 FALCONER (20260610-182707-VEGA-pilot-vs-FALCONER-shrike)
2026-06-10T18:27:09.607Z [sparring] worker 2: VERONICA/matador vs MIMIC/neural @ arena 401 — series: VERONICA 3 — 0 MIMIC (20260610-182709-VERONICA-matador-vs-MIMIC-neural)
2026-06-10T18:27:12.427Z [sparring] worker 0: FALCONER/kestrel vs OKONKWO/reaper @ arena 942 — series: FALCONER 3 — 0 OKONKWO (20260610-182712-FALCONER-kestrel-vs-OKONKWO-reaper)
2026-06-10T18:27:13.305Z [sparring] worker 1: LERNA/hydra vs BELMONTE/cuadrilla @ arena 894 — series: LERNA 0 — 3 BELMONTE (20260610-182712-LERNA-hydra-vs-BELMONTE-cuadrilla)
2026-06-10T18:27:13.678Z [sparring] worker 2: FALCONER/shrike vs AKELA/wolf @ arena 452 — series: FALCONER 0 — 3 AKELA (20260610-182713-FALCONER-shrike-vs-AKELA-wolf)
2026-06-10T18:27:17.295Z [sparring] worker 0: VEGA/pilot vs DISCIPLE/disciple @ arena 435 — series: VEGA 3 — 0 DISCIPLE (20260610-182716-VEGA-pilot-vs-DISCIPLE-disciple)
2026-06-10T18:27:18.025Z [sparring] worker 1: FALCONER/kestrel vs BELMONTE/cuadrilla @ arena 338 — series: FALCONER 0 — 3 BELMONTE (20260610-182717-FALCONER-kestrel-vs-BELMONTE-cuadrilla)
2026-06-10T18:27:18.182Z [sparring] worker 2: FALCONER/shrike vs ESCA/angler @ arena 943 — series: FALCONER 1 — 2 ESCA (20260610-182717-FALCONER-shrike-vs-ESCA-angler)
2026-06-10T18:27:22.813Z [sparring] worker 1: FALCONER/plover vs AKELA/wolf @ arena 323 — series: FALCONER 0 — 3 AKELA (20260610-182722-FALCONER-plover-vs-AKELA-wolf)
2026-06-10T18:27:23.388Z [sparring] worker 2: FALCONER/shrike vs MIMIC/neural @ arena 230 — series: FALCONER 3 — 0 MIMIC (20260610-182722-FALCONER-shrike-vs-MIMIC-neural)
2026-06-10T18:27:23.479Z [sparring] worker 0: BLACKFISH/orca vs OKONKWO/reaper @ arena 959 — series: BLACKFISH 3 — 0 OKONKWO (20260610-182723-BLACKFISH-orca-vs-OKONKWO-reaper)
2026-06-10T18:27:27.003Z [sparring] worker 1: FALCONER/kestrel vs AKELA/wolf @ arena 460 — series: FALCONER 0 — 3 AKELA (20260610-182726-FALCONER-kestrel-vs-AKELA-wolf)
2026-06-10T18:27:27.564Z [sparring] worker 2: FALCONER/kestrel vs VEGA/pilot @ arena 845 — series: FALCONER 1 — 2 VEGA (20260610-182727-FALCONER-kestrel-vs-VEGA-pilot)
2026-06-10T18:27:28.587Z [sparring] worker 0: AKELA/wolf vs FALCONER/plover @ arena 174 — series: AKELA 2 — 0 FALCONER (20260610-182728-AKELA-wolf-vs-FALCONER-plover)
2026-06-10T18:27:32.148Z [sparring] worker 1: LERNA/hydra vs VERONICA/matador @ arena 275 — series: LERNA 2 — 1 VERONICA (20260610-182731-LERNA-hydra-vs-VERONICA-matador)
2026-06-10T18:27:32.301Z [sparring] worker 2: OKONKWO/reaper vs BELMONTE/cuadrilla @ arena 385 — series: OKONKWO 0 — 3 BELMONTE (20260610-182731-OKONKWO-reaper-vs-BELMONTE-cuadrilla)
2026-06-10T18:27:33.785Z [sparring] worker 0: DISCIPLE/disciple vs BELMONTE/cuadrilla @ arena 600 — series: DISCIPLE 0 — 3 BELMONTE (20260610-182733-DISCIPLE-disciple-vs-BELMONTE-cuadrilla)
2026-06-10T18:27:36.465Z [sparring] worker 2: VERONICA/matador vs OKONKWO/reaper @ arena 413 — series: VERONICA 3 — 0 OKONKWO (20260610-182736-VERONICA-matador-vs-OKONKWO-reaper)
2026-06-10T18:27:36.709Z [sparring] worker 1: VEGA/pilot vs MIMIC/neural @ arena 599 — series: VEGA 3 — 0 MIMIC (20260610-182736-VEGA-pilot-vs-MIMIC-neural)
2026-06-10T18:27:38.093Z [sparring] worker 0: VEGA/pilot vs VERONICA/matador @ arena 589 — series: VEGA 0 — 3 VERONICA (20260610-182737-VEGA-pilot-vs-VERONICA-matador)
2026-06-10T18:27:42.039Z [sparring] worker 0: AKELA/wolf vs VEGA/pilot @ arena 296 — series: AKELA 3 — 0 VEGA (20260610-182741-AKELA-wolf-vs-VEGA-pilot)
2026-06-10T18:27:42.155Z [sparring] worker 1: BELMONTE/cuadrilla vs DISCIPLE/disciple @ arena 810 — series: BELMONTE 3 — 0 DISCIPLE (20260610-182741-BELMONTE-cuadrilla-vs-DISCIPLE-disciple)
2026-06-10T18:27:42.677Z [sparring] worker 2: BLACKFISH/orca vs BELMONTE/cuadrilla @ arena 456 — series: BLACKFISH 1 — 2 BELMONTE (20260610-182742-BLACKFISH-orca-vs-BELMONTE-cuadrilla)
2026-06-10T18:27:46.673Z [sparring] worker 0: LERNA/hydra vs AKELA/wolf @ arena 660 — series: LERNA 0 — 2 AKELA (20260610-182746-LERNA-hydra-vs-AKELA-wolf)
2026-06-10T18:27:47.114Z [sparring] worker 1: FALCONER/plover vs LERNA/hydra @ arena 560 — series: FALCONER 2 — 1 LERNA (20260610-182746-FALCONER-plover-vs-LERNA-hydra)
2026-06-10T18:27:47.623Z [sparring] worker 2: FALCONER/kestrel vs BLACKFISH/orca @ arena 443 — series: FALCONER 0 — 3 BLACKFISH (20260610-182747-FALCONER-kestrel-vs-BLACKFISH-orca)
2026-06-10T18:27:51.842Z [sparring] worker 0: LERNA/hydra vs DISCIPLE/disciple @ arena 445 — series: LERNA 3 — 0 DISCIPLE (20260610-182751-LERNA-hydra-vs-DISCIPLE-disciple)
2026-06-10T18:27:52.232Z [sparring] worker 1: VERONICA/matador vs BELMONTE/cuadrilla @ arena 285 — series: VERONICA 0 — 3 BELMONTE (20260610-182751-VERONICA-matador-vs-BELMONTE-cuadrilla)
2026-06-10T18:27:52.773Z [sparring] worker 2: BLACKFISH/orca vs MIMIC/neural @ arena 272 — series: BLACKFISH 3 — 0 MIMIC (20260610-182752-BLACKFISH-orca-vs-MIMIC-neural)
2026-06-10T18:27:57.452Z [sparring] worker 1: FALCONER/plover vs ESCA/angler @ arena 83 — series: FALCONER 0 — 3 ESCA (20260610-182757-FALCONER-plover-vs-ESCA-angler)
2026-06-10T18:27:58.309Z [sparring] worker 0: BELMONTE/cuadrilla vs BLACKFISH/orca @ arena 314 — series: BELMONTE 2 — 1 BLACKFISH (20260610-182757-BELMONTE-cuadrilla-vs-BLACKFISH-orca)
2026-06-10T18:27:58.315Z [sparring] worker 2: OKONKWO/reaper vs BELMONTE/cuadrilla @ arena 238 — series: OKONKWO 0 — 3 BELMONTE (20260610-182757-OKONKWO-reaper-vs-BELMONTE-cuadrilla)
2026-06-10T18:28:02.246Z [sparring] worker 1: FALCONER/kestrel vs LERNA/hydra @ arena 928 — series: FALCONER 3 — 0 LERNA (20260610-182801-FALCONER-kestrel-vs-LERNA-hydra)
2026-06-10T18:28:02.743Z [sparring] worker 0: OKONKWO/reaper vs MIMIC/neural @ arena 741 — series: OKONKWO 3 — 0 MIMIC (20260610-182802-OKONKWO-reaper-vs-MIMIC-neural)
2026-06-10T18:28:04.562Z [sparring] worker 2: BELMONTE/cuadrilla vs FALCONER/shrike @ arena 222 — series: BELMONTE 2 — 0 FALCONER (20260610-182804-BELMONTE-cuadrilla-vs-FALCONER-shrike)
2026-06-10T18:28:07.578Z [sparring] worker 1: AKELA/wolf vs BLACKFISH/orca @ arena 479 — series: AKELA 0 — 3 BLACKFISH (20260610-182807-AKELA-wolf-vs-BLACKFISH-orca)
2026-06-10T18:28:08.562Z [sparring] worker 0: DISCIPLE/disciple vs BELMONTE/cuadrilla @ arena 199 — series: DISCIPLE 0 — 3 BELMONTE (20260610-182808-DISCIPLE-disciple-vs-BELMONTE-cuadrilla)
2026-06-10T18:28:09.863Z [sparring] worker 2: DISCIPLE/disciple vs OKONKWO/reaper @ arena 104 — series: DISCIPLE 0 — 3 OKONKWO (20260610-182809-DISCIPLE-disciple-vs-OKONKWO-reaper)
2026-06-10T18:28:12.729Z [sparring] worker 1: BLACKFISH/orca vs LERNA/hydra @ arena 309 — series: BLACKFISH 3 — 0 LERNA (20260610-182812-BLACKFISH-orca-vs-LERNA-hydra)
2026-06-10T18:28:13.379Z [sparring] worker 0: VEGA/pilot vs FALCONER/plover @ arena 686 — series: VEGA 0 — 3 FALCONER (20260610-182813-VEGA-pilot-vs-FALCONER-plover)
2026-06-10T18:28:13.873Z [sparring] worker 2: FALCONER/kestrel vs VERONICA/matador @ arena 345 — series: FALCONER 0 — 3 VERONICA (20260610-182813-FALCONER-kestrel-vs-VERONICA-matador)
2026-06-10T18:28:17.214Z [sparring] worker 1: FALCONER/shrike vs FALCONER/kestrel @ arena 895 — series: FALCONER 2 — 1 FALCONER (20260610-182816-FALCONER-shrike-vs-FALCONER-kestrel)
2026-06-10T18:28:18.515Z [sparring] worker 2: FALCONER/plover vs BLACKFISH/orca @ arena 387 — series: FALCONER 0 — 3 BLACKFISH (20260610-182818-FALCONER-plover-vs-BLACKFISH-orca)
2026-06-10T18:28:19.378Z [sparring] worker 0: FALCONER/plover vs BELMONTE/cuadrilla @ arena 629 — series: FALCONER 0 — 3 BELMONTE (20260610-182819-FALCONER-plover-vs-BELMONTE-cuadrilla)
2026-06-10T18:28:22.702Z [sparring] worker 1: MIMIC/neural vs BELMONTE/cuadrilla @ arena 879 — series: MIMIC 0 — 3 BELMONTE (20260610-182822-MIMIC-neural-vs-BELMONTE-cuadrilla)
2026-06-10T18:28:22.880Z [sparring] worker 2: MIMIC/neural vs FALCONER/plover @ arena 602 — series: MIMIC 0 — 3 FALCONER (20260610-182822-MIMIC-neural-vs-FALCONER-plover)
2026-06-10T18:28:24.192Z [sparring] worker 0: BLACKFISH/orca vs VERONICA/matador @ arena 490 — series: BLACKFISH 3 — 0 VERONICA (20260610-182823-BLACKFISH-orca-vs-VERONICA-matador)
2026-06-10T18:28:26.978Z [sparring] worker 1: FALCONER/kestrel vs MIMIC/neural @ arena 60 — series: FALCONER 3 — 0 MIMIC (20260610-182826-FALCONER-kestrel-vs-MIMIC-neural)
2026-06-10T18:28:28.630Z [sparring] worker 2: OKONKWO/reaper vs BLACKFISH/orca @ arena 28 — series: OKONKWO 0 — 3 BLACKFISH (20260610-182828-OKONKWO-reaper-vs-BLACKFISH-orca)
2026-06-10T18:28:28.902Z [sparring] worker 0: AKELA/wolf vs BELMONTE/cuadrilla @ arena 542 — series: AKELA 0 — 3 BELMONTE (20260610-182828-AKELA-wolf-vs-BELMONTE-cuadrilla)
2026-06-10T18:28:33.296Z [sparring] worker 1: BLACKFISH/orca vs DISCIPLE/disciple @ arena 666 — series: BLACKFISH 3 — 0 DISCIPLE (20260610-182832-BLACKFISH-orca-vs-DISCIPLE-disciple)
2026-06-10T18:28:33.424Z [sparring] worker 0: MIMIC/neural vs AKELA/wolf @ arena 773 — series: MIMIC 0 — 3 AKELA (20260610-182833-MIMIC-neural-vs-AKELA-wolf)
2026-06-10T18:28:33.757Z [sparring] worker 2: OKONKWO/reaper vs MIMIC/neural @ arena 870 — series: OKONKWO 3 — 0 MIMIC (20260610-182833-OKONKWO-reaper-vs-MIMIC-neural)
2026-06-10T18:28:37.692Z [sparring] worker 1: FALCONER/kestrel vs ESCA/angler @ arena 48 — series: FALCONER 0 — 3 ESCA (20260610-182837-FALCONER-kestrel-vs-ESCA-angler)
2026-06-10T18:28:37.944Z [sparring] worker 0: AKELA/wolf vs FALCONER/shrike @ arena 451 — series: AKELA 3 — 0 FALCONER (20260610-182837-AKELA-wolf-vs-FALCONER-shrike)
2026-06-10T18:28:39.953Z [sparring] worker 2: FALCONER/plover vs BLACKFISH/orca @ arena 69 — series: FALCONER 0 — 3 BLACKFISH (20260610-182839-FALCONER-plover-vs-BLACKFISH-orca)
2026-06-10T18:28:42.671Z [sparring] worker 1: BELMONTE/cuadrilla vs VERONICA/matador @ arena 166 — series: BELMONTE 3 — 0 VERONICA (20260610-182842-BELMONTE-cuadrilla-vs-VERONICA-matador)
2026-06-10T18:28:43.091Z [sparring] worker 0: BELMONTE/cuadrilla vs VERONICA/matador @ arena 512 — series: BELMONTE 3 — 0 VERONICA (20260610-182842-BELMONTE-cuadrilla-vs-VERONICA-matador)
2026-06-10T18:28:45.158Z [sparring] worker 2: BLACKFISH/orca vs BELMONTE/cuadrilla @ arena 411 — series: BLACKFISH 0 — 2 BELMONTE (20260610-182844-BLACKFISH-orca-vs-BELMONTE-cuadrilla)
2026-06-10T18:28:47.791Z [sparring] worker 0: VERONICA/matador vs FALCONER/kestrel @ arena 73 — series: VERONICA 2 — 1 FALCONER (20260610-182847-VERONICA-matador-vs-FALCONER-kestrel)
2026-06-10T18:28:47.950Z [sparring] worker 1: BLACKFISH/orca vs MIMIC/neural @ arena 760 — series: BLACKFISH 3 — 0 MIMIC (20260610-182847-BLACKFISH-orca-vs-MIMIC-neural)
2026-06-10T18:28:49.657Z [sparring] worker 2: VERONICA/matador vs LERNA/hydra @ arena 579 — series: VERONICA 1 — 1 LERNA (20260610-182849-VERONICA-matador-vs-LERNA-hydra)
2026-06-10T18:28:52.675Z [sparring] worker 1: FALCONER/shrike vs BELMONTE/cuadrilla @ arena 422 — series: FALCONER 0 — 3 BELMONTE (20260610-182852-FALCONER-shrike-vs-BELMONTE-cuadrilla)
2026-06-10T18:28:53.109Z [sparring] worker 0: LERNA/hydra vs BLACKFISH/orca @ arena 402 — series: LERNA 0 — 3 BLACKFISH (20260610-182852-LERNA-hydra-vs-BLACKFISH-orca)
2026-06-10T18:28:54.530Z [sparring] worker 2: VEGA/pilot vs BLACKFISH/orca @ arena 832 — series: VEGA 0 — 3 BLACKFISH (20260610-182854-VEGA-pilot-vs-BLACKFISH-orca)
2026-06-10T18:28:58.143Z [sparring] worker 1: FALCONER/plover vs BELMONTE/cuadrilla @ arena 818 — series: FALCONER 0 — 3 BELMONTE (20260610-182857-FALCONER-plover-vs-BELMONTE-cuadrilla)
2026-06-10T18:28:58.296Z [sparring] worker 0: VEGA/pilot vs BLACKFISH/orca @ arena 874 — series: VEGA 0 — 3 BLACKFISH (20260610-182857-VEGA-pilot-vs-BLACKFISH-orca)
2026-06-10T18:28:59.208Z [sparring] worker 2: FALCONER/kestrel vs VEGA/pilot @ arena 988 — series: FALCONER 2 — 1 VEGA (20260610-182858-FALCONER-kestrel-vs-VEGA-pilot)
2026-06-10T18:29:02.336Z [sparring] worker 1: VERONICA/matador vs OKONKWO/reaper @ arena 565 — series: VERONICA 3 — 0 OKONKWO (20260610-182902-VERONICA-matador-vs-OKONKWO-reaper)
2026-06-10T18:29:04.256Z [sparring] worker 0: BELMONTE/cuadrilla vs OKONKWO/reaper @ arena 499 — series: BELMONTE 3 — 0 OKONKWO (20260610-182903-BELMONTE-cuadrilla-vs-OKONKWO-reaper)
2026-06-10T18:29:04.731Z [sparring] worker 2: ESCA/angler vs DISCIPLE/disciple @ arena 677 — series: ESCA 3 — 0 DISCIPLE (20260610-182904-ESCA-angler-vs-DISCIPLE-disciple)
2026-06-10T18:29:07.213Z [sparring] worker 1: LERNA/hydra vs VEGA/pilot @ arena 178 — series: LERNA 3 — 0 VEGA (20260610-182906-LERNA-hydra-vs-VEGA-pilot)
2026-06-10T18:29:08.718Z [sparring] worker 0: LERNA/hydra vs OKONKWO/reaper @ arena 649 — series: LERNA 3 — 0 OKONKWO (20260610-182908-LERNA-hydra-vs-OKONKWO-reaper)
2026-06-10T18:29:09.185Z [sparring] worker 2: FALCONER/plover vs LERNA/hydra @ arena 298 — series: FALCONER 2 — 1 LERNA (20260610-182908-FALCONER-plover-vs-LERNA-hydra)
2026-06-10T18:29:11.364Z [sparring] worker 1: ESCA/angler vs VEGA/pilot @ arena 529 — series: ESCA 3 — 0 VEGA (20260610-182911-ESCA-angler-vs-VEGA-pilot)
2026-06-10T18:29:13.959Z [sparring] worker 2: ESCA/angler vs VEGA/pilot @ arena 344 — series: ESCA 3 — 0 VEGA (20260610-182913-ESCA-angler-vs-VEGA-pilot)
2026-06-10T18:29:13.960Z [sparring] worker 0: ESCA/angler vs DISCIPLE/disciple @ arena 359 — series: ESCA 3 — 0 DISCIPLE (20260610-182913-ESCA-angler-vs-DISCIPLE-disciple)
2026-06-10T18:29:16.406Z [sparring] worker 1: LERNA/hydra vs ESCA/angler @ arena 470 — series: LERNA 0 — 3 ESCA (20260610-182916-LERNA-hydra-vs-ESCA-angler)
2026-06-10T18:29:19.380Z [sparring] worker 2: FALCONER/plover vs LERNA/hydra @ arena 247 — series: FALCONER 1 — 2 LERNA (20260610-182919-FALCONER-plover-vs-LERNA-hydra)
2026-06-10T18:29:19.507Z [sparring] worker 0: AKELA/wolf vs BELMONTE/cuadrilla @ arena 652 — series: AKELA 0 — 3 BELMONTE (20260610-182919-AKELA-wolf-vs-BELMONTE-cuadrilla)
2026-06-10T18:29:23.149Z [sparring] worker 1: BELMONTE/cuadrilla vs FALCONER/shrike @ arena 628 — series: BELMONTE 3 — 0 FALCONER (20260610-182922-BELMONTE-cuadrilla-vs-FALCONER-shrike)
2026-06-10T18:29:25.425Z [sparring] worker 0: AKELA/wolf vs BELMONTE/cuadrilla @ arena 963 — series: AKELA 1 — 2 BELMONTE (20260610-182925-AKELA-wolf-vs-BELMONTE-cuadrilla)
2026-06-10T18:29:26.275Z [sparring] worker 2: BELMONTE/cuadrilla vs DISCIPLE/disciple @ arena 644 — series: BELMONTE 3 — 0 DISCIPLE (20260610-182925-BELMONTE-cuadrilla-vs-DISCIPLE-disciple)
2026-06-10T18:29:27.943Z [sparring] worker 1: MIMIC/neural vs OKONKWO/reaper @ arena 688 — series: MIMIC 0 — 3 OKONKWO (20260610-182927-MIMIC-neural-vs-OKONKWO-reaper)
2026-06-10T18:29:31.271Z [sparring] worker 2: ESCA/angler vs BELMONTE/cuadrilla @ arena 400 — series: ESCA 0 — 3 BELMONTE (20260610-182930-ESCA-angler-vs-BELMONTE-cuadrilla)
2026-06-10T18:29:31.746Z [sparring] worker 0: DISCIPLE/disciple vs BELMONTE/cuadrilla @ arena 479 — series: DISCIPLE 0 — 3 BELMONTE (20260610-182931-DISCIPLE-disciple-vs-BELMONTE-cuadrilla)
2026-06-10T18:29:33.009Z [sparring] worker 1: BLACKFISH/orca vs VERONICA/matador @ arena 183 — series: BLACKFISH 3 — 0 VERONICA (20260610-182932-BLACKFISH-orca-vs-VERONICA-matador)
2026-06-10T18:29:35.149Z [sparring] worker 2: OKONKWO/reaper vs AKELA/wolf @ arena 565 — series: OKONKWO 0 — 3 AKELA (20260610-182934-OKONKWO-reaper-vs-AKELA-wolf)
2026-06-10T18:29:36.078Z [sparring] worker 0: FALCONER/kestrel vs VEGA/pilot @ arena 108 — series: FALCONER 2 — 1 VEGA (20260610-182935-FALCONER-kestrel-vs-VEGA-pilot)
2026-06-10T18:29:38.436Z [sparring] worker 1: BELMONTE/cuadrilla vs LERNA/hydra @ arena 449 — series: BELMONTE 3 — 0 LERNA (20260610-182938-BELMONTE-cuadrilla-vs-LERNA-hydra)
2026-06-10T18:29:39.844Z [sparring] worker 2: FALCONER/plover vs ESCA/angler @ arena 920 — series: FALCONER 0 — 3 ESCA (20260610-182939-FALCONER-plover-vs-ESCA-angler)
2026-06-10T18:29:41.754Z [sparring] worker 0: DISCIPLE/disciple vs BELMONTE/cuadrilla @ arena 143 — series: DISCIPLE 0 — 3 BELMONTE (20260610-182941-DISCIPLE-disciple-vs-BELMONTE-cuadrilla)
2026-06-10T18:29:43.879Z [sparring] worker 1: ESCA/angler vs BELMONTE/cuadrilla @ arena 594 — series: ESCA 1 — 2 BELMONTE (20260610-182943-ESCA-angler-vs-BELMONTE-cuadrilla)
2026-06-10T18:29:44.496Z [sparring] worker 2: ESCA/angler vs FALCONER/kestrel @ arena 242 — series: ESCA 3 — 0 FALCONER (20260610-182944-ESCA-angler-vs-FALCONER-kestrel)
2026-06-10T18:29:46.248Z [sparring] worker 0: AKELA/wolf vs BELMONTE/cuadrilla @ arena 702 — series: AKELA 0 — 3 BELMONTE (20260610-182945-AKELA-wolf-vs-BELMONTE-cuadrilla)
2026-06-10T18:29:48.441Z [sparring] worker 1: FALCONER/kestrel vs LERNA/hydra @ arena 722 — series: FALCONER 1 — 0 LERNA (20260610-182948-FALCONER-kestrel-vs-LERNA-hydra)
2026-06-10T18:29:49.867Z [sparring] worker 0: VEGA/pilot vs AKELA/wolf @ arena 687 — series: VEGA 0 — 3 AKELA (20260610-182949-VEGA-pilot-vs-AKELA-wolf)
2026-06-10T18:29:50.335Z [sparring] worker 2: DISCIPLE/disciple vs BELMONTE/cuadrilla @ arena 792 — series: DISCIPLE 0 — 3 BELMONTE (20260610-182950-DISCIPLE-disciple-vs-BELMONTE-cuadrilla)
2026-06-10T18:29:53.179Z [sparring] worker 1: VERONICA/matador vs LERNA/hydra @ arena 922 — series: VERONICA 1 — 2 LERNA (20260610-182952-VERONICA-matador-vs-LERNA-hydra)
2026-06-10T18:29:54.166Z [sparring] worker 0: VERONICA/matador vs FALCONER/plover @ arena 600 — series: VERONICA 3 — 0 FALCONER (20260610-182953-VERONICA-matador-vs-FALCONER-plover)
2026-06-10T18:29:55.376Z [sparring] worker 2: MIMIC/neural vs ESCA/angler @ arena 134 — series: MIMIC 0 — 3 ESCA (20260610-182954-MIMIC-neural-vs-ESCA-angler)
2026-06-10T18:29:58.672Z [sparring] worker 1: DISCIPLE/disciple vs FALCONER/kestrel @ arena 606 — series: DISCIPLE 0 — 3 FALCONER (20260610-182958-DISCIPLE-disciple-vs-FALCONER-kestrel)
2026-06-10T18:30:00.338Z [sparring] worker 2: FALCONER/shrike vs MIMIC/neural @ arena 547 — series: FALCONER 3 — 0 MIMIC (20260610-182959-FALCONER-shrike-vs-MIMIC-neural)
2026-06-10T18:30:00.613Z [sparring] worker 0: BLACKFISH/orca vs BELMONTE/cuadrilla @ arena 451 — series: BLACKFISH 1 — 1 BELMONTE (20260610-183000-BLACKFISH-orca-vs-BELMONTE-cuadrilla)
2026-06-10T18:30:04.271Z [sparring] worker 1: LERNA/hydra vs FALCONER/plover @ arena 307 — series: LERNA 1 — 2 FALCONER (20260610-183003-LERNA-hydra-vs-FALCONER-plover)
2026-06-10T18:30:05.183Z [sparring] worker 0: FALCONER/plover vs FALCONER/kestrel @ arena 772 — series: FALCONER 1 — 1 FALCONER (20260610-183004-FALCONER-plover-vs-FALCONER-kestrel)
2026-06-10T18:30:06.111Z [sparring] worker 2: BLACKFISH/orca vs BELMONTE/cuadrilla @ arena 333 — series: BLACKFISH 2 — 1 BELMONTE (20260610-183005-BLACKFISH-orca-vs-BELMONTE-cuadrilla)
2026-06-10T18:30:08.379Z [sparring] worker 1: MIMIC/neural vs VERONICA/matador @ arena 556 — series: MIMIC 0 — 3 VERONICA (20260610-183008-MIMIC-neural-vs-VERONICA-matador)
2026-06-10T18:30:09.882Z [sparring] worker 0: MIMIC/neural vs ESCA/angler @ arena 168 — series: MIMIC 0 — 3 ESCA (20260610-183009-MIMIC-neural-vs-ESCA-angler)
2026-06-10T18:30:11.452Z [sparring] worker 2: BLACKFISH/orca vs BELMONTE/cuadrilla @ arena 675 — series: BLACKFISH 2 — 1 BELMONTE (20260610-183011-BLACKFISH-orca-vs-BELMONTE-cuadrilla)
2026-06-10T18:30:12.614Z [sparring] worker 1: FALCONER/shrike vs ESCA/angler @ arena 337 — series: FALCONER 0 — 3 ESCA (20260610-183012-FALCONER-shrike-vs-ESCA-angler)
2026-06-10T18:30:14.283Z [sparring] worker 0: FALCONER/kestrel vs VEGA/pilot @ arena 879 — series: FALCONER 2 — 1 VEGA (20260610-183013-FALCONER-kestrel-vs-VEGA-pilot)
2026-06-10T18:30:17.281Z [sparring] worker 1: FALCONER/shrike vs AKELA/wolf @ arena 880 — series: FALCONER 0 — 1 AKELA (20260610-183016-FALCONER-shrike-vs-AKELA-wolf)
2026-06-10T18:30:17.282Z [sparring] worker 2: BELMONTE/cuadrilla vs FALCONER/shrike @ arena 110 — series: BELMONTE 3 — 0 FALCONER (20260610-183016-BELMONTE-cuadrilla-vs-FALCONER-shrike)
2026-06-10T18:30:18.484Z [sparring] worker 0: FALCONER/plover vs AKELA/wolf @ arena 70 — series: FALCONER 0 — 3 AKELA (20260610-183018-FALCONER-plover-vs-AKELA-wolf)
2026-06-10T18:30:22.011Z [sparring] worker 2: OKONKWO/reaper vs AKELA/wolf @ arena 806 — series: OKONKWO 0 — 3 AKELA (20260610-183021-OKONKWO-reaper-vs-AKELA-wolf)
2026-06-10T18:30:22.790Z [sparring] worker 1: LERNA/hydra vs BELMONTE/cuadrilla @ arena 295 — series: LERNA 0 — 3 BELMONTE (20260610-183022-LERNA-hydra-vs-BELMONTE-cuadrilla)
2026-06-10T18:30:24.281Z [sparring] worker 0: FALCONER/kestrel vs BELMONTE/cuadrilla @ arena 69 — series: FALCONER 0 — 3 BELMONTE (20260610-183023-FALCONER-kestrel-vs-BELMONTE-cuadrilla)
2026-06-10T18:30:26.680Z [sparring] worker 2: MIMIC/neural vs OKONKWO/reaper @ arena 802 — series: MIMIC 0 — 3 OKONKWO (20260610-183026-MIMIC-neural-vs-OKONKWO-reaper)
2026-06-10T18:30:28.111Z [sparring] worker 1: VERONICA/matador vs BLACKFISH/orca @ arena 663 — series: VERONICA 0 — 3 BLACKFISH (20260610-183027-VERONICA-matador-vs-BLACKFISH-orca)
2026-06-10T18:30:29.671Z [sparring] worker 0: VEGA/pilot vs BLACKFISH/orca @ arena 780 — series: VEGA 0 — 3 BLACKFISH (20260610-183029-VEGA-pilot-vs-BLACKFISH-orca)
2026-06-10T18:30:31.611Z [sparring] worker 2: OKONKWO/reaper vs LERNA/hydra @ arena 490 — series: OKONKWO 0 — 3 LERNA (20260610-183031-OKONKWO-reaper-vs-LERNA-hydra)
2026-06-10T18:30:32.869Z [sparring] worker 1: LERNA/hydra vs VEGA/pilot @ arena 124 — series: LERNA 3 — 0 VEGA (20260610-183032-LERNA-hydra-vs-VEGA-pilot)
2026-06-10T18:30:35.224Z [sparring] worker 0: FALCONER/shrike vs FALCONER/plover @ arena 206 — series: FALCONER 3 — 0 FALCONER (20260610-183034-FALCONER-shrike-vs-FALCONER-plover)
2026-06-10T18:30:35.845Z [sparring] worker 2: FALCONER/kestrel vs FALCONER/shrike @ arena 667 — series: FALCONER 0 — 3 FALCONER (20260610-183035-FALCONER-kestrel-vs-FALCONER-shrike)
2026-06-10T18:30:37.524Z [sparring] worker 1: FALCONER/kestrel vs DISCIPLE/disciple @ arena 463 — series: FALCONER 3 — 0 DISCIPLE (20260610-183037-FALCONER-kestrel-vs-DISCIPLE-disciple)
2026-06-10T18:30:39.876Z [sparring] worker 2: FALCONER/plover vs AKELA/wolf @ arena 681 — series: FALCONER 0 — 3 AKELA (20260610-183039-FALCONER-plover-vs-AKELA-wolf)
2026-06-10T18:30:40.026Z [sparring] worker 0: ESCA/angler vs FALCONER/plover @ arena 874 — series: ESCA 3 — 0 FALCONER (20260610-183039-ESCA-angler-vs-FALCONER-plover)
2026-06-10T18:30:41.389Z [sparring] worker 1: OKONKWO/reaper vs VERONICA/matador @ arena 924 — series: OKONKWO 0 — 3 VERONICA (20260610-183041-OKONKWO-reaper-vs-VERONICA-matador)
2026-06-10T18:30:44.531Z [sparring] worker 2: ESCA/angler vs FALCONER/shrike @ arena 915 — series: ESCA 3 — 0 FALCONER (20260610-183044-ESCA-angler-vs-FALCONER-shrike)
2026-06-10T18:30:45.986Z [sparring] worker 1: AKELA/wolf vs BELMONTE/cuadrilla @ arena 733 — series: AKELA 0 — 3 BELMONTE (20260610-183045-AKELA-wolf-vs-BELMONTE-cuadrilla)
2026-06-10T18:30:46.704Z [sparring] worker 0: BELMONTE/cuadrilla vs BLACKFISH/orca @ arena 690 — series: BELMONTE 2 — 1 BLACKFISH (20260610-183046-BELMONTE-cuadrilla-vs-BLACKFISH-orca)
2026-06-10T18:30:50.132Z [sparring] worker 1: FALCONER/shrike vs VERONICA/matador @ arena 970 — series: FALCONER 1 — 2 VERONICA (20260610-183049-FALCONER-shrike-vs-VERONICA-matador)
2026-06-10T18:30:50.353Z [sparring] worker 2: LERNA/hydra vs BELMONTE/cuadrilla @ arena 69 — series: LERNA 0 — 3 BELMONTE (20260610-183050-LERNA-hydra-vs-BELMONTE-cuadrilla)
2026-06-10T18:30:50.836Z [sparring] worker 0: VEGA/pilot vs LERNA/hydra @ arena 509 — series: VEGA 1 — 2 LERNA (20260610-183050-VEGA-pilot-vs-LERNA-hydra)
2026-06-10T18:30:54.462Z [sparring] worker 1: VERONICA/matador vs FALCONER/kestrel @ arena 730 — series: VERONICA 2 — 1 FALCONER (20260610-183054-VERONICA-matador-vs-FALCONER-kestrel)
2026-06-10T18:30:54.920Z [sparring] worker 2: MIMIC/neural vs FALCONER/plover @ arena 540 — series: MIMIC 0 — 3 FALCONER (20260610-183054-MIMIC-neural-vs-FALCONER-plover)
2026-06-10T18:30:55.113Z [sparring] worker 0: MIMIC/neural vs VERONICA/matador @ arena 600 — series: MIMIC 0 — 3 VERONICA (20260610-183054-MIMIC-neural-vs-VERONICA-matador)
2026-06-10T18:30:59.705Z [sparring] worker 2: MIMIC/neural vs FALCONER/shrike @ arena 881 — series: MIMIC 0 — 3 FALCONER (20260610-183059-MIMIC-neural-vs-FALCONER-shrike)
2026-06-10T18:30:59.817Z [sparring] worker 1: BELMONTE/cuadrilla vs FALCONER/shrike @ arena 644 — series: BELMONTE 3 — 0 FALCONER (20260610-183059-BELMONTE-cuadrilla-vs-FALCONER-shrike)
2026-06-10T18:31:00.756Z [sparring] worker 0: FALCONER/shrike vs BLACKFISH/orca @ arena 571 — series: FALCONER 0 — 3 BLACKFISH (20260610-183100-FALCONER-shrike-vs-BLACKFISH-orca)
2026-06-10T18:31:04.057Z [sparring] worker 2: MIMIC/neural vs AKELA/wolf @ arena 700 — series: MIMIC 0 — 3 AKELA (20260610-183103-MIMIC-neural-vs-AKELA-wolf)
2026-06-10T18:31:04.485Z [sparring] worker 1: OKONKWO/reaper vs VEGA/pilot @ arena 744 — series: OKONKWO 0 — 3 VEGA (20260610-183104-OKONKWO-reaper-vs-VEGA-pilot)
2026-06-10T18:31:04.557Z [sparring] worker 0: VERONICA/matador vs VEGA/pilot @ arena 266 — series: VERONICA 3 — 0 VEGA (20260610-183104-VERONICA-matador-vs-VEGA-pilot)
2026-06-10T18:31:08.652Z [sparring] worker 2: LERNA/hydra vs AKELA/wolf @ arena 605 — series: LERNA 0 — 3 AKELA (20260610-183108-LERNA-hydra-vs-AKELA-wolf)
2026-06-10T18:31:08.653Z [sparring] worker 1: ESCA/angler vs AKELA/wolf @ arena 103 — series: ESCA 3 — 0 AKELA (20260610-183108-ESCA-angler-vs-AKELA-wolf)
2026-06-10T18:31:09.690Z [sparring] worker 0: FALCONER/kestrel vs BLACKFISH/orca @ arena 532 — series: FALCONER 0 — 3 BLACKFISH (20260610-183109-FALCONER-kestrel-vs-BLACKFISH-orca)
2026-06-10T18:31:13.066Z [sparring] worker 1: OKONKWO/reaper vs MIMIC/neural @ arena 876 — series: OKONKWO 3 — 0 MIMIC (20260610-183112-OKONKWO-reaper-vs-MIMIC-neural)
2026-06-10T18:31:13.512Z [sparring] worker 2: LERNA/hydra vs OKONKWO/reaper @ arena 869 — series: LERNA 3 — 0 OKONKWO (20260610-183113-LERNA-hydra-vs-OKONKWO-reaper)
2026-06-10T18:31:14.461Z [sparring] worker 0: FALCONER/shrike vs MIMIC/neural @ arena 648 — series: FALCONER 3 — 0 MIMIC (20260610-183114-FALCONER-shrike-vs-MIMIC-neural)
2026-06-10T18:31:18.082Z [sparring] worker 1: DISCIPLE/disciple vs VEGA/pilot @ arena 371 — series: DISCIPLE 0 — 3 VEGA (20260610-183117-DISCIPLE-disciple-vs-VEGA-pilot)
2026-06-10T18:31:18.486Z [sparring] worker 2: BELMONTE/cuadrilla vs AKELA/wolf @ arena 679 — series: BELMONTE 3 — 0 AKELA (20260610-183118-BELMONTE-cuadrilla-vs-AKELA-wolf)
2026-06-10T18:31:20.009Z [sparring] worker 0: MIMIC/neural vs DISCIPLE/disciple @ arena 243 — series: MIMIC 0 — 3 DISCIPLE (20260610-183119-MIMIC-neural-vs-DISCIPLE-disciple)
2026-06-10T18:31:22.592Z [sparring] worker 1: DISCIPLE/disciple vs AKELA/wolf @ arena 518 — series: DISCIPLE 0 — 3 AKELA (20260610-183122-DISCIPLE-disciple-vs-AKELA-wolf)
2026-06-10T18:31:23.788Z [sparring] worker 2: BLACKFISH/orca vs FALCONER/shrike @ arena 832 — series: BLACKFISH 3 — 0 FALCONER (20260610-183123-BLACKFISH-orca-vs-FALCONER-shrike)
2026-06-10T18:31:25.360Z [sparring] worker 0: FALCONER/plover vs BLACKFISH/orca @ arena 461 — series: FALCONER 0 — 3 BLACKFISH (20260610-183125-FALCONER-plover-vs-BLACKFISH-orca)
2026-06-10T18:31:26.614Z [sparring] worker 1: AKELA/wolf vs OKONKWO/reaper @ arena 135 — series: AKELA 3 — 0 OKONKWO (20260610-183126-AKELA-wolf-vs-OKONKWO-reaper)
2026-06-10T18:31:29.015Z [sparring] worker 2: FALCONER/kestrel vs DISCIPLE/disciple @ arena 891 — series: FALCONER 3 — 0 DISCIPLE (20260610-183128-FALCONER-kestrel-vs-DISCIPLE-disciple)
2026-06-10T18:31:29.867Z [sparring] worker 0: BLACKFISH/orca vs VEGA/pilot @ arena 291 — series: BLACKFISH 3 — 0 VEGA (20260610-183129-BLACKFISH-orca-vs-VEGA-pilot)
2026-06-10T18:31:31.247Z [sparring] worker 1: BELMONTE/cuadrilla vs OKONKWO/reaper @ arena 53 — series: BELMONTE 3 — 0 OKONKWO (20260610-183130-BELMONTE-cuadrilla-vs-OKONKWO-reaper)
2026-06-10T18:31:33.262Z [sparring] worker 2: MIMIC/neural vs AKELA/wolf @ arena 25 — series: MIMIC 0 — 3 AKELA (20260610-183132-MIMIC-neural-vs-AKELA-wolf)
2026-06-10T18:31:35.331Z [sparring] worker 0: VERONICA/matador vs BELMONTE/cuadrilla @ arena 322 — series: VERONICA 0 — 3 BELMONTE (20260610-183135-VERONICA-matador-vs-BELMONTE-cuadrilla)
2026-06-10T18:31:36.863Z [sparring] worker 1: LERNA/hydra vs BELMONTE/cuadrilla @ arena 288 — series: LERNA 0 — 3 BELMONTE (20260610-183136-LERNA-hydra-vs-BELMONTE-cuadrilla)
2026-06-10T18:31:37.136Z [sparring] worker 2: FALCONER/shrike vs AKELA/wolf @ arena 630 — series: FALCONER 2 — 1 AKELA (20260610-183136-FALCONER-shrike-vs-AKELA-wolf)
2026-06-10T18:31:40.166Z [sparring] worker 0: ESCA/angler vs DISCIPLE/disciple @ arena 848 — series: ESCA 3 — 0 DISCIPLE (20260610-183139-ESCA-angler-vs-DISCIPLE-disciple)
2026-06-10T18:31:42.629Z [sparring] worker 1: BELMONTE/cuadrilla vs BLACKFISH/orca @ arena 371 — series: BELMONTE 1 — 1 BLACKFISH (20260610-183142-BELMONTE-cuadrilla-vs-BLACKFISH-orca)
2026-06-10T18:31:42.766Z [sparring] worker 2: FALCONER/shrike vs BLACKFISH/orca @ arena 476 — series: FALCONER 0 — 3 BLACKFISH (20260610-183142-FALCONER-shrike-vs-BLACKFISH-orca)
2026-06-10T18:31:44.823Z [sparring] worker 0: ESCA/angler vs AKELA/wolf @ arena 274 — series: ESCA 2 — 0 AKELA (20260610-183144-ESCA-angler-vs-AKELA-wolf)
2026-06-10T18:31:47.596Z [sparring] worker 2: VEGA/pilot vs DISCIPLE/disciple @ arena 240 — series: VEGA 3 — 0 DISCIPLE (20260610-183147-VEGA-pilot-vs-DISCIPLE-disciple)
2026-06-10T18:31:47.688Z [sparring] worker 1: BLACKFISH/orca vs OKONKWO/reaper @ arena 860 — series: BLACKFISH 3 — 0 OKONKWO (20260610-183147-BLACKFISH-orca-vs-OKONKWO-reaper)
2026-06-10T18:31:49.088Z [sparring] worker 0: AKELA/wolf vs BELMONTE/cuadrilla @ arena 44 — series: AKELA 0 — 3 BELMONTE (20260610-183148-AKELA-wolf-vs-BELMONTE-cuadrilla)
2026-06-10T18:31:52.139Z [sparring] worker 1: OKONKWO/reaper vs AKELA/wolf @ arena 412 — series: OKONKWO 0 — 3 AKELA (20260610-183151-OKONKWO-reaper-vs-AKELA-wolf)
2026-06-10T18:31:52.731Z [sparring] worker 2: BELMONTE/cuadrilla vs LERNA/hydra @ arena 57 — series: BELMONTE 3 — 0 LERNA (20260610-183152-BELMONTE-cuadrilla-vs-LERNA-hydra)
2026-06-10T18:31:53.706Z [sparring] worker 0: ESCA/angler vs LERNA/hydra @ arena 248 — series: ESCA 3 — 0 LERNA (20260610-183153-ESCA-angler-vs-LERNA-hydra)
2026-06-10T18:31:56.342Z [sparring] worker 1: FALCONER/kestrel vs FALCONER/shrike @ arena 78 — series: FALCONER 1 — 2 FALCONER (20260610-183156-FALCONER-kestrel-vs-FALCONER-shrike)
2026-06-10T18:31:57.388Z [sparring] worker 2: FALCONER/kestrel vs VEGA/pilot @ arena 382 — series: FALCONER 2 — 1 VEGA (20260610-183157-FALCONER-kestrel-vs-VEGA-pilot)
2026-06-10T18:31:58.013Z [sparring] worker 0: VEGA/pilot vs FALCONER/plover @ arena 896 — series: VEGA 0 — 3 FALCONER (20260610-183157-VEGA-pilot-vs-FALCONER-plover)
2026-06-10T18:32:00.843Z [sparring] worker 1: FALCONER/plover vs OKONKWO/reaper @ arena 223 — series: FALCONER 3 — 0 OKONKWO (20260610-183200-FALCONER-plover-vs-OKONKWO-reaper)
2026-06-10T18:32:02.715Z [sparring] worker 2: FALCONER/plover vs VEGA/pilot @ arena 729 — series: FALCONER 3 — 0 VEGA (20260610-183202-FALCONER-plover-vs-VEGA-pilot)
2026-06-10T18:32:02.813Z [sparring] worker 0: VERONICA/matador vs ESCA/angler @ arena 265 — series: VERONICA 0 — 3 ESCA (20260610-183202-VERONICA-matador-vs-ESCA-angler)
2026-06-10T18:32:06.572Z [sparring] worker 1: FALCONER/shrike vs BELMONTE/cuadrilla @ arena 292 — series: FALCONER 0 — 3 BELMONTE (20260610-183206-FALCONER-shrike-vs-BELMONTE-cuadrilla)
2026-06-10T18:32:07.734Z [sparring] worker 2: ESCA/angler vs LERNA/hydra @ arena 132 — series: ESCA 3 — 0 LERNA (20260610-183207-ESCA-angler-vs-LERNA-hydra)
2026-06-10T18:32:07.808Z [sparring] worker 0: ESCA/angler vs MIMIC/neural @ arena 74 — series: ESCA 3 — 0 MIMIC (20260610-183207-ESCA-angler-vs-MIMIC-neural)
2026-06-10T18:32:11.204Z [sparring] worker 1: FALCONER/plover vs BLACKFISH/orca @ arena 44 — series: FALCONER 0 — 3 BLACKFISH (20260610-183210-FALCONER-plover-vs-BLACKFISH-orca)
2026-06-10T18:32:12.115Z [sparring] worker 2: MIMIC/neural vs AKELA/wolf @ arena 468 — series: MIMIC 0 — 3 AKELA (20260610-183211-MIMIC-neural-vs-AKELA-wolf)
2026-06-10T18:32:12.510Z [sparring] worker 0: AKELA/wolf vs BLACKFISH/orca @ arena 8 — series: AKELA 0 — 3 BLACKFISH (20260610-183212-AKELA-wolf-vs-BLACKFISH-orca)
2026-06-10T18:32:15.794Z [sparring] worker 1: ESCA/angler vs OKONKWO/reaper @ arena 852 — series: ESCA 3 — 0 OKONKWO (20260610-183215-ESCA-angler-vs-OKONKWO-reaper)
2026-06-10T18:32:16.453Z [sparring] worker 0: AKELA/wolf vs VERONICA/matador @ arena 950 — series: AKELA 2 — 1 VERONICA (20260610-183216-AKELA-wolf-vs-VERONICA-matador)
2026-06-10T18:32:16.783Z [sparring] worker 2: MIMIC/neural vs OKONKWO/reaper @ arena 409 — series: MIMIC 0 — 3 OKONKWO (20260610-183216-MIMIC-neural-vs-OKONKWO-reaper)
2026-06-10T18:32:20.498Z [sparring] worker 1: BELMONTE/cuadrilla vs FALCONER/kestrel @ arena 945 — series: BELMONTE 3 — 0 FALCONER (20260610-183220-BELMONTE-cuadrilla-vs-FALCONER-kestrel)
2026-06-10T18:32:21.384Z [sparring] worker 2: BELMONTE/cuadrilla vs AKELA/wolf @ arena 325 — series: BELMONTE 2 — 1 AKELA (20260610-183220-BELMONTE-cuadrilla-vs-AKELA-wolf)
2026-06-10T18:32:21.385Z [sparring] worker 0: BELMONTE/cuadrilla vs VERONICA/matador @ arena 680 — series: BELMONTE 3 — 0 VERONICA (20260610-183221-BELMONTE-cuadrilla-vs-VERONICA-matador)
2026-06-10T18:32:24.597Z [sparring] worker 1: AKELA/wolf vs FALCONER/plover @ arena 952 — series: AKELA 3 — 0 FALCONER (20260610-183224-AKELA-wolf-vs-FALCONER-plover)
2026-06-10T18:32:26.415Z [sparring] worker 2: ESCA/angler vs MIMIC/neural @ arena 975 — series: ESCA 3 — 0 MIMIC (20260610-183226-ESCA-angler-vs-MIMIC-neural)
2026-06-10T18:32:27.410Z [sparring] worker 0: BLACKFISH/orca vs FALCONER/shrike @ arena 476 — series: BLACKFISH 2 — 0 FALCONER (20260610-183227-BLACKFISH-orca-vs-FALCONER-shrike)
2026-06-10T18:32:29.611Z [sparring] worker 1: DISCIPLE/disciple vs OKONKWO/reaper @ arena 100 — series: DISCIPLE 0 — 3 OKONKWO (20260610-183229-DISCIPLE-disciple-vs-OKONKWO-reaper)
2026-06-10T18:32:30.542Z [sparring] worker 2: FALCONER/kestrel vs MIMIC/neural @ arena 828 — series: FALCONER 3 — 0 MIMIC (20260610-183230-FALCONER-kestrel-vs-MIMIC-neural)
2026-06-10T18:32:32.632Z [sparring] worker 0: DISCIPLE/disciple vs LERNA/hydra @ arena 528 — series: DISCIPLE 0 — 3 LERNA (20260610-183232-DISCIPLE-disciple-vs-LERNA-hydra)
2026-06-10T18:32:34.300Z [sparring] worker 1: DISCIPLE/disciple vs VEGA/pilot @ arena 547 — series: DISCIPLE 0 — 3 VEGA (20260610-183233-DISCIPLE-disciple-vs-VEGA-pilot)
2026-06-10T18:32:35.169Z [sparring] worker 2: VERONICA/matador vs ESCA/angler @ arena 374 — series: VERONICA 0 — 3 ESCA (20260610-183234-VERONICA-matador-vs-ESCA-angler)
2026-06-10T18:32:38.249Z [sparring] worker 0: FALCONER/shrike vs DISCIPLE/disciple @ arena 743 — series: FALCONER 3 — 0 DISCIPLE (20260610-183237-FALCONER-shrike-vs-DISCIPLE-disciple)
2026-06-10T18:32:39.136Z [sparring] worker 1: FALCONER/kestrel vs FALCONER/plover @ arena 879 — series: FALCONER 3 — 0 FALCONER (20260610-183238-FALCONER-kestrel-vs-FALCONER-plover)
2026-06-10T18:32:39.314Z [sparring] worker 2: ESCA/angler vs FALCONER/plover @ arena 436 — series: ESCA 3 — 0 FALCONER (20260610-183238-ESCA-angler-vs-FALCONER-plover)
2026-06-10T18:32:42.499Z [sparring] worker 0: OKONKWO/reaper vs VEGA/pilot @ arena 367 — series: OKONKWO 0 — 3 VEGA (20260610-183242-OKONKWO-reaper-vs-VEGA-pilot)
2026-06-10T18:32:44.019Z [sparring] worker 2: BELMONTE/cuadrilla vs VEGA/pilot @ arena 23 — series: BELMONTE 3 — 0 VEGA (20260610-183243-BELMONTE-cuadrilla-vs-VEGA-pilot)
2026-06-10T18:32:44.427Z [sparring] worker 1: VERONICA/matador vs BELMONTE/cuadrilla @ arena 531 — series: VERONICA 0 — 3 BELMONTE (20260610-183244-VERONICA-matador-vs-BELMONTE-cuadrilla)
2026-06-10T18:32:46.585Z [sparring] worker 0: ESCA/angler vs VERONICA/matador @ arena 469 — series: ESCA 3 — 0 VERONICA (20260610-183246-ESCA-angler-vs-VERONICA-matador)
2026-06-10T18:32:48.365Z [sparring] worker 1: FALCONER/shrike vs AKELA/wolf @ arena 495 — series: FALCONER 2 — 1 AKELA (20260610-183248-FALCONER-shrike-vs-AKELA-wolf)
2026-06-10T18:32:48.803Z [sparring] worker 2: FALCONER/kestrel vs MIMIC/neural @ arena 73 — series: FALCONER 3 — 0 MIMIC (20260610-183248-FALCONER-kestrel-vs-MIMIC-neural)
2026-06-10T18:32:51.921Z [sparring] worker 0: VEGA/pilot vs BELMONTE/cuadrilla @ arena 694 — series: VEGA 0 — 3 BELMONTE (20260610-183251-VEGA-pilot-vs-BELMONTE-cuadrilla)
2026-06-10T18:32:52.958Z [sparring] worker 1: FALCONER/plover vs ESCA/angler @ arena 970 — series: FALCONER 0 — 3 ESCA (20260610-183252-FALCONER-plover-vs-ESCA-angler)
2026-06-10T18:32:53.402Z [sparring] worker 2: FALCONER/plover vs MIMIC/neural @ arena 409 — series: FALCONER 3 — 0 MIMIC (20260610-183253-FALCONER-plover-vs-MIMIC-neural)
2026-06-10T18:32:55.622Z [sparring] worker 0: AKELA/wolf vs OKONKWO/reaper @ arena 210 — series: AKELA 3 — 0 OKONKWO (20260610-183255-AKELA-wolf-vs-OKONKWO-reaper)
2026-06-10T18:32:56.915Z [sparring] worker 1: OKONKWO/reaper vs VERONICA/matador @ arena 60 — series: OKONKWO 1 — 2 VERONICA (20260610-183256-OKONKWO-reaper-vs-VERONICA-matador)
2026-06-10T18:32:58.032Z [sparring] worker 2: VERONICA/matador vs BELMONTE/cuadrilla @ arena 918 — series: VERONICA 0 — 3 BELMONTE (20260610-183257-VERONICA-matador-vs-BELMONTE-cuadrilla)
2026-06-10T18:33:01.034Z [sparring] worker 0: BLACKFISH/orca vs BELMONTE/cuadrilla @ arena 702 — series: BLACKFISH 0 — 3 BELMONTE (20260610-183300-BLACKFISH-orca-vs-BELMONTE-cuadrilla)
2026-06-10T18:33:01.428Z [sparring] worker 1: FALCONER/shrike vs AKELA/wolf @ arena 957 — series: FALCONER 2 — 0 AKELA (20260610-183301-FALCONER-shrike-vs-AKELA-wolf)
2026-06-10T18:33:02.382Z [sparring] worker 2: FALCONER/shrike vs MIMIC/neural @ arena 465 — series: FALCONER 3 — 0 MIMIC (20260610-183301-FALCONER-shrike-vs-MIMIC-neural)
2026-06-10T18:33:07.127Z [sparring] worker 1: BELMONTE/cuadrilla vs VEGA/pilot @ arena 296 — series: BELMONTE 3 — 0 VEGA (20260610-183306-BELMONTE-cuadrilla-vs-VEGA-pilot)
2026-06-10T18:33:07.202Z [sparring] worker 0: DISCIPLE/disciple vs MIMIC/neural @ arena 579 — series: DISCIPLE 3 — 0 MIMIC (20260610-183306-DISCIPLE-disciple-vs-MIMIC-neural)
2026-06-10T18:33:07.340Z [sparring] worker 2: LERNA/hydra vs VEGA/pilot @ arena 249 — series: LERNA 3 — 0 VEGA (20260610-183306-LERNA-hydra-vs-VEGA-pilot)
2026-06-10T18:33:12.528Z [sparring] worker 2: AKELA/wolf vs LERNA/hydra @ arena 326 — series: AKELA 2 — 0 LERNA (20260610-183312-AKELA-wolf-vs-LERNA-hydra)
2026-06-10T18:33:12.731Z [sparring] worker 1: ESCA/angler vs VEGA/pilot @ arena 685 — series: ESCA 3 — 0 VEGA (20260610-183312-ESCA-angler-vs-VEGA-pilot)
2026-06-10T18:33:13.313Z [sparring] worker 0: DISCIPLE/disciple vs FALCONER/plover @ arena 433 — series: DISCIPLE 0 — 3 FALCONER (20260610-183312-DISCIPLE-disciple-vs-FALCONER-plover)
2026-06-10T18:33:17.630Z [sparring] worker 1: FALCONER/shrike vs ESCA/angler @ arena 163 — series: FALCONER 0 — 3 ESCA (20260610-183317-FALCONER-shrike-vs-ESCA-angler)
2026-06-10T18:33:18.589Z [sparring] worker 0: DISCIPLE/disciple vs VERONICA/matador @ arena 181 — series: DISCIPLE 0 — 3 VERONICA (20260610-183318-DISCIPLE-disciple-vs-VERONICA-matador)
2026-06-10T18:33:19.099Z [sparring] worker 2: OKONKWO/reaper vs BLACKFISH/orca @ arena 578 — series: OKONKWO 0 — 3 BLACKFISH (20260610-183318-OKONKWO-reaper-vs-BLACKFISH-orca)
2026-06-10T18:33:22.265Z [sparring] worker 1: BLACKFISH/orca vs OKONKWO/reaper @ arena 659 — series: BLACKFISH 3 — 0 OKONKWO (20260610-183321-BLACKFISH-orca-vs-OKONKWO-reaper)
2026-06-10T18:33:22.968Z [sparring] worker 0: FALCONER/kestrel vs VERONICA/matador @ arena 530 — series: FALCONER 0 — 3 VERONICA (20260610-183322-FALCONER-kestrel-vs-VERONICA-matador)
2026-06-10T18:33:22.988Z [sparring] worker 2: VERONICA/matador vs VEGA/pilot @ arena 17 — series: VERONICA 3 — 0 VEGA (20260610-183322-VERONICA-matador-vs-VEGA-pilot)
2026-06-10T18:33:28.140Z [sparring] worker 0: DISCIPLE/disciple vs FALCONER/kestrel @ arena 232 — series: DISCIPLE 0 — 3 FALCONER (20260610-183327-DISCIPLE-disciple-vs-FALCONER-kestrel)
2026-06-10T18:33:28.145Z [sparring] worker 2: LERNA/hydra vs DISCIPLE/disciple @ arena 454 — series: LERNA 3 — 0 DISCIPLE (20260610-183327-LERNA-hydra-vs-DISCIPLE-disciple)
2026-06-10T18:33:28.181Z [sparring] worker 1: LERNA/hydra vs BELMONTE/cuadrilla @ arena 692 — series: LERNA 0 — 3 BELMONTE (20260610-183327-LERNA-hydra-vs-BELMONTE-cuadrilla)
2026-06-10T18:33:33.080Z [sparring] worker 1: AKELA/wolf vs DISCIPLE/disciple @ arena 519 — series: AKELA 3 — 0 DISCIPLE (20260610-183332-AKELA-wolf-vs-DISCIPLE-disciple)
2026-06-10T18:33:33.368Z [sparring] worker 2: DISCIPLE/disciple vs LERNA/hydra @ arena 118 — series: DISCIPLE 0 — 3 LERNA (20260610-183333-DISCIPLE-disciple-vs-LERNA-hydra)
2026-06-10T18:33:33.901Z [sparring] worker 0: FALCONER/shrike vs BELMONTE/cuadrilla @ arena 702 — series: FALCONER 0 — 3 BELMONTE (20260610-183333-FALCONER-shrike-vs-BELMONTE-cuadrilla)
2026-06-10T18:33:37.492Z [sparring] worker 1: MIMIC/neural vs FALCONER/kestrel @ arena 558 — series: MIMIC 0 — 3 FALCONER (20260610-183337-MIMIC-neural-vs-FALCONER-kestrel)
2026-06-10T18:33:38.024Z [sparring] worker 0: FALCONER/kestrel vs AKELA/wolf @ arena 82 — series: FALCONER 0 — 3 AKELA (20260610-183337-FALCONER-kestrel-vs-AKELA-wolf)
2026-06-10T18:33:38.199Z [sparring] worker 2: FALCONER/kestrel vs FALCONER/plover @ arena 138 — series: FALCONER 2 — 1 FALCONER (20260610-183337-FALCONER-kestrel-vs-FALCONER-plover)
2026-06-10T18:33:42.219Z [sparring] worker 1: VEGA/pilot vs LERNA/hydra @ arena 665 — series: VEGA 0 — 3 LERNA (20260610-183341-VEGA-pilot-vs-LERNA-hydra)
2026-06-10T18:33:43.079Z [sparring] worker 0: FALCONER/plover vs MIMIC/neural @ arena 595 — series: FALCONER 3 — 0 MIMIC (20260610-183342-FALCONER-plover-vs-MIMIC-neural)
2026-06-10T18:33:43.228Z [sparring] worker 2: LERNA/hydra vs BLACKFISH/orca @ arena 822 — series: LERNA 0 — 3 BLACKFISH (20260610-183342-LERNA-hydra-vs-BLACKFISH-orca)
2026-06-10T18:33:47.891Z [sparring] worker 0: FALCONER/shrike vs AKELA/wolf @ arena 623 — series: FALCONER 1 — 2 AKELA (20260610-183347-FALCONER-shrike-vs-AKELA-wolf)
2026-06-10T18:33:47.906Z [sparring] worker 1: BLACKFISH/orca vs MIMIC/neural @ arena 623 — series: BLACKFISH 3 — 0 MIMIC (20260610-183347-BLACKFISH-orca-vs-MIMIC-neural)
2026-06-10T18:33:48.034Z [sparring] worker 2: VEGA/pilot vs BELMONTE/cuadrilla @ arena 658 — series: VEGA 0 — 3 BELMONTE (20260610-183347-VEGA-pilot-vs-BELMONTE-cuadrilla)
2026-06-10T18:33:52.961Z [sparring] worker 1: VEGA/pilot vs OKONKWO/reaper @ arena 378 — series: VEGA 3 — 0 OKONKWO (20260610-183352-VEGA-pilot-vs-OKONKWO-reaper)
2026-06-10T18:33:53.645Z [sparring] worker 0: DISCIPLE/disciple vs VEGA/pilot @ arena 568 — series: DISCIPLE 0 — 3 VEGA (20260610-183353-DISCIPLE-disciple-vs-VEGA-pilot)
2026-06-10T18:33:54.325Z [sparring] worker 2: FALCONER/shrike vs BLACKFISH/orca @ arena 773 — series: FALCONER 0 — 3 BLACKFISH (20260610-183354-FALCONER-shrike-vs-BLACKFISH-orca)
2026-06-10T18:33:57.814Z [sparring] worker 1: DISCIPLE/disciple vs FALCONER/shrike @ arena 293 — series: DISCIPLE 0 — 3 FALCONER (20260610-183357-DISCIPLE-disciple-vs-FALCONER-shrike)
2026-06-10T18:33:58.375Z [sparring] worker 0: LERNA/hydra vs VEGA/pilot @ arena 268 — series: LERNA 3 — 0 VEGA (20260610-183358-LERNA-hydra-vs-VEGA-pilot)
2026-06-10T18:33:59.118Z [sparring] worker 2: FALCONER/plover vs VERONICA/matador @ arena 771 — series: FALCONER 0 — 3 VERONICA (20260610-183358-FALCONER-plover-vs-VERONICA-matador)
2026-06-10T18:34:01.828Z [sparring] worker 1: AKELA/wolf vs FALCONER/kestrel @ arena 220 — series: AKELA 2 — 1 FALCONER (20260610-183401-AKELA-wolf-vs-FALCONER-kestrel)
2026-06-10T18:34:03.761Z [sparring] worker 0: BELMONTE/cuadrilla vs FALCONER/shrike @ arena 759 — series: BELMONTE 3 — 0 FALCONER (20260610-183403-BELMONTE-cuadrilla-vs-FALCONER-shrike)
2026-06-10T18:34:04.615Z [sparring] worker 2: ESCA/angler vs FALCONER/plover @ arena 752 — series: ESCA 3 — 0 FALCONER (20260610-183404-ESCA-angler-vs-FALCONER-plover)
2026-06-10T18:34:05.492Z [sparring] worker 1: VERONICA/matador vs AKELA/wolf @ arena 486 — series: VERONICA 0 — 3 AKELA (20260610-183405-VERONICA-matador-vs-AKELA-wolf)
2026-06-10T18:34:07.827Z [sparring] worker 0: FALCONER/shrike vs VERONICA/matador @ arena 841 — series: FALCONER 1 — 2 VERONICA (20260610-183407-FALCONER-shrike-vs-VERONICA-matador)
2026-06-10T18:34:09.022Z [sparring] worker 2: MIMIC/neural vs OKONKWO/reaper @ arena 733 — series: MIMIC 0 — 3 OKONKWO (20260610-183408-MIMIC-neural-vs-OKONKWO-reaper)
2026-06-10T18:34:10.329Z [sparring] worker 1: MIMIC/neural vs BLACKFISH/orca @ arena 672 — series: MIMIC 0 — 3 BLACKFISH (20260610-183410-MIMIC-neural-vs-BLACKFISH-orca)
2026-06-10T18:34:11.801Z [sparring] worker 0: AKELA/wolf vs FALCONER/plover @ arena 153 — series: AKELA 2 — 1 FALCONER (20260610-183411-AKELA-wolf-vs-FALCONER-plover)
2026-06-10T18:34:13.528Z [sparring] worker 2: DISCIPLE/disciple vs VEGA/pilot @ arena 740 — series: DISCIPLE 0 — 3 VEGA (20260610-183413-DISCIPLE-disciple-vs-VEGA-pilot)
2026-06-10T18:34:14.546Z [sparring] worker 1: MIMIC/neural vs VEGA/pilot @ arena 229 — series: MIMIC 0 — 3 VEGA (20260610-183414-MIMIC-neural-vs-VEGA-pilot)
2026-06-10T18:34:16.645Z [sparring] worker 0: LERNA/hydra vs DISCIPLE/disciple @ arena 574 — series: LERNA 3 — 0 DISCIPLE (20260610-183416-LERNA-hydra-vs-DISCIPLE-disciple)
2026-06-10T18:34:17.274Z [sparring] worker 2: FALCONER/plover vs AKELA/wolf @ arena 996 — series: FALCONER 0 — 3 AKELA (20260610-183416-FALCONER-plover-vs-AKELA-wolf)
2026-06-10T18:34:20.599Z [sparring] worker 1: FALCONER/plover vs BLACKFISH/orca @ arena 110 — series: FALCONER 0 — 3 BLACKFISH (20260610-183420-FALCONER-plover-vs-BLACKFISH-orca)
2026-06-10T18:34:21.908Z [sparring] worker 2: LERNA/hydra vs VEGA/pilot @ arena 459 — series: LERNA 2 — 0 VEGA (20260610-183421-LERNA-hydra-vs-VEGA-pilot)
2026-06-10T18:34:22.408Z [sparring] worker 0: OKONKWO/reaper vs DISCIPLE/disciple @ arena 89 — series: OKONKWO 3 — 0 DISCIPLE (20260610-183422-OKONKWO-reaper-vs-DISCIPLE-disciple)
2026-06-10T18:34:24.656Z [sparring] worker 1: AKELA/wolf vs FALCONER/shrike @ arena 460 — series: AKELA 1 — 2 FALCONER (20260610-183424-AKELA-wolf-vs-FALCONER-shrike)
2026-06-10T18:34:25.884Z [sparring] worker 2: AKELA/wolf vs OKONKWO/reaper @ arena 931 — series: AKELA 3 — 0 OKONKWO (20260610-183425-AKELA-wolf-vs-OKONKWO-reaper)
2026-06-10T18:34:26.662Z [sparring] worker 0: FALCONER/plover vs MIMIC/neural @ arena 772 — series: FALCONER 3 — 0 MIMIC (20260610-183426-FALCONER-plover-vs-MIMIC-neural)
2026-06-10T18:34:29.179Z [sparring] worker 1: LERNA/hydra vs VERONICA/matador @ arena 548 — series: LERNA 1 — 2 VERONICA (20260610-183428-LERNA-hydra-vs-VERONICA-matador)
2026-06-10T18:34:30.365Z [sparring] worker 2: VEGA/pilot vs ESCA/angler @ arena 820 — series: VEGA 0 — 3 ESCA (20260610-183429-VEGA-pilot-vs-ESCA-angler)
2026-06-10T18:34:31.673Z [sparring] worker 0: FALCONER/plover vs MIMIC/neural @ arena 684 — series: FALCONER 3 — 0 MIMIC (20260610-183431-FALCONER-plover-vs-MIMIC-neural)
2026-06-10T18:34:34.112Z [sparring] worker 1: VERONICA/matador vs ESCA/angler @ arena 673 — series: VERONICA 0 — 3 ESCA (20260610-183433-VERONICA-matador-vs-ESCA-angler)
2026-06-10T18:34:34.713Z [sparring] worker 2: LERNA/hydra vs VEGA/pilot @ arena 340 — series: LERNA 3 — 0 VEGA (20260610-183434-LERNA-hydra-vs-VEGA-pilot)
2026-06-10T18:34:36.227Z [sparring] worker 0: LERNA/hydra vs MIMIC/neural @ arena 742 — series: LERNA 3 — 0 MIMIC (20260610-183435-LERNA-hydra-vs-MIMIC-neural)
2026-06-10T18:34:39.824Z [sparring] worker 2: BELMONTE/cuadrilla vs BLACKFISH/orca @ arena 952 — series: BELMONTE 0 — 3 BLACKFISH (20260610-183439-BELMONTE-cuadrilla-vs-BLACKFISH-orca)
2026-06-10T18:34:40.679Z [sparring] worker 1: BLACKFISH/orca vs BELMONTE/cuadrilla @ arena 127 — series: BLACKFISH 2 — 0 BELMONTE (20260610-183440-BLACKFISH-orca-vs-BELMONTE-cuadrilla)
2026-06-10T18:34:41.072Z [sparring] worker 0: FALCONER/kestrel vs BELMONTE/cuadrilla @ arena 539 — series: FALCONER 0 — 3 BELMONTE (20260610-183440-FALCONER-kestrel-vs-BELMONTE-cuadrilla)
2026-06-10T18:34:43.820Z [sparring] worker 2: OKONKWO/reaper vs FALCONER/kestrel @ arena 804 — series: OKONKWO 0 — 2 FALCONER (20260610-183443-OKONKWO-reaper-vs-FALCONER-kestrel)
2026-06-10T18:34:44.808Z [sparring] worker 1: FALCONER/shrike vs VEGA/pilot @ arena 103 — series: FALCONER 3 — 0 VEGA (20260610-183444-FALCONER-shrike-vs-VEGA-pilot)
2026-06-10T18:34:45.477Z [sparring] worker 0: ESCA/angler vs VEGA/pilot @ arena 895 — series: ESCA 3 — 0 VEGA (20260610-183445-ESCA-angler-vs-VEGA-pilot)
2026-06-10T18:34:48.475Z [sparring] worker 2: DISCIPLE/disciple vs AKELA/wolf @ arena 25 — series: DISCIPLE 0 — 3 AKELA (20260610-183448-DISCIPLE-disciple-vs-AKELA-wolf)
2026-06-10T18:34:49.008Z [sparring] worker 1: FALCONER/kestrel vs LERNA/hydra @ arena 551 — series: FALCONER 2 — 1 LERNA (20260610-183448-FALCONER-kestrel-vs-LERNA-hydra)
2026-06-10T18:34:49.828Z [sparring] worker 0: OKONKWO/reaper vs VEGA/pilot @ arena 930 — series: OKONKWO 0 — 3 VEGA (20260610-183449-OKONKWO-reaper-vs-VEGA-pilot)
2026-06-10T18:34:53.043Z [sparring] worker 2: LERNA/hydra vs VEGA/pilot @ arena 334 — series: LERNA 2 — 1 VEGA (20260610-183452-LERNA-hydra-vs-VEGA-pilot)
2026-06-10T18:34:54.006Z [sparring] worker 1: FALCONER/plover vs FALCONER/kestrel @ arena 888 — series: FALCONER 2 — 0 FALCONER (20260610-183453-FALCONER-plover-vs-FALCONER-kestrel)
2026-06-10T18:34:54.671Z [sparring] worker 0: DISCIPLE/disciple vs FALCONER/plover @ arena 850 — series: DISCIPLE 0 — 3 FALCONER (20260610-183454-DISCIPLE-disciple-vs-FALCONER-plover)
2026-06-10T18:34:57.985Z [sparring] worker 2: VERONICA/matador vs FALCONER/shrike @ arena 891 — series: VERONICA 2 — 1 FALCONER (20260610-183457-VERONICA-matador-vs-FALCONER-shrike)
2026-06-10T18:34:58.405Z [sparring] worker 1: OKONKWO/reaper vs VEGA/pilot @ arena 964 — series: OKONKWO 1 — 2 VEGA (20260610-183458-OKONKWO-reaper-vs-VEGA-pilot)
2026-06-10T18:34:58.670Z [sparring] worker 0: OKONKWO/reaper vs VEGA/pilot @ arena 329 — series: OKONKWO 2 — 1 VEGA (20260610-183458-OKONKWO-reaper-vs-VEGA-pilot)
2026-06-10T18:35:02.583Z [sparring] worker 2: DISCIPLE/disciple vs VERONICA/matador @ arena 219 — series: DISCIPLE 0 — 3 VERONICA (20260610-183502-DISCIPLE-disciple-vs-VERONICA-matador)
2026-06-10T18:35:02.888Z [sparring] worker 0: MIMIC/neural vs FALCONER/kestrel @ arena 912 — series: MIMIC 0 — 3 FALCONER (20260610-183502-MIMIC-neural-vs-FALCONER-kestrel)
2026-06-10T18:35:03.846Z [sparring] worker 1: VEGA/pilot vs LERNA/hydra @ arena 568 — series: VEGA 0 — 3 LERNA (20260610-183503-VEGA-pilot-vs-LERNA-hydra)
2026-06-10T18:35:06.596Z [sparring] worker 2: VERONICA/matador vs FALCONER/kestrel @ arena 440 — series: VERONICA 3 — 0 FALCONER (20260610-183506-VERONICA-matador-vs-FALCONER-kestrel)
2026-06-10T18:35:07.170Z [sparring] worker 0: ESCA/angler vs AKELA/wolf @ arena 10 — series: ESCA 2 — 1 AKELA (20260610-183506-ESCA-angler-vs-AKELA-wolf)
2026-06-10T18:35:07.563Z [sparring] worker 1: AKELA/wolf vs FALCONER/kestrel @ arena 567 — series: AKELA 3 — 0 FALCONER (20260610-183507-AKELA-wolf-vs-FALCONER-kestrel)
2026-06-10T18:35:11.551Z [sparring] worker 2: FALCONER/plover vs OKONKWO/reaper @ arena 270 — series: FALCONER 3 — 0 OKONKWO (20260610-183511-FALCONER-plover-vs-OKONKWO-reaper)
2026-06-10T18:35:12.034Z [sparring] worker 0: LERNA/hydra vs OKONKWO/reaper @ arena 962 — series: LERNA 3 — 0 OKONKWO (20260610-183511-LERNA-hydra-vs-OKONKWO-reaper)
2026-06-10T18:35:12.200Z [sparring] worker 1: FALCONER/kestrel vs LERNA/hydra @ arena 503 — series: FALCONER 2 — 1 LERNA (20260610-183511-FALCONER-kestrel-vs-LERNA-hydra)
2026-06-10T18:35:16.953Z [sparring] worker 2: MIMIC/neural vs BLACKFISH/orca @ arena 296 — series: MIMIC 0 — 3 BLACKFISH (20260610-183516-MIMIC-neural-vs-BLACKFISH-orca)
2026-06-10T18:35:17.240Z [sparring] worker 0: OKONKWO/reaper vs BLACKFISH/orca @ arena 408 — series: OKONKWO 0 — 3 BLACKFISH (20260610-183516-OKONKWO-reaper-vs-BLACKFISH-orca)
2026-06-10T18:35:17.423Z [sparring] worker 1: OKONKWO/reaper vs ESCA/angler @ arena 214 — series: OKONKWO 0 — 3 ESCA (20260610-183517-OKONKWO-reaper-vs-ESCA-angler)
2026-06-10T18:35:21.429Z [sparring] worker 0: AKELA/wolf vs MIMIC/neural @ arena 495 — series: AKELA 3 — 0 MIMIC (20260610-183521-AKELA-wolf-vs-MIMIC-neural)
2026-06-10T18:35:21.511Z [sparring] worker 1: FALCONER/kestrel vs AKELA/wolf @ arena 788 — series: FALCONER 0 — 3 AKELA (20260610-183521-FALCONER-kestrel-vs-AKELA-wolf)
2026-06-10T18:35:23.157Z [sparring] worker 2: BLACKFISH/orca vs DISCIPLE/disciple @ arena 399 — series: BLACKFISH 3 — 0 DISCIPLE (20260610-183522-BLACKFISH-orca-vs-DISCIPLE-disciple)
2026-06-10T18:35:25.502Z [sparring] worker 0: OKONKWO/reaper vs AKELA/wolf @ arena 507 — series: OKONKWO 0 — 3 AKELA (20260610-183525-OKONKWO-reaper-vs-AKELA-wolf)
2026-06-10T18:35:26.534Z [sparring] worker 1: FALCONER/plover vs FALCONER/kestrel @ arena 609 — series: FALCONER 1 — 2 FALCONER (20260610-183526-FALCONER-plover-vs-FALCONER-kestrel)
2026-06-10T18:35:28.839Z [sparring] worker 2: MIMIC/neural vs DISCIPLE/disciple @ arena 439 — series: MIMIC 0 — 3 DISCIPLE (20260610-183528-MIMIC-neural-vs-DISCIPLE-disciple)
2026-06-10T18:35:30.919Z [sparring] worker 0: MIMIC/neural vs BELMONTE/cuadrilla @ arena 30 — series: MIMIC 0 — 3 BELMONTE (20260610-183530-MIMIC-neural-vs-BELMONTE-cuadrilla)
2026-06-10T18:35:31.618Z [sparring] worker 1: VERONICA/matador vs LERNA/hydra @ arena 139 — series: VERONICA 1 — 2 LERNA (20260610-183531-VERONICA-matador-vs-LERNA-hydra)
2026-06-10T18:35:33.635Z [sparring] worker 2: BELMONTE/cuadrilla vs FALCONER/shrike @ arena 710 — series: BELMONTE 2 — 0 FALCONER (20260610-183533-BELMONTE-cuadrilla-vs-FALCONER-shrike)
2026-06-10T18:35:34.797Z [sparring] worker 0: MIMIC/neural vs VERONICA/matador @ arena 106 — series: MIMIC 0 — 3 VERONICA (20260610-183534-MIMIC-neural-vs-VERONICA-matador)
2026-06-10T18:35:37.315Z [sparring] worker 2: VEGA/pilot vs VERONICA/matador @ arena 611 — series: VEGA 0 — 3 VERONICA (20260610-183537-VEGA-pilot-vs-VERONICA-matador)
2026-06-10T18:35:37.747Z [sparring] worker 1: DISCIPLE/disciple vs BELMONTE/cuadrilla @ arena 537 — series: DISCIPLE 0 — 3 BELMONTE (20260610-183537-DISCIPLE-disciple-vs-BELMONTE-cuadrilla)
2026-06-10T18:35:39.956Z [sparring] worker 0: BELMONTE/cuadrilla vs LERNA/hydra @ arena 143 — series: BELMONTE 3 — 0 LERNA (20260610-183539-BELMONTE-cuadrilla-vs-LERNA-hydra)
2026-06-10T18:35:41.432Z [sparring] worker 2: VEGA/pilot vs LERNA/hydra @ arena 165 — series: VEGA 0 — 3 LERNA (20260610-183541-VEGA-pilot-vs-LERNA-hydra)
2026-06-10T18:35:42.606Z [sparring] worker 1: BLACKFISH/orca vs ESCA/angler @ arena 59 — series: BLACKFISH 2 — 1 ESCA (20260610-183542-BLACKFISH-orca-vs-ESCA-angler)
2026-06-10T18:35:44.847Z [sparring] worker 0: VERONICA/matador vs DISCIPLE/disciple @ arena 956 — series: VERONICA 3 — 0 DISCIPLE (20260610-183544-VERONICA-matador-vs-DISCIPLE-disciple)
2026-06-10T18:35:46.238Z [sparring] worker 2: MIMIC/neural vs BLACKFISH/orca @ arena 454 — series: MIMIC 0 — 3 BLACKFISH (20260610-183545-MIMIC-neural-vs-BLACKFISH-orca)
2026-06-10T18:35:46.704Z [sparring] worker 1: LERNA/hydra vs OKONKWO/reaper @ arena 146 — series: LERNA 3 — 0 OKONKWO (20260610-183546-LERNA-hydra-vs-OKONKWO-reaper)
2026-06-10T18:35:49.128Z [sparring] worker 0: MIMIC/neural vs FALCONER/shrike @ arena 224 — series: MIMIC 0 — 3 FALCONER (20260610-183548-MIMIC-neural-vs-FALCONER-shrike)
2026-06-10T18:35:50.934Z [sparring] worker 2: FALCONER/shrike vs OKONKWO/reaper @ arena 6 — series: FALCONER 3 — 0 OKONKWO (20260610-183550-FALCONER-shrike-vs-OKONKWO-reaper)
2026-06-10T18:35:50.973Z [sparring] worker 1: FALCONER/kestrel vs OKONKWO/reaper @ arena 620 — series: FALCONER 3 — 0 OKONKWO (20260610-183550-FALCONER-kestrel-vs-OKONKWO-reaper)
2026-06-10T18:35:53.577Z [sparring] worker 0: BLACKFISH/orca vs VERONICA/matador @ arena 691 — series: BLACKFISH 3 — 0 VERONICA (20260610-183553-BLACKFISH-orca-vs-VERONICA-matador)
2026-06-10T18:35:55.350Z [sparring] worker 2: FALCONER/kestrel vs VERONICA/matador @ arena 667 — series: FALCONER 1 — 2 VERONICA (20260610-183555-FALCONER-kestrel-vs-VERONICA-matador)
2026-06-10T18:35:56.079Z [sparring] worker 1: DISCIPLE/disciple vs VERONICA/matador @ arena 525 — series: DISCIPLE 0 — 3 VERONICA (20260610-183555-DISCIPLE-disciple-vs-VERONICA-matador)
2026-06-10T18:35:58.411Z [sparring] worker 0: BLACKFISH/orca vs MIMIC/neural @ arena 672 — series: BLACKFISH 3 — 0 MIMIC (20260610-183558-BLACKFISH-orca-vs-MIMIC-neural)
2026-06-10T18:35:59.591Z [sparring] worker 2: AKELA/wolf vs MIMIC/neural @ arena 725 — series: AKELA 3 — 0 MIMIC (20260610-183559-AKELA-wolf-vs-MIMIC-neural)
2026-06-10T18:36:00.980Z [sparring] worker 1: VERONICA/matador vs DISCIPLE/disciple @ arena 730 — series: VERONICA 3 — 0 DISCIPLE (20260610-183600-VERONICA-matador-vs-DISCIPLE-disciple)
2026-06-10T18:36:02.722Z [sparring] worker 0: LERNA/hydra vs VERONICA/matador @ arena 828 — series: LERNA 0 — 3 VERONICA (20260610-183602-LERNA-hydra-vs-VERONICA-matador)
2026-06-10T18:36:03.910Z [sparring] worker 2: FALCONER/kestrel vs VEGA/pilot @ arena 831 — series: FALCONER 2 — 1 VEGA (20260610-183603-FALCONER-kestrel-vs-VEGA-pilot)
2026-06-10T18:36:06.043Z [sparring] worker 1: FALCONER/plover vs ESCA/angler @ arena 127 — series: FALCONER 0 — 3 ESCA (20260610-183605-FALCONER-plover-vs-ESCA-angler)
2026-06-10T18:36:07.198Z [sparring] worker 0: FALCONER/shrike vs MIMIC/neural @ arena 406 — series: FALCONER 3 — 0 MIMIC (20260610-183606-FALCONER-shrike-vs-MIMIC-neural)
2026-06-10T18:36:08.787Z [sparring] worker 2: DISCIPLE/disciple vs FALCONER/kestrel @ arena 310 — series: DISCIPLE 0 — 3 FALCONER (20260610-183608-DISCIPLE-disciple-vs-FALCONER-kestrel)
2026-06-10T18:36:10.172Z [sparring] worker 1: LERNA/hydra vs VEGA/pilot @ arena 195 — series: LERNA 2 — 1 VEGA (20260610-183609-LERNA-hydra-vs-VEGA-pilot)
2026-06-10T18:36:11.342Z [sparring] worker 0: MIMIC/neural vs AKELA/wolf @ arena 605 — series: MIMIC 0 — 3 AKELA (20260610-183610-MIMIC-neural-vs-AKELA-wolf)
2026-06-10T18:36:13.019Z [sparring] worker 2: VERONICA/matador vs ESCA/angler @ arena 834 — series: VERONICA 0 — 3 ESCA (20260610-183612-VERONICA-matador-vs-ESCA-angler)
2026-06-10T18:36:14.215Z [sparring] worker 1: AKELA/wolf vs MIMIC/neural @ arena 715 — series: AKELA 3 — 0 MIMIC (20260610-183613-AKELA-wolf-vs-MIMIC-neural)
2026-06-10T18:36:15.370Z [sparring] worker 0: VEGA/pilot vs AKELA/wolf @ arena 541 — series: VEGA 0 — 3 AKELA (20260610-183615-VEGA-pilot-vs-AKELA-wolf)
2026-06-10T18:36:17.709Z [sparring] worker 2: VERONICA/matador vs BELMONTE/cuadrilla @ arena 1 — series: VERONICA 0 — 3 BELMONTE (20260610-183617-VERONICA-matador-vs-BELMONTE-cuadrilla)
2026-06-10T18:36:18.174Z [sparring] worker 1: VERONICA/matador vs VEGA/pilot @ arena 735 — series: VERONICA 3 — 0 VEGA (20260610-183617-VERONICA-matador-vs-VEGA-pilot)
2026-06-10T18:36:20.412Z [sparring] worker 0: DISCIPLE/disciple vs FALCONER/plover @ arena 200 — series: DISCIPLE 0 — 3 FALCONER (20260610-183620-DISCIPLE-disciple-vs-FALCONER-plover)
2026-06-10T18:36:22.410Z [sparring] worker 2: OKONKWO/reaper vs LERNA/hydra @ arena 831 — series: OKONKWO 0 — 3 LERNA (20260610-183622-OKONKWO-reaper-vs-LERNA-hydra)
2026-06-10T18:36:22.480Z [sparring] worker 1: LERNA/hydra vs ESCA/angler @ arena 553 — series: LERNA 1 — 2 ESCA (20260610-183622-LERNA-hydra-vs-ESCA-angler)
2026-06-10T18:36:24.232Z [sparring] worker 0: OKONKWO/reaper vs FALCONER/kestrel @ arena 384 — series: OKONKWO 0 — 3 FALCONER (20260610-183623-OKONKWO-reaper-vs-FALCONER-kestrel)
2026-06-10T18:36:26.577Z [sparring] worker 2: AKELA/wolf vs VERONICA/matador @ arena 883 — series: AKELA 3 — 0 VERONICA (20260610-183626-AKELA-wolf-vs-VERONICA-matador)
2026-06-10T18:36:28.031Z [sparring] worker 1: LERNA/hydra vs BELMONTE/cuadrilla @ arena 901 — series: LERNA 0 — 3 BELMONTE (20260610-183627-LERNA-hydra-vs-BELMONTE-cuadrilla)
2026-06-10T18:36:29.517Z [sparring] worker 0: FALCONER/plover vs DISCIPLE/disciple @ arena 673 — series: FALCONER 3 — 0 DISCIPLE (20260610-183629-FALCONER-plover-vs-DISCIPLE-disciple)
2026-06-10T18:36:31.107Z [sparring] worker 2: FALCONER/plover vs ESCA/angler @ arena 320 — series: FALCONER 0 — 3 ESCA (20260610-183630-FALCONER-plover-vs-ESCA-angler)
2026-06-10T18:36:32.897Z [sparring] worker 1: DISCIPLE/disciple vs OKONKWO/reaper @ arena 681 — series: DISCIPLE 0 — 3 OKONKWO (20260610-183632-DISCIPLE-disciple-vs-OKONKWO-reaper)
2026-06-10T18:36:35.274Z [sparring] worker 0: FALCONER/plover vs BLACKFISH/orca @ arena 301 — series: FALCONER 0 — 3 BLACKFISH (20260610-183634-FALCONER-plover-vs-BLACKFISH-orca)
2026-06-10T18:36:35.724Z [sparring] worker 2: LERNA/hydra vs VEGA/pilot @ arena 654 — series: LERNA 3 — 0 VEGA (20260610-183635-LERNA-hydra-vs-VEGA-pilot)
2026-06-10T18:36:38.406Z [sparring] worker 1: BLACKFISH/orca vs FALCONER/kestrel @ arena 427 — series: BLACKFISH 3 — 0 FALCONER (20260610-183638-BLACKFISH-orca-vs-FALCONER-kestrel)
2026-06-10T18:36:39.252Z [sparring] worker 0: OKONKWO/reaper vs AKELA/wolf @ arena 611 — series: OKONKWO 0 — 3 AKELA (20260610-183638-OKONKWO-reaper-vs-AKELA-wolf)
2026-06-10T18:36:40.324Z [sparring] worker 2: OKONKWO/reaper vs FALCONER/plover @ arena 350 — series: OKONKWO 1 — 2 FALCONER (20260610-183640-OKONKWO-reaper-vs-FALCONER-plover)
2026-06-10T18:36:42.734Z [sparring] worker 1: FALCONER/shrike vs VEGA/pilot @ arena 330 — series: FALCONER 2 — 0 VEGA (20260610-183642-FALCONER-shrike-vs-VEGA-pilot)
2026-06-10T18:36:44.316Z [sparring] worker 0: FALCONER/plover vs LERNA/hydra @ arena 550 — series: FALCONER 1 — 2 LERNA (20260610-183643-FALCONER-plover-vs-LERNA-hydra)
2026-06-10T18:36:44.478Z [sparring] worker 2: FALCONER/shrike vs VERONICA/matador @ arena 220 — series: FALCONER 1 — 2 VERONICA (20260610-183644-FALCONER-shrike-vs-VERONICA-matador)
2026-06-10T18:36:47.186Z [sparring] worker 1: FALCONER/kestrel vs OKONKWO/reaper @ arena 673 — series: FALCONER 3 — 0 OKONKWO (20260610-183646-FALCONER-kestrel-vs-OKONKWO-reaper)
2026-06-10T18:36:49.460Z [sparring] worker 0: AKELA/wolf vs DISCIPLE/disciple @ arena 214 — series: AKELA 3 — 0 DISCIPLE (20260610-183649-AKELA-wolf-vs-DISCIPLE-disciple)
2026-06-10T18:36:49.593Z [sparring] worker 2: BLACKFISH/orca vs VEGA/pilot @ arena 946 — series: BLACKFISH 3 — 0 VEGA (20260610-183649-BLACKFISH-orca-vs-VEGA-pilot)
2026-06-10T18:36:51.313Z [sparring] worker 1: FALCONER/plover vs VEGA/pilot @ arena 72 — series: FALCONER 3 — 0 VEGA (20260610-183650-FALCONER-plover-vs-VEGA-pilot)
2026-06-10T18:36:54.767Z [sparring] worker 0: LERNA/hydra vs MIMIC/neural @ arena 104 — series: LERNA 3 — 0 MIMIC (20260610-183654-LERNA-hydra-vs-MIMIC-neural)
2026-06-10T18:36:54.863Z [sparring] worker 2: BLACKFISH/orca vs OKONKWO/reaper @ arena 869 — series: BLACKFISH 3 — 0 OKONKWO (20260610-183654-BLACKFISH-orca-vs-OKONKWO-reaper)
2026-06-10T18:36:56.320Z [sparring] worker 1: AKELA/wolf vs DISCIPLE/disciple @ arena 294 — series: AKELA 3 — 0 DISCIPLE (20260610-183656-AKELA-wolf-vs-DISCIPLE-disciple)
2026-06-10T18:36:59.116Z [sparring] worker 0: AKELA/wolf vs FALCONER/kestrel @ arena 67 — series: AKELA 3 — 0 FALCONER (20260610-183658-AKELA-wolf-vs-FALCONER-kestrel)
2026-06-10T18:37:00.331Z [sparring] worker 1: OKONKWO/reaper vs AKELA/wolf @ arena 801 — series: OKONKWO 0 — 3 AKELA (20260610-183659-OKONKWO-reaper-vs-AKELA-wolf)
2026-06-10T18:37:00.380Z [sparring] worker 2: ESCA/angler vs BLACKFISH/orca @ arena 265 — series: ESCA 1 — 2 BLACKFISH (20260610-183700-ESCA-angler-vs-BLACKFISH-orca)
2026-06-10T18:37:03.620Z [sparring] worker 0: OKONKWO/reaper vs VERONICA/matador @ arena 155 — series: OKONKWO 0 — 3 VERONICA (20260610-183703-OKONKWO-reaper-vs-VERONICA-matador)
2026-06-10T18:37:04.820Z [sparring] worker 2: VEGA/pilot vs LERNA/hydra @ arena 716 — series: VEGA 0 — 3 LERNA (20260610-183704-VEGA-pilot-vs-LERNA-hydra)
2026-06-10T18:37:05.368Z [sparring] worker 1: MIMIC/neural vs FALCONER/shrike @ arena 476 — series: MIMIC 0 — 3 FALCONER (20260610-183705-MIMIC-neural-vs-FALCONER-shrike)
2026-06-10T18:37:07.413Z [sparring] worker 0: AKELA/wolf vs LERNA/hydra @ arena 159 — series: AKELA 3 — 0 LERNA (20260610-183707-AKELA-wolf-vs-LERNA-hydra)
2026-06-10T18:37:09.919Z [sparring] worker 1: ESCA/angler vs BELMONTE/cuadrilla @ arena 807 — series: ESCA 1 — 1 BELMONTE (20260610-183709-ESCA-angler-vs-BELMONTE-cuadrilla)
2026-06-10T18:37:10.362Z [sparring] worker 2: ESCA/angler vs BELMONTE/cuadrilla @ arena 575 — series: ESCA 1 — 1 BELMONTE (20260610-183710-ESCA-angler-vs-BELMONTE-cuadrilla)
2026-06-10T18:37:11.582Z [sparring] worker 0: VERONICA/matador vs FALCONER/shrike @ arena 191 — series: VERONICA 2 — 1 FALCONER (20260610-183711-VERONICA-matador-vs-FALCONER-shrike)
2026-06-10T18:37:14.623Z [sparring] worker 2: OKONKWO/reaper vs MIMIC/neural @ arena 655 — series: OKONKWO 3 — 0 MIMIC (20260610-183714-OKONKWO-reaper-vs-MIMIC-neural)
2026-06-10T18:37:15.602Z [sparring] worker 1: DISCIPLE/disciple vs FALCONER/shrike @ arena 150 — series: DISCIPLE 0 — 3 FALCONER (20260610-183715-DISCIPLE-disciple-vs-FALCONER-shrike)
2026-06-10T18:37:17.651Z [sparring] worker 0: FALCONER/shrike vs BLACKFISH/orca @ arena 61 — series: FALCONER 0 — 3 BLACKFISH (20260610-183717-FALCONER-shrike-vs-BLACKFISH-orca)
2026-06-10T18:37:19.443Z [sparring] worker 2: BLACKFISH/orca vs FALCONER/shrike @ arena 434 — series: BLACKFISH 3 — 0 FALCONER (20260610-183719-BLACKFISH-orca-vs-FALCONER-shrike)
2026-06-10T18:37:19.518Z [sparring] worker 1: OKONKWO/reaper vs FALCONER/kestrel @ arena 239 — series: OKONKWO 0 — 3 FALCONER (20260610-183719-OKONKWO-reaper-vs-FALCONER-kestrel)
2026-06-10T18:37:22.570Z [sparring] worker 0: FALCONER/plover vs ESCA/angler @ arena 233 — series: FALCONER 0 — 3 ESCA (20260610-183722-FALCONER-plover-vs-ESCA-angler)
2026-06-10T18:37:23.446Z [sparring] worker 1: OKONKWO/reaper vs VEGA/pilot @ arena 465 — series: OKONKWO 0 — 3 VEGA (20260610-183723-OKONKWO-reaper-vs-VEGA-pilot)
2026-06-10T18:37:24.649Z [sparring] worker 2: VERONICA/matador vs BELMONTE/cuadrilla @ arena 989 — series: VERONICA 0 — 3 BELMONTE (20260610-183724-VERONICA-matador-vs-BELMONTE-cuadrilla)
2026-06-10T18:37:26.513Z [sparring] worker 0: OKONKWO/reaper vs FALCONER/kestrel @ arena 210 — series: OKONKWO 0 — 3 FALCONER (20260610-183726-OKONKWO-reaper-vs-FALCONER-kestrel)
2026-06-10T18:37:27.470Z [sparring] worker 1: VEGA/pilot vs FALCONER/shrike @ arena 37 — series: VEGA 0 — 3 FALCONER (20260610-183727-VEGA-pilot-vs-FALCONER-shrike)
2026-06-10T18:37:28.731Z [sparring] worker 2: FALCONER/shrike vs VERONICA/matador @ arena 925 — series: FALCONER 0 — 3 VERONICA (20260610-183728-FALCONER-shrike-vs-VERONICA-matador)
2026-06-10T18:37:30.798Z [sparring] worker 0: FALCONER/kestrel vs VERONICA/matador @ arena 874 — series: FALCONER 0 — 3 VERONICA (20260610-183730-FALCONER-kestrel-vs-VERONICA-matador)
2026-06-10T18:37:32.334Z [sparring] worker 1: MIMIC/neural vs BLACKFISH/orca @ arena 173 — series: MIMIC 0 — 3 BLACKFISH (20260610-183732-MIMIC-neural-vs-BLACKFISH-orca)
2026-06-10T18:37:33.836Z [sparring] worker 2: BELMONTE/cuadrilla vs MIMIC/neural @ arena 875 — series: BELMONTE 3 — 0 MIMIC (20260610-183733-BELMONTE-cuadrilla-vs-MIMIC-neural)
2026-06-10T18:37:35.306Z [sparring] worker 0: FALCONER/shrike vs AKELA/wolf @ arena 282 — series: FALCONER 2 — 0 AKELA (20260610-183735-FALCONER-shrike-vs-AKELA-wolf)
2026-06-10T18:37:36.570Z [sparring] worker 1: VEGA/pilot vs FALCONER/plover @ arena 790 — series: VEGA 0 — 3 FALCONER (20260610-183736-VEGA-pilot-vs-FALCONER-plover)
2026-06-10T18:37:39.306Z [sparring] worker 2: BLACKFISH/orca vs BELMONTE/cuadrilla @ arena 747 — series: BLACKFISH 3 — 0 BELMONTE (20260610-183738-BLACKFISH-orca-vs-BELMONTE-cuadrilla)
2026-06-10T18:37:40.341Z [sparring] worker 0: VERONICA/matador vs DISCIPLE/disciple @ arena 609 — series: VERONICA 3 — 0 DISCIPLE (20260610-183740-VERONICA-matador-vs-DISCIPLE-disciple)
2026-06-10T18:37:41.559Z [sparring] worker 1: FALCONER/shrike vs BELMONTE/cuadrilla @ arena 171 — series: FALCONER 0 — 3 BELMONTE (20260610-183741-FALCONER-shrike-vs-BELMONTE-cuadrilla)
2026-06-10T18:37:43.185Z [sparring] worker 2: FALCONER/plover vs VERONICA/matador @ arena 422 — series: FALCONER 1 — 2 VERONICA (20260610-183742-FALCONER-plover-vs-VERONICA-matador)
2026-06-10T18:37:45.847Z [sparring] worker 0: BELMONTE/cuadrilla vs BLACKFISH/orca @ arena 211 — series: BELMONTE 2 — 1 BLACKFISH (20260610-183745-BELMONTE-cuadrilla-vs-BLACKFISH-orca)
2026-06-10T18:37:46.067Z [sparring] worker 1: FALCONER/kestrel vs VEGA/pilot @ arena 885 — series: FALCONER 2 — 0 VEGA (20260610-183745-FALCONER-kestrel-vs-VEGA-pilot)
2026-06-10T18:37:47.806Z [sparring] worker 2: ESCA/angler vs LERNA/hydra @ arena 212 — series: ESCA 3 — 0 LERNA (20260610-183747-ESCA-angler-vs-LERNA-hydra)
2026-06-10T18:37:50.333Z [sparring] worker 0: FALCONER/plover vs AKELA/wolf @ arena 362 — series: FALCONER 0 — 3 AKELA (20260610-183750-FALCONER-plover-vs-AKELA-wolf)
2026-06-10T18:37:51.198Z [sparring] worker 1: FALCONER/plover vs BELMONTE/cuadrilla @ arena 784 — series: FALCONER 0 — 3 BELMONTE (20260610-183750-FALCONER-plover-vs-BELMONTE-cuadrilla)
2026-06-10T18:37:52.573Z [sparring] worker 2: ESCA/angler vs VERONICA/matador @ arena 923 — series: ESCA 3 — 0 VERONICA (20260610-183752-ESCA-angler-vs-VERONICA-matador)
2026-06-10T18:37:55.451Z [sparring] worker 0: MIMIC/neural vs BELMONTE/cuadrilla @ arena 812 — series: MIMIC 0 — 3 BELMONTE (20260610-183755-MIMIC-neural-vs-BELMONTE-cuadrilla)
2026-06-10T18:37:56.155Z [sparring] worker 1: MIMIC/neural vs BELMONTE/cuadrilla @ arena 596 — series: MIMIC 0 — 3 BELMONTE (20260610-183755-MIMIC-neural-vs-BELMONTE-cuadrilla)
2026-06-10T18:37:57.762Z [sparring] worker 2: DISCIPLE/disciple vs FALCONER/shrike @ arena 633 — series: DISCIPLE 0 — 3 FALCONER (20260610-183757-DISCIPLE-disciple-vs-FALCONER-shrike)
2026-06-10T18:38:01.088Z [sparring] worker 0: BELMONTE/cuadrilla vs DISCIPLE/disciple @ arena 211 — series: BELMONTE 3 — 0 DISCIPLE (20260610-183800-BELMONTE-cuadrilla-vs-DISCIPLE-disciple)
2026-06-10T18:38:01.122Z [sparring] worker 1: FALCONER/kestrel vs LERNA/hydra @ arena 762 — series: FALCONER 2 — 0 LERNA (20260610-183800-FALCONER-kestrel-vs-LERNA-hydra)
2026-06-10T18:38:02.204Z [sparring] worker 2: ESCA/angler vs FALCONER/kestrel @ arena 228 — series: ESCA 3 — 0 FALCONER (20260610-183801-ESCA-angler-vs-FALCONER-kestrel)
2026-06-10T18:38:05.291Z [sparring] worker 0: FALCONER/kestrel vs AKELA/wolf @ arena 975 — series: FALCONER 0 — 3 AKELA (20260610-183805-FALCONER-kestrel-vs-AKELA-wolf)
2026-06-10T18:38:05.774Z [sparring] worker 1: MIMIC/neural vs FALCONER/shrike @ arena 392 — series: MIMIC 0 — 3 FALCONER (20260610-183805-MIMIC-neural-vs-FALCONER-shrike)
2026-06-10T18:38:06.369Z [sparring] worker 2: FALCONER/plover vs FALCONER/shrike @ arena 871 — series: FALCONER 0 — 2 FALCONER (20260610-183806-FALCONER-plover-vs-FALCONER-shrike)
2026-06-10T18:38:09.787Z [sparring] worker 1: AKELA/wolf vs MIMIC/neural @ arena 599 — series: AKELA 3 — 0 MIMIC (20260610-183809-AKELA-wolf-vs-MIMIC-neural)
2026-06-10T18:38:09.871Z [sparring] worker 0: VERONICA/matador vs VEGA/pilot @ arena 186 — series: VERONICA 2 — 1 VEGA (20260610-183809-VERONICA-matador-vs-VEGA-pilot)
2026-06-10T18:38:11.339Z [sparring] worker 2: BELMONTE/cuadrilla vs VERONICA/matador @ arena 365 — series: BELMONTE 3 — 0 VERONICA (20260610-183811-BELMONTE-cuadrilla-vs-VERONICA-matador)
2026-06-10T18:38:14.737Z [sparring] worker 1: DISCIPLE/disciple vs VERONICA/matador @ arena 975 — series: DISCIPLE 0 — 3 VERONICA (20260610-183814-DISCIPLE-disciple-vs-VERONICA-matador)
2026-06-10T18:38:14.874Z [sparring] worker 0: ESCA/angler vs MIMIC/neural @ arena 246 — series: ESCA 3 — 0 MIMIC (20260610-183814-ESCA-angler-vs-MIMIC-neural)
2026-06-10T18:38:16.238Z [sparring] worker 2: DISCIPLE/disciple vs OKONKWO/reaper @ arena 777 — series: DISCIPLE 0 — 3 OKONKWO (20260610-183815-DISCIPLE-disciple-vs-OKONKWO-reaper)
2026-06-10T18:38:18.881Z [sparring] worker 1: VERONICA/matador vs AKELA/wolf @ arena 430 — series: VERONICA 0 — 3 AKELA (20260610-183818-VERONICA-matador-vs-AKELA-wolf)
2026-06-10T18:38:19.426Z [sparring] worker 0: OKONKWO/reaper vs VERONICA/matador @ arena 374 — series: OKONKWO 1 — 2 VERONICA (20260610-183819-OKONKWO-reaper-vs-VERONICA-matador)
2026-06-10T18:38:21.252Z [sparring] worker 2: FALCONER/shrike vs LERNA/hydra @ arena 381 — series: FALCONER 3 — 0 LERNA (20260610-183820-FALCONER-shrike-vs-LERNA-hydra)
2026-06-10T18:38:23.531Z [sparring] worker 1: OKONKWO/reaper vs BLACKFISH/orca @ arena 523 — series: OKONKWO 0 — 3 BLACKFISH (20260610-183823-OKONKWO-reaper-vs-BLACKFISH-orca)
2026-06-10T18:38:23.836Z [sparring] worker 0: ESCA/angler vs LERNA/hydra @ arena 308 — series: ESCA 3 — 0 LERNA (20260610-183823-ESCA-angler-vs-LERNA-hydra)
2026-06-10T18:38:26.186Z [sparring] worker 2: BELMONTE/cuadrilla vs MIMIC/neural @ arena 695 — series: BELMONTE 3 — 0 MIMIC (20260610-183825-BELMONTE-cuadrilla-vs-MIMIC-neural)
2026-06-10T18:38:28.015Z [sparring] worker 0: LERNA/hydra vs AKELA/wolf @ arena 477 — series: LERNA 0 — 2 AKELA (20260610-183827-LERNA-hydra-vs-AKELA-wolf)
2026-06-10T18:38:28.228Z [sparring] worker 1: OKONKWO/reaper vs FALCONER/plover @ arena 215 — series: OKONKWO 0 — 3 FALCONER (20260610-183827-OKONKWO-reaper-vs-FALCONER-plover)
2026-06-10T18:38:31.253Z [sparring] worker 2: LERNA/hydra vs DISCIPLE/disciple @ arena 273 — series: LERNA 3 — 0 DISCIPLE (20260610-183830-LERNA-hydra-vs-DISCIPLE-disciple)
2026-06-10T18:38:32.308Z [sparring] worker 0: ESCA/angler vs FALCONER/kestrel @ arena 305 — series: ESCA 3 — 0 FALCONER (20260610-183831-ESCA-angler-vs-FALCONER-kestrel)
2026-06-10T18:38:34.388Z [sparring] worker 1: DISCIPLE/disciple vs BLACKFISH/orca @ arena 479 — series: DISCIPLE 0 — 3 BLACKFISH (20260610-183834-DISCIPLE-disciple-vs-BLACKFISH-orca)
2026-06-10T18:38:35.593Z [sparring] worker 2: OKONKWO/reaper vs MIMIC/neural @ arena 992 — series: OKONKWO 3 — 0 MIMIC (20260610-183835-OKONKWO-reaper-vs-MIMIC-neural)
2026-06-10T18:38:36.445Z [sparring] worker 0: LERNA/hydra vs FALCONER/kestrel @ arena 940 — series: LERNA 1 — 2 FALCONER (20260610-183836-LERNA-hydra-vs-FALCONER-kestrel)
2026-06-10T18:38:38.578Z [sparring] worker 1: LERNA/hydra vs ESCA/angler @ arena 841 — series: LERNA 0 — 3 ESCA (20260610-183838-LERNA-hydra-vs-ESCA-angler)
2026-06-10T18:38:40.031Z [sparring] worker 2: ESCA/angler vs LERNA/hydra @ arena 947 — series: ESCA 3 — 0 LERNA (20260610-183839-ESCA-angler-vs-LERNA-hydra)
2026-06-10T18:38:41.767Z [sparring] worker 0: BELMONTE/cuadrilla vs VEGA/pilot @ arena 233 — series: BELMONTE 3 — 0 VEGA (20260610-183841-BELMONTE-cuadrilla-vs-VEGA-pilot)
2026-06-10T18:38:42.749Z [sparring] worker 1: VERONICA/matador vs AKELA/wolf @ arena 501 — series: VERONICA 2 — 1 AKELA (20260610-183842-VERONICA-matador-vs-AKELA-wolf)
2026-06-10T18:38:45.271Z [sparring] worker 2: LERNA/hydra vs BELMONTE/cuadrilla @ arena 444 — series: LERNA 0 — 3 BELMONTE (20260610-183844-LERNA-hydra-vs-BELMONTE-cuadrilla)
2026-06-10T18:38:46.598Z [sparring] worker 0: FALCONER/shrike vs BLACKFISH/orca @ arena 858 — series: FALCONER 0 — 3 BLACKFISH (20260610-183846-FALCONER-shrike-vs-BLACKFISH-orca)
2026-06-10T18:38:47.031Z [sparring] worker 1: FALCONER/plover vs ESCA/angler @ arena 841 — series: FALCONER 0 — 3 ESCA (20260610-183846-FALCONER-plover-vs-ESCA-angler)
2026-06-10T18:38:49.883Z [sparring] worker 2: FALCONER/plover vs VERONICA/matador @ arena 405 — series: FALCONER 1 — 2 VERONICA (20260610-183849-FALCONER-plover-vs-VERONICA-matador)
2026-06-10T18:38:51.091Z [sparring] worker 0: LERNA/hydra vs MIMIC/neural @ arena 737 — series: LERNA 3 — 0 MIMIC (20260610-183850-LERNA-hydra-vs-MIMIC-neural)
2026-06-10T18:38:51.263Z [sparring] worker 1: FALCONER/plover vs FALCONER/shrike @ arena 871 — series: FALCONER 0 — 2 FALCONER (20260610-183850-FALCONER-plover-vs-FALCONER-shrike)
2026-06-10T18:38:54.620Z [sparring] worker 2: DISCIPLE/disciple vs ESCA/angler @ arena 767 — series: DISCIPLE 0 — 3 ESCA (20260610-183854-DISCIPLE-disciple-vs-ESCA-angler)
2026-06-10T18:38:55.493Z [sparring] worker 0: AKELA/wolf vs ESCA/angler @ arena 944 — series: AKELA 0 — 3 ESCA (20260610-183855-AKELA-wolf-vs-ESCA-angler)
2026-06-10T18:38:56.352Z [sparring] worker 1: VERONICA/matador vs BELMONTE/cuadrilla @ arena 992 — series: VERONICA 0 — 3 BELMONTE (20260610-183856-VERONICA-matador-vs-BELMONTE-cuadrilla)
2026-06-10T18:38:59.153Z [sparring] worker 2: VERONICA/matador vs LERNA/hydra @ arena 735 — series: VERONICA 2 — 1 LERNA (20260610-183858-VERONICA-matador-vs-LERNA-hydra)
2026-06-10T18:39:00.738Z [sparring] worker 1: FALCONER/plover vs VERONICA/matador @ arena 839 — series: FALCONER 2 — 1 VERONICA (20260610-183900-FALCONER-plover-vs-VERONICA-matador)
2026-06-10T18:39:00.746Z [sparring] worker 0: LERNA/hydra vs FALCONER/shrike @ arena 806 — series: LERNA 0 — 3 FALCONER (20260610-183900-LERNA-hydra-vs-FALCONER-shrike)
2026-06-10T18:39:04.788Z [sparring] worker 2: LERNA/hydra vs BELMONTE/cuadrilla @ arena 252 — series: LERNA 0 — 3 BELMONTE (20260610-183904-LERNA-hydra-vs-BELMONTE-cuadrilla)
2026-06-10T18:39:05.834Z [sparring] worker 0: OKONKWO/reaper vs DISCIPLE/disciple @ arena 576 — series: OKONKWO 3 — 0 DISCIPLE (20260610-183905-OKONKWO-reaper-vs-DISCIPLE-disciple)
2026-06-10T18:39:06.497Z [sparring] worker 1: DISCIPLE/disciple vs MIMIC/neural @ arena 182 — series: DISCIPLE 3 — 0 MIMIC (20260610-183906-DISCIPLE-disciple-vs-MIMIC-neural)
2026-06-10T18:39:09.275Z [sparring] worker 2: MIMIC/neural vs LERNA/hydra @ arena 26 — series: MIMIC 0 — 3 LERNA (20260610-183908-MIMIC-neural-vs-LERNA-hydra)
2026-06-10T18:39:10.722Z [sparring] worker 0: BELMONTE/cuadrilla vs OKONKWO/reaper @ arena 440 — series: BELMONTE 3 — 0 OKONKWO (20260610-183910-BELMONTE-cuadrilla-vs-OKONKWO-reaper)
2026-06-10T18:39:11.155Z [sparring] worker 1: BELMONTE/cuadrilla vs OKONKWO/reaper @ arena 513 — series: BELMONTE 3 — 0 OKONKWO (20260610-183910-BELMONTE-cuadrilla-vs-OKONKWO-reaper)
2026-06-10T18:39:13.220Z [sparring] worker 2: VEGA/pilot vs FALCONER/kestrel @ arena 19 — series: VEGA 1 — 2 FALCONER (20260610-183912-VEGA-pilot-vs-FALCONER-kestrel)
2026-06-10T18:39:15.502Z [sparring] worker 1: FALCONER/kestrel vs FALCONER/plover @ arena 440 — series: FALCONER 2 — 0 FALCONER (20260610-183915-FALCONER-kestrel-vs-FALCONER-plover)
2026-06-10T18:39:15.941Z [sparring] worker 0: DISCIPLE/disciple vs FALCONER/plover @ arena 414 — series: DISCIPLE 0 — 3 FALCONER (20260610-183915-DISCIPLE-disciple-vs-FALCONER-plover)
2026-06-10T18:39:18.024Z [sparring] worker 2: VERONICA/matador vs FALCONER/plover @ arena 623 — series: VERONICA 2 — 0 FALCONER (20260610-183917-VERONICA-matador-vs-FALCONER-plover)
2026-06-10T18:39:19.958Z [sparring] worker 1: FALCONER/plover vs VEGA/pilot @ arena 175 — series: FALCONER 3 — 0 VEGA (20260610-183919-FALCONER-plover-vs-VEGA-pilot)
2026-06-10T18:39:21.895Z [sparring] worker 0: BLACKFISH/orca vs OKONKWO/reaper @ arena 870 — series: BLACKFISH 3 — 0 OKONKWO (20260610-183921-BLACKFISH-orca-vs-OKONKWO-reaper)
2026-06-10T18:39:22.449Z [sparring] worker 2: AKELA/wolf vs LERNA/hydra @ arena 879 — series: AKELA 3 — 0 LERNA (20260610-183922-AKELA-wolf-vs-LERNA-hydra)
2026-06-10T18:39:24.763Z [sparring] worker 1: FALCONER/kestrel vs BLACKFISH/orca @ arena 529 — series: FALCONER 0 — 3 BLACKFISH (20260610-183924-FALCONER-kestrel-vs-BLACKFISH-orca)
2026-06-10T18:39:26.157Z [sparring] worker 0: VERONICA/matador vs LERNA/hydra @ arena 251 — series: VERONICA 3 — 0 LERNA (20260610-183925-VERONICA-matador-vs-LERNA-hydra)
2026-06-10T18:39:26.780Z [sparring] worker 2: VERONICA/matador vs ESCA/angler @ arena 684 — series: VERONICA 0 — 3 ESCA (20260610-183926-VERONICA-matador-vs-ESCA-angler)
2026-06-10T18:39:28.398Z [sparring] worker 1: AKELA/wolf vs VEGA/pilot @ arena 951 — series: AKELA 3 — 0 VEGA (20260610-183928-AKELA-wolf-vs-VEGA-pilot)
2026-06-10T18:39:31.220Z [sparring] worker 0: ESCA/angler vs BELMONTE/cuadrilla @ arena 802 — series: ESCA 1 — 2 BELMONTE (20260610-183930-ESCA-angler-vs-BELMONTE-cuadrilla)
2026-06-10T18:39:32.210Z [sparring] worker 2: FALCONER/plover vs FALCONER/shrike @ arena 959 — series: FALCONER 0 — 3 FALCONER (20260610-183931-FALCONER-plover-vs-FALCONER-shrike)
2026-06-10T18:39:33.054Z [sparring] worker 1: FALCONER/shrike vs ESCA/angler @ arena 560 — series: FALCONER 0 — 3 ESCA (20260610-183932-FALCONER-shrike-vs-ESCA-angler)
2026-06-10T18:39:35.437Z [sparring] worker 0: VERONICA/matador vs LERNA/hydra @ arena 226 — series: VERONICA 1 — 2 LERNA (20260610-183935-VERONICA-matador-vs-LERNA-hydra)
2026-06-10T18:39:37.223Z [sparring] worker 1: VERONICA/matador vs FALCONER/plover @ arena 970 — series: VERONICA 2 — 1 FALCONER (20260610-183936-VERONICA-matador-vs-FALCONER-plover)
2026-06-10T18:39:37.672Z [sparring] worker 2: LERNA/hydra vs FALCONER/shrike @ arena 156 — series: LERNA 1 — 2 FALCONER (20260610-183937-LERNA-hydra-vs-FALCONER-shrike)
2026-06-10T18:39:39.571Z [sparring] worker 0: OKONKWO/reaper vs FALCONER/kestrel @ arena 101 — series: OKONKWO 1 — 2 FALCONER (20260610-183939-OKONKWO-reaper-vs-FALCONER-kestrel)
2026-06-10T18:39:41.907Z [sparring] worker 2: MIMIC/neural vs VEGA/pilot @ arena 567 — series: MIMIC 0 — 3 VEGA (20260610-183941-MIMIC-neural-vs-VEGA-pilot)
2026-06-10T18:39:42.501Z [sparring] worker 1: FALCONER/shrike vs DISCIPLE/disciple @ arena 101 — series: FALCONER 3 — 0 DISCIPLE (20260610-183942-FALCONER-shrike-vs-DISCIPLE-disciple)
2026-06-10T18:39:45.147Z [sparring] worker 0: DISCIPLE/disciple vs BLACKFISH/orca @ arena 166 — series: DISCIPLE 0 — 3 BLACKFISH (20260610-183944-DISCIPLE-disciple-vs-BLACKFISH-orca)
2026-06-10T18:39:46.596Z [sparring] worker 2: LERNA/hydra vs FALCONER/shrike @ arena 334 — series: LERNA 0 — 2 FALCONER (20260610-183946-LERNA-hydra-vs-FALCONER-shrike)
2026-06-10T18:39:46.800Z [sparring] worker 1: FALCONER/shrike vs VERONICA/matador @ arena 81 — series: FALCONER 1 — 1 VERONICA (20260610-183946-FALCONER-shrike-vs-VERONICA-matador)
2026-06-10T18:39:49.770Z [sparring] worker 0: FALCONER/plover vs FALCONER/shrike @ arena 552 — series: FALCONER 0 — 3 FALCONER (20260610-183949-FALCONER-plover-vs-FALCONER-shrike)
2026-06-10T18:39:50.964Z [sparring] worker 2: FALCONER/kestrel vs AKELA/wolf @ arena 859 — series: FALCONER 0 — 3 AKELA (20260610-183950-FALCONER-kestrel-vs-AKELA-wolf)
2026-06-10T18:39:51.534Z [sparring] worker 1: VERONICA/matador vs DISCIPLE/disciple @ arena 255 — series: VERONICA 3 — 0 DISCIPLE (20260610-183951-VERONICA-matador-vs-DISCIPLE-disciple)
2026-06-10T18:39:54.083Z [sparring] worker 0: FALCONER/shrike vs MIMIC/neural @ arena 78 — series: FALCONER 3 — 0 MIMIC (20260610-183953-FALCONER-shrike-vs-MIMIC-neural)
2026-06-10T18:39:57.073Z [sparring] worker 2: BLACKFISH/orca vs FALCONER/shrike @ arena 536 — series: BLACKFISH 3 — 0 FALCONER (20260610-183956-BLACKFISH-orca-vs-FALCONER-shrike)
2026-06-10T18:39:57.577Z [sparring] worker 1: DISCIPLE/disciple vs BLACKFISH/orca @ arena 583 — series: DISCIPLE 0 — 3 BLACKFISH (20260610-183957-DISCIPLE-disciple-vs-BLACKFISH-orca)
2026-06-10T18:39:58.821Z [sparring] worker 0: MIMIC/neural vs BELMONTE/cuadrilla @ arena 984 — series: MIMIC 0 — 3 BELMONTE (20260610-183958-MIMIC-neural-vs-BELMONTE-cuadrilla)
2026-06-10T18:40:01.390Z [sparring] worker 2: VERONICA/matador vs AKELA/wolf @ arena 994 — series: VERONICA 0 — 3 AKELA (20260610-184001-VERONICA-matador-vs-AKELA-wolf)
2026-06-10T18:40:02.601Z [sparring] worker 1: DISCIPLE/disciple vs VEGA/pilot @ arena 883 — series: DISCIPLE 0 — 3 VEGA (20260610-184002-DISCIPLE-disciple-vs-VEGA-pilot)
2026-06-10T18:40:02.780Z [sparring] worker 0: FALCONER/kestrel vs VEGA/pilot @ arena 655 — series: FALCONER 2 — 1 VEGA (20260610-184002-FALCONER-kestrel-vs-VEGA-pilot)
2026-06-10T18:40:06.241Z [sparring] worker 2: ESCA/angler vs FALCONER/plover @ arena 699 — series: ESCA 3 — 0 FALCONER (20260610-184005-ESCA-angler-vs-FALCONER-plover)
2026-06-10T18:40:07.594Z [sparring] worker 1: BLACKFISH/orca vs LERNA/hydra @ arena 540 — series: BLACKFISH 3 — 0 LERNA (20260610-184007-BLACKFISH-orca-vs-LERNA-hydra)
2026-06-10T18:40:08.335Z [sparring] worker 0: MIMIC/neural vs BELMONTE/cuadrilla @ arena 172 — series: MIMIC 0 — 3 BELMONTE (20260610-184008-MIMIC-neural-vs-BELMONTE-cuadrilla)
2026-06-10T18:40:10.801Z [sparring] worker 2: LERNA/hydra vs FALCONER/plover @ arena 878 — series: LERNA 2 — 1 FALCONER (20260610-184010-LERNA-hydra-vs-FALCONER-plover)
2026-06-10T18:40:12.469Z [sparring] worker 0: OKONKWO/reaper vs FALCONER/kestrel @ arena 769 — series: OKONKWO 0 — 3 FALCONER (20260610-184012-OKONKWO-reaper-vs-FALCONER-kestrel)
2026-06-10T18:40:12.522Z [sparring] worker 1: FALCONER/kestrel vs FALCONER/plover @ arena 972 — series: FALCONER 3 — 0 FALCONER (20260610-184012-FALCONER-kestrel-vs-FALCONER-plover)
2026-06-10T18:40:15.412Z [sparring] worker 2: DISCIPLE/disciple vs FALCONER/kestrel @ arena 714 — series: DISCIPLE 0 — 3 FALCONER (20260610-184015-DISCIPLE-disciple-vs-FALCONER-kestrel)
2026-06-10T18:40:17.394Z [sparring] worker 0: DISCIPLE/disciple vs LERNA/hydra @ arena 876 — series: DISCIPLE 0 — 3 LERNA (20260610-184017-DISCIPLE-disciple-vs-LERNA-hydra)
2026-06-10T18:40:18.006Z [sparring] worker 1: DISCIPLE/disciple vs FALCONER/shrike @ arena 699 — series: DISCIPLE 0 — 3 FALCONER (20260610-184017-DISCIPLE-disciple-vs-FALCONER-shrike)
2026-06-10T18:40:20.686Z [sparring] worker 2: MIMIC/neural vs BELMONTE/cuadrilla @ arena 312 — series: MIMIC 0 — 3 BELMONTE (20260610-184020-MIMIC-neural-vs-BELMONTE-cuadrilla)
2026-06-10T18:40:21.941Z [sparring] worker 0: ESCA/angler vs LERNA/hydra @ arena 237 — series: ESCA 3 — 0 LERNA (20260610-184021-ESCA-angler-vs-LERNA-hydra)
2026-06-10T18:40:24.063Z [sparring] worker 1: FALCONER/shrike vs BELMONTE/cuadrilla @ arena 344 — series: FALCONER 0 — 3 BELMONTE (20260610-184023-FALCONER-shrike-vs-BELMONTE-cuadrilla)
2026-06-10T18:40:26.410Z [sparring] worker 0: DISCIPLE/disciple vs AKELA/wolf @ arena 825 — series: DISCIPLE 0 — 3 AKELA (20260610-184026-DISCIPLE-disciple-vs-AKELA-wolf)
2026-06-10T18:40:26.851Z [sparring] worker 2: BELMONTE/cuadrilla vs DISCIPLE/disciple @ arena 114 — series: BELMONTE 3 — 0 DISCIPLE (20260610-184026-BELMONTE-cuadrilla-vs-DISCIPLE-disciple)
2026-06-10T18:40:28.810Z [sparring] worker 1: MIMIC/neural vs FALCONER/shrike @ arena 45 — series: MIMIC 0 — 3 FALCONER (20260610-184028-MIMIC-neural-vs-FALCONER-shrike)
2026-06-10T18:40:30.234Z [sparring] worker 0: AKELA/wolf vs VERONICA/matador @ arena 661 — series: AKELA 2 — 0 VERONICA (20260610-184029-AKELA-wolf-vs-VERONICA-matador)
2026-06-10T18:40:30.922Z [sparring] worker 2: VERONICA/matador vs OKONKWO/reaper @ arena 159 — series: VERONICA 3 — 0 OKONKWO (20260610-184030-VERONICA-matador-vs-OKONKWO-reaper)
2026-06-10T18:40:33.875Z [sparring] worker 1: VEGA/pilot vs DISCIPLE/disciple @ arena 983 — series: VEGA 3 — 0 DISCIPLE (20260610-184033-VEGA-pilot-vs-DISCIPLE-disciple)
2026-06-10T18:40:35.222Z [sparring] worker 0: BELMONTE/cuadrilla vs FALCONER/plover @ arena 737 — series: BELMONTE 3 — 0 FALCONER (20260610-184034-BELMONTE-cuadrilla-vs-FALCONER-plover)
2026-06-10T18:40:36.984Z [sparring] worker 2: BELMONTE/cuadrilla vs BLACKFISH/orca @ arena 780 — series: BELMONTE 1 — 1 BLACKFISH (20260610-184036-BELMONTE-cuadrilla-vs-BLACKFISH-orca)
2026-06-10T18:40:38.310Z [sparring] worker 1: LERNA/hydra vs ESCA/angler @ arena 111 — series: LERNA 0 — 3 ESCA (20260610-184037-LERNA-hydra-vs-ESCA-angler)
2026-06-10T18:40:39.506Z [sparring] worker 0: VERONICA/matador vs AKELA/wolf @ arena 115 — series: VERONICA 0 — 3 AKELA (20260610-184039-VERONICA-matador-vs-AKELA-wolf)
2026-06-10T18:40:41.338Z [sparring] worker 2: FALCONER/plover vs FALCONER/shrike @ arena 443 — series: FALCONER 0 — 1 FALCONER (20260610-184041-FALCONER-plover-vs-FALCONER-shrike)
2026-06-10T18:40:43.011Z [sparring] worker 1: FALCONER/shrike vs MIMIC/neural @ arena 798 — series: FALCONER 3 — 0 MIMIC (20260610-184042-FALCONER-shrike-vs-MIMIC-neural)
2026-06-10T18:40:44.454Z [sparring] worker 0: FALCONER/plover vs DISCIPLE/disciple @ arena 502 — series: FALCONER 3 — 0 DISCIPLE (20260610-184044-FALCONER-plover-vs-DISCIPLE-disciple)
2026-06-10T18:40:45.825Z [sparring] worker 2: BELMONTE/cuadrilla vs FALCONER/kestrel @ arena 261 — series: BELMONTE 3 — 0 FALCONER (20260610-184045-BELMONTE-cuadrilla-vs-FALCONER-kestrel)
2026-06-10T18:40:47.745Z [sparring] worker 1: VEGA/pilot vs BLACKFISH/orca @ arena 590 — series: VEGA 0 — 3 BLACKFISH (20260610-184047-VEGA-pilot-vs-BLACKFISH-orca)
2026-06-10T18:40:48.816Z [sparring] worker 0: VERONICA/matador vs OKONKWO/reaper @ arena 875 — series: VERONICA 2 — 1 OKONKWO (20260610-184048-VERONICA-matador-vs-OKONKWO-reaper)
2026-06-10T18:40:50.924Z [sparring] worker 2: ESCA/angler vs BELMONTE/cuadrilla @ arena 433 — series: ESCA 0 — 3 BELMONTE (20260610-184050-ESCA-angler-vs-BELMONTE-cuadrilla)
2026-06-10T18:40:51.947Z [sparring] worker 1: OKONKWO/reaper vs FALCONER/kestrel @ arena 3 — series: OKONKWO 0 — 3 FALCONER (20260610-184051-OKONKWO-reaper-vs-FALCONER-kestrel)
2026-06-10T18:40:52.981Z [sparring] worker 0: AKELA/wolf vs MIMIC/neural @ arena 739 — series: AKELA 3 — 0 MIMIC (20260610-184052-AKELA-wolf-vs-MIMIC-neural)
2026-06-10T18:40:55.568Z [sparring] worker 2: AKELA/wolf vs VEGA/pilot @ arena 589 — series: AKELA 3 — 0 VEGA (20260610-184055-AKELA-wolf-vs-VEGA-pilot)
2026-06-10T18:40:57.407Z [sparring] worker 1: DISCIPLE/disciple vs VERONICA/matador @ arena 133 — series: DISCIPLE 0 — 3 VERONICA (20260610-184057-DISCIPLE-disciple-vs-VERONICA-matador)
2026-06-10T18:40:59.210Z [sparring] worker 0: BELMONTE/cuadrilla vs DISCIPLE/disciple @ arena 874 — series: BELMONTE 3 — 0 DISCIPLE (20260610-184058-BELMONTE-cuadrilla-vs-DISCIPLE-disciple)
2026-06-10T18:40:59.652Z [sparring] worker 2: VERONICA/matador vs ESCA/angler @ arena 984 — series: VERONICA 0 — 3 ESCA (20260610-184059-VERONICA-matador-vs-ESCA-angler)
2026-06-10T18:41:01.333Z [sparring] worker 1: FALCONER/plover vs AKELA/wolf @ arena 278 — series: FALCONER 0 — 3 AKELA (20260610-184101-FALCONER-plover-vs-AKELA-wolf)
2026-06-10T18:41:03.250Z [sparring] worker 2: VEGA/pilot vs AKELA/wolf @ arena 465 — series: VEGA 0 — 3 AKELA (20260610-184102-VEGA-pilot-vs-AKELA-wolf)
2026-06-10T18:41:04.205Z [sparring] worker 0: VEGA/pilot vs BELMONTE/cuadrilla @ arena 528 — series: VEGA 0 — 3 BELMONTE (20260610-184103-VEGA-pilot-vs-BELMONTE-cuadrilla)
2026-06-10T18:41:06.106Z [sparring] worker 1: BELMONTE/cuadrilla vs VERONICA/matador @ arena 380 — series: BELMONTE 3 — 0 VERONICA (20260610-184105-BELMONTE-cuadrilla-vs-VERONICA-matador)
2026-06-10T18:41:07.712Z [sparring] worker 2: FALCONER/shrike vs MIMIC/neural @ arena 656 — series: FALCONER 3 — 0 MIMIC (20260610-184107-FALCONER-shrike-vs-MIMIC-neural)
2026-06-10T18:41:08.294Z [sparring] worker 0: ESCA/angler vs VERONICA/matador @ arena 858 — series: ESCA 3 — 0 VERONICA (20260610-184107-ESCA-angler-vs-VERONICA-matador)
2026-06-10T18:41:11.008Z [sparring] worker 1: MIMIC/neural vs BELMONTE/cuadrilla @ arena 298 — series: MIMIC 0 — 3 BELMONTE (20260610-184110-MIMIC-neural-vs-BELMONTE-cuadrilla)
2026-06-10T18:41:12.199Z [sparring] worker 2: ESCA/angler vs VERONICA/matador @ arena 787 — series: ESCA 3 — 0 VERONICA (20260610-184111-ESCA-angler-vs-VERONICA-matador)
2026-06-10T18:41:12.236Z [sparring] worker 0: OKONKWO/reaper vs FALCONER/kestrel @ arena 269 — series: OKONKWO 0 — 2 FALCONER (20260610-184111-OKONKWO-reaper-vs-FALCONER-kestrel)
2026-06-10T18:41:16.394Z [sparring] worker 1: MIMIC/neural vs DISCIPLE/disciple @ arena 169 — series: MIMIC 0 — 3 DISCIPLE (20260610-184116-MIMIC-neural-vs-DISCIPLE-disciple)
2026-06-10T18:41:16.471Z [sparring] worker 2: VEGA/pilot vs FALCONER/kestrel @ arena 464 — series: VEGA 1 — 2 FALCONER (20260610-184116-VEGA-pilot-vs-FALCONER-kestrel)
2026-06-10T18:41:16.909Z [sparring] worker 0: ESCA/angler vs FALCONER/plover @ arena 402 — series: ESCA 3 — 0 FALCONER (20260610-184116-ESCA-angler-vs-FALCONER-plover)
2026-06-10T18:41:20.734Z [sparring] worker 2: AKELA/wolf vs FALCONER/plover @ arena 392 — series: AKELA 3 — 0 FALCONER (20260610-184120-AKELA-wolf-vs-FALCONER-plover)
2026-06-10T18:41:21.159Z [sparring] worker 0: VEGA/pilot vs FALCONER/shrike @ arena 454 — series: VEGA 0 — 3 FALCONER (20260610-184120-VEGA-pilot-vs-FALCONER-shrike)
2026-06-10T18:41:22.248Z [sparring] worker 1: DISCIPLE/disciple vs FALCONER/plover @ arena 969 — series: DISCIPLE 0 — 3 FALCONER (20260610-184121-DISCIPLE-disciple-vs-FALCONER-plover)
2026-06-10T18:41:25.372Z [sparring] worker 2: LERNA/hydra vs FALCONER/shrike @ arena 171 — series: LERNA 0 — 3 FALCONER (20260610-184125-LERNA-hydra-vs-FALCONER-shrike)
2026-06-10T18:41:26.301Z [sparring] worker 0: BELMONTE/cuadrilla vs VERONICA/matador @ arena 477 — series: BELMONTE 2 — 1 VERONICA (20260610-184126-BELMONTE-cuadrilla-vs-VERONICA-matador)
2026-06-10T18:41:27.466Z [sparring] worker 1: BLACKFISH/orca vs VERONICA/matador @ arena 798 — series: BLACKFISH 3 — 0 VERONICA (20260610-184127-BLACKFISH-orca-vs-VERONICA-matador)
2026-06-10T18:41:29.573Z [sparring] worker 2: VEGA/pilot vs FALCONER/kestrel @ arena 980 — series: VEGA 1 — 2 FALCONER (20260610-184129-VEGA-pilot-vs-FALCONER-kestrel)
2026-06-10T18:41:30.813Z [sparring] worker 0: OKONKWO/reaper vs LERNA/hydra @ arena 634 — series: OKONKWO 0 — 3 LERNA (20260610-184130-OKONKWO-reaper-vs-LERNA-hydra)
2026-06-10T18:41:33.182Z [sparring] worker 1: ESCA/angler vs BELMONTE/cuadrilla @ arena 966 — series: ESCA 3 — 0 BELMONTE (20260610-184132-ESCA-angler-vs-BELMONTE-cuadrilla)
2026-06-10T18:41:34.780Z [sparring] worker 2: BLACKFISH/orca vs FALCONER/plover @ arena 166 — series: BLACKFISH 3 — 0 FALCONER (20260610-184134-BLACKFISH-orca-vs-FALCONER-plover)
2026-06-10T18:41:35.093Z [sparring] worker 0: MIMIC/neural vs VERONICA/matador @ arena 679 — series: MIMIC 0 — 3 VERONICA (20260610-184134-MIMIC-neural-vs-VERONICA-matador)
2026-06-10T18:41:37.436Z [sparring] worker 1: OKONKWO/reaper vs LERNA/hydra @ arena 319 — series: OKONKWO 0 — 3 LERNA (20260610-184137-OKONKWO-reaper-vs-LERNA-hydra)
2026-06-10T18:41:39.145Z [sparring] worker 2: ESCA/angler vs FALCONER/plover @ arena 173 — series: ESCA 3 — 0 FALCONER (20260610-184138-ESCA-angler-vs-FALCONER-plover)
2026-06-10T18:41:40.319Z [sparring] worker 0: BELMONTE/cuadrilla vs FALCONER/shrike @ arena 615 — series: BELMONTE 2 — 0 FALCONER (20260610-184139-BELMONTE-cuadrilla-vs-FALCONER-shrike)
2026-06-10T18:41:41.966Z [sparring] worker 1: FALCONER/shrike vs ESCA/angler @ arena 514 — series: FALCONER 0 — 3 ESCA (20260610-184141-FALCONER-shrike-vs-ESCA-angler)
2026-06-10T18:41:44.195Z [sparring] worker 2: BLACKFISH/orca vs LERNA/hydra @ arena 81 — series: BLACKFISH 3 — 0 LERNA (20260610-184143-BLACKFISH-orca-vs-LERNA-hydra)
2026-06-10T18:41:45.381Z [sparring] worker 0: FALCONER/kestrel vs DISCIPLE/disciple @ arena 728 — series: FALCONER 3 — 0 DISCIPLE (20260610-184144-FALCONER-kestrel-vs-DISCIPLE-disciple)
2026-06-10T18:41:46.377Z [sparring] worker 1: FALCONER/shrike vs ESCA/angler @ arena 905 — series: FALCONER 1 — 2 ESCA (20260610-184146-FALCONER-shrike-vs-ESCA-angler)
2026-06-10T18:41:49.384Z [sparring] worker 2: FALCONER/plover vs BLACKFISH/orca @ arena 459 — series: FALCONER 0 — 3 BLACKFISH (20260610-184149-FALCONER-plover-vs-BLACKFISH-orca)
2026-06-10T18:41:49.582Z [sparring] worker 0: FALCONER/kestrel vs OKONKWO/reaper @ arena 711 — series: FALCONER 3 — 0 OKONKWO (20260610-184149-FALCONER-kestrel-vs-OKONKWO-reaper)
2026-06-10T18:41:50.876Z [sparring] worker 1: LERNA/hydra vs VEGA/pilot @ arena 319 — series: LERNA 3 — 0 VEGA (20260610-184150-LERNA-hydra-vs-VEGA-pilot)
2026-06-10T18:41:53.767Z [sparring] worker 0: AKELA/wolf vs FALCONER/kestrel @ arena 765 — series: AKELA 3 — 0 FALCONER (20260610-184153-AKELA-wolf-vs-FALCONER-kestrel)
2026-06-10T18:41:54.186Z [sparring] worker 2: BLACKFISH/orca vs LERNA/hydra @ arena 856 — series: BLACKFISH 3 — 0 LERNA (20260610-184153-BLACKFISH-orca-vs-LERNA-hydra)
2026-06-10T18:41:56.030Z [sparring] worker 1: OKONKWO/reaper vs LERNA/hydra @ arena 517 — series: OKONKWO 0 — 3 LERNA (20260610-184155-OKONKWO-reaper-vs-LERNA-hydra)
2026-06-10T18:41:58.284Z [sparring] worker 0: AKELA/wolf vs FALCONER/plover @ arena 372 — series: AKELA 3 — 0 FALCONER (20260610-184157-AKELA-wolf-vs-FALCONER-plover)
2026-06-10T18:41:58.782Z [sparring] worker 2: LERNA/hydra vs FALCONER/shrike @ arena 475 — series: LERNA 1 — 2 FALCONER (20260610-184158-LERNA-hydra-vs-FALCONER-shrike)
2026-06-10T18:42:00.688Z [sparring] worker 1: BELMONTE/cuadrilla vs VEGA/pilot @ arena 761 — series: BELMONTE 3 — 0 VEGA (20260610-184200-BELMONTE-cuadrilla-vs-VEGA-pilot)
2026-06-10T18:42:02.830Z [sparring] worker 0: BLACKFISH/orca vs FALCONER/kestrel @ arena 337 — series: BLACKFISH 3 — 0 FALCONER (20260610-184202-BLACKFISH-orca-vs-FALCONER-kestrel)
2026-06-10T18:42:03.242Z [sparring] worker 2: VERONICA/matador vs FALCONER/shrike @ arena 653 — series: VERONICA 2 — 1 FALCONER (20260610-184202-VERONICA-matador-vs-FALCONER-shrike)
2026-06-10T18:42:04.728Z [sparring] worker 1: VEGA/pilot vs AKELA/wolf @ arena 798 — series: VEGA 0 — 3 AKELA (20260610-184204-VEGA-pilot-vs-AKELA-wolf)
2026-06-10T18:42:07.768Z [sparring] worker 2: AKELA/wolf vs BELMONTE/cuadrilla @ arena 617 — series: AKELA 0 — 3 BELMONTE (20260610-184207-AKELA-wolf-vs-BELMONTE-cuadrilla)
2026-06-10T18:42:08.266Z [sparring] worker 0: VEGA/pilot vs BELMONTE/cuadrilla @ arena 673 — series: VEGA 0 — 3 BELMONTE (20260610-184207-VEGA-pilot-vs-BELMONTE-cuadrilla)
2026-06-10T18:42:08.683Z [sparring] worker 1: OKONKWO/reaper vs AKELA/wolf @ arena 50 — series: OKONKWO 0 — 3 AKELA (20260610-184208-OKONKWO-reaper-vs-AKELA-wolf)
2026-06-10T18:42:12.148Z [sparring] worker 2: VERONICA/matador vs VEGA/pilot @ arena 20 — series: VERONICA 2 — 1 VEGA (20260610-184211-VERONICA-matador-vs-VEGA-pilot)
2026-06-10T18:42:12.604Z [sparring] worker 0: VERONICA/matador vs VEGA/pilot @ arena 932 — series: VERONICA 3 — 0 VEGA (20260610-184212-VERONICA-matador-vs-VEGA-pilot)
2026-06-10T18:42:13.514Z [sparring] worker 1: MIMIC/neural vs BLACKFISH/orca @ arena 862 — series: MIMIC 0 — 3 BLACKFISH (20260610-184213-MIMIC-neural-vs-BLACKFISH-orca)
2026-06-10T18:42:16.496Z [sparring] worker 2: ESCA/angler vs OKONKWO/reaper @ arena 247 — series: ESCA 3 — 0 OKONKWO (20260610-184216-ESCA-angler-vs-OKONKWO-reaper)
2026-06-10T18:42:17.374Z [sparring] worker 0: VERONICA/matador vs BLACKFISH/orca @ arena 375 — series: VERONICA 0 — 3 BLACKFISH (20260610-184217-VERONICA-matador-vs-BLACKFISH-orca)
2026-06-10T18:42:18.095Z [sparring] worker 1: FALCONER/plover vs FALCONER/shrike @ arena 631 — series: FALCONER 0 — 2 FALCONER (20260610-184217-FALCONER-plover-vs-FALCONER-shrike)
2026-06-10T18:42:20.583Z [sparring] worker 2: FALCONER/plover vs FALCONER/kestrel @ arena 897 — series: FALCONER 0 — 3 FALCONER (20260610-184220-FALCONER-plover-vs-FALCONER-kestrel)
2026-06-10T18:42:21.855Z [sparring] worker 0: AKELA/wolf vs BLACKFISH/orca @ arena 912 — series: AKELA 0 — 2 BLACKFISH (20260610-184221-AKELA-wolf-vs-BLACKFISH-orca)
2026-06-10T18:42:23.083Z [sparring] worker 1: VEGA/pilot vs BELMONTE/cuadrilla @ arena 18 — series: VEGA 0 — 3 BELMONTE (20260610-184222-VEGA-pilot-vs-BELMONTE-cuadrilla)
2026-06-10T18:42:25.617Z [sparring] worker 2: BELMONTE/cuadrilla vs FALCONER/kestrel @ arena 375 — series: BELMONTE 3 — 0 FALCONER (20260610-184225-BELMONTE-cuadrilla-vs-FALCONER-kestrel)
2026-06-10T18:42:26.812Z [sparring] worker 0: MIMIC/neural vs LERNA/hydra @ arena 573 — series: MIMIC 0 — 3 LERNA (20260610-184226-MIMIC-neural-vs-LERNA-hydra)
2026-06-10T18:42:27.222Z [sparring] worker 1: LERNA/hydra vs VERONICA/matador @ arena 993 — series: LERNA 1 — 2 VERONICA (20260610-184226-LERNA-hydra-vs-VERONICA-matador)
2026-06-10T18:42:30.139Z [sparring] worker 2: FALCONER/plover vs VEGA/pilot @ arena 35 — series: FALCONER 2 — 1 VEGA (20260610-184229-FALCONER-plover-vs-VEGA-pilot)
2026-06-10T18:42:31.362Z [sparring] worker 1: MIMIC/neural vs AKELA/wolf @ arena 675 — series: MIMIC 0 — 3 AKELA (20260610-184231-MIMIC-neural-vs-AKELA-wolf)
2026-06-10T18:42:31.377Z [sparring] worker 0: FALCONER/kestrel vs FALCONER/plover @ arena 695 — series: FALCONER 2 — 1 FALCONER (20260610-184230-FALCONER-kestrel-vs-FALCONER-plover)
2026-06-10T18:42:34.696Z [sparring] worker 2: LERNA/hydra vs FALCONER/plover @ arena 78 — series: LERNA 2 — 0 FALCONER (20260610-184234-LERNA-hydra-vs-FALCONER-plover)
2026-06-10T18:42:35.925Z [sparring] worker 1: AKELA/wolf vs FALCONER/plover @ arena 895 — series: AKELA 3 — 0 FALCONER (20260610-184235-AKELA-wolf-vs-FALCONER-plover)
2026-06-10T18:42:36.044Z [sparring] worker 0: FALCONER/shrike vs AKELA/wolf @ arena 642 — series: FALCONER 3 — 0 AKELA (20260610-184235-FALCONER-shrike-vs-AKELA-wolf)
2026-06-10T18:42:39.100Z [sparring] worker 2: FALCONER/kestrel vs OKONKWO/reaper @ arena 787 — series: FALCONER 3 — 0 OKONKWO (20260610-184238-FALCONER-kestrel-vs-OKONKWO-reaper)
2026-06-10T18:42:40.318Z [sparring] worker 1: MIMIC/neural vs OKONKWO/reaper @ arena 871 — series: MIMIC 0 — 3 OKONKWO (20260610-184239-MIMIC-neural-vs-OKONKWO-reaper)
2026-06-10T18:42:41.019Z [sparring] worker 0: FALCONER/shrike vs MIMIC/neural @ arena 102 — series: FALCONER 3 — 0 MIMIC (20260610-184240-FALCONER-shrike-vs-MIMIC-neural)
2026-06-10T18:42:43.169Z [sparring] worker 2: VERONICA/matador vs OKONKWO/reaper @ arena 750 — series: VERONICA 3 — 0 OKONKWO (20260610-184242-VERONICA-matador-vs-OKONKWO-reaper)
2026-06-10T18:42:44.923Z [sparring] worker 1: LERNA/hydra vs FALCONER/kestrel @ arena 520 — series: LERNA 2 — 1 FALCONER (20260610-184244-LERNA-hydra-vs-FALCONER-kestrel)
2026-06-10T18:42:45.232Z [sparring] worker 0: OKONKWO/reaper vs MIMIC/neural @ arena 418 — series: OKONKWO 3 — 0 MIMIC (20260610-184244-OKONKWO-reaper-vs-MIMIC-neural)
2026-06-10T18:42:47.834Z [sparring] worker 2: FALCONER/shrike vs MIMIC/neural @ arena 132 — series: FALCONER 3 — 0 MIMIC (20260610-184247-FALCONER-shrike-vs-MIMIC-neural)
2026-06-10T18:42:49.725Z [sparring] worker 1: OKONKWO/reaper vs BELMONTE/cuadrilla @ arena 847 — series: OKONKWO 0 — 3 BELMONTE (20260610-184249-OKONKWO-reaper-vs-BELMONTE-cuadrilla)
2026-06-10T18:42:50.336Z [sparring] worker 0: FALCONER/kestrel vs BLACKFISH/orca @ arena 373 — series: FALCONER 0 — 3 BLACKFISH (20260610-184250-FALCONER-kestrel-vs-BLACKFISH-orca)
2026-06-10T18:42:53.307Z [sparring] worker 2: ESCA/angler vs DISCIPLE/disciple @ arena 494 — series: ESCA 3 — 0 DISCIPLE (20260610-184252-ESCA-angler-vs-DISCIPLE-disciple)
2026-06-10T18:42:55.337Z [sparring] worker 1: BELMONTE/cuadrilla vs FALCONER/plover @ arena 101 — series: BELMONTE 3 — 0 FALCONER (20260610-184255-BELMONTE-cuadrilla-vs-FALCONER-plover)
2026-06-10T18:42:55.765Z [sparring] worker 0: BELMONTE/cuadrilla vs FALCONER/kestrel @ arena 302 — series: BELMONTE 3 — 0 FALCONER (20260610-184255-BELMONTE-cuadrilla-vs-FALCONER-kestrel)
2026-06-10T18:42:58.286Z [sparring] worker 2: BLACKFISH/orca vs LERNA/hydra @ arena 487 — series: BLACKFISH 3 — 0 LERNA (20260610-184257-BLACKFISH-orca-vs-LERNA-hydra)
2026-06-10T18:42:59.705Z [sparring] worker 1: VERONICA/matador vs FALCONER/kestrel @ arena 454 — series: VERONICA 2 — 1 FALCONER (20260610-184259-VERONICA-matador-vs-FALCONER-kestrel)
2026-06-10T18:43:01.670Z [sparring] worker 0: BLACKFISH/orca vs VERONICA/matador @ arena 536 — series: BLACKFISH 3 — 0 VERONICA (20260610-184301-BLACKFISH-orca-vs-VERONICA-matador)
2026-06-10T18:43:03.703Z [sparring] worker 2: OKONKWO/reaper vs BLACKFISH/orca @ arena 538 — series: OKONKWO 0 — 3 BLACKFISH (20260610-184303-OKONKWO-reaper-vs-BLACKFISH-orca)
2026-06-10T18:43:04.196Z [sparring] worker 1: ESCA/angler vs VERONICA/matador @ arena 347 — series: ESCA 3 — 0 VERONICA (20260610-184303-ESCA-angler-vs-VERONICA-matador)
2026-06-10T18:43:06.236Z [sparring] worker 0: FALCONER/kestrel vs OKONKWO/reaper @ arena 580 — series: FALCONER 3 — 0 OKONKWO (20260610-184305-FALCONER-kestrel-vs-OKONKWO-reaper)
2026-06-10T18:43:07.634Z [sparring] worker 2: AKELA/wolf vs VERONICA/matador @ arena 232 — series: AKELA 3 — 0 VERONICA (20260610-184307-AKELA-wolf-vs-VERONICA-matador)
2026-06-10T18:43:07.900Z [sparring] worker 1: FALCONER/kestrel vs AKELA/wolf @ arena 289 — series: FALCONER 0 — 3 AKELA (20260610-184307-FALCONER-kestrel-vs-AKELA-wolf)
2026-06-10T18:43:11.658Z [sparring] worker 0: FALCONER/shrike vs DISCIPLE/disciple @ arena 670 — series: FALCONER 3 — 0 DISCIPLE (20260610-184311-FALCONER-shrike-vs-DISCIPLE-disciple)
2026-06-10T18:43:12.570Z [sparring] worker 1: ESCA/angler vs OKONKWO/reaper @ arena 216 — series: ESCA 3 — 0 OKONKWO (20260610-184312-ESCA-angler-vs-OKONKWO-reaper)
2026-06-10T18:43:13.461Z [sparring] worker 2: DISCIPLE/disciple vs FALCONER/plover @ arena 268 — series: DISCIPLE 0 — 3 FALCONER (20260610-184313-DISCIPLE-disciple-vs-FALCONER-plover)
2026-06-10T18:43:15.856Z [sparring] worker 0: FALCONER/shrike vs VERONICA/matador @ arena 281 — series: FALCONER 0 — 3 VERONICA (20260610-184315-FALCONER-shrike-vs-VERONICA-matador)
2026-06-10T18:43:17.397Z [sparring] worker 2: MIMIC/neural vs AKELA/wolf @ arena 596 — series: MIMIC 0 — 3 AKELA (20260610-184317-MIMIC-neural-vs-AKELA-wolf)
2026-06-10T18:43:17.480Z [sparring] worker 1: MIMIC/neural vs FALCONER/shrike @ arena 292 — series: MIMIC 0 — 3 FALCONER (20260610-184317-MIMIC-neural-vs-FALCONER-shrike)
2026-06-10T18:43:19.923Z [sparring] worker 0: VEGA/pilot vs FALCONER/plover @ arena 518 — series: VEGA 0 — 3 FALCONER (20260610-184319-VEGA-pilot-vs-FALCONER-plover)
2026-06-10T18:43:22.630Z [sparring] worker 1: ESCA/angler vs OKONKWO/reaper @ arena 243 — series: ESCA 3 — 0 OKONKWO (20260610-184322-ESCA-angler-vs-OKONKWO-reaper)
2026-06-10T18:43:22.817Z [sparring] worker 2: BLACKFISH/orca vs FALCONER/plover @ arena 2 — series: BLACKFISH 3 — 0 FALCONER (20260610-184322-BLACKFISH-orca-vs-FALCONER-plover)
2026-06-10T18:43:25.890Z [sparring] worker 0: BELMONTE/cuadrilla vs FALCONER/shrike @ arena 275 — series: BELMONTE 3 — 0 FALCONER (20260610-184325-BELMONTE-cuadrilla-vs-FALCONER-shrike)
2026-06-10T18:43:28.252Z [sparring] worker 1: FALCONER/shrike vs FALCONER/plover @ arena 388 — series: FALCONER 2 — 1 FALCONER (20260610-184327-FALCONER-shrike-vs-FALCONER-plover)
2026-06-10T18:43:28.943Z [sparring] worker 2: BELMONTE/cuadrilla vs BLACKFISH/orca @ arena 36 — series: BELMONTE 1 — 2 BLACKFISH (20260610-184328-BELMONTE-cuadrilla-vs-BLACKFISH-orca)
2026-06-10T18:43:30.295Z [sparring] worker 0: VEGA/pilot vs FALCONER/plover @ arena 124 — series: VEGA 0 — 3 FALCONER (20260610-184329-VEGA-pilot-vs-FALCONER-plover)
2026-06-10T18:43:33.093Z [sparring] worker 2: MIMIC/neural vs VERONICA/matador @ arena 390 — series: MIMIC 0 — 3 VERONICA (20260610-184332-MIMIC-neural-vs-VERONICA-matador)
2026-06-10T18:43:34.096Z [sparring] worker 1: BELMONTE/cuadrilla vs BLACKFISH/orca @ arena 860 — series: BELMONTE 2 — 1 BLACKFISH (20260610-184333-BELMONTE-cuadrilla-vs-BLACKFISH-orca)
2026-06-10T18:43:34.955Z [sparring] worker 0: LERNA/hydra vs VEGA/pilot @ arena 725 — series: LERNA 3 — 0 VEGA (20260610-184334-LERNA-hydra-vs-VEGA-pilot)
2026-06-10T18:43:38.280Z [sparring] worker 2: BLACKFISH/orca vs ESCA/angler @ arena 352 — series: BLACKFISH 3 — 0 ESCA (20260610-184337-BLACKFISH-orca-vs-ESCA-angler)
2026-06-10T18:43:38.812Z [sparring] worker 1: DISCIPLE/disciple vs VERONICA/matador @ arena 347 — series: DISCIPLE 0 — 3 VERONICA (20260610-184338-DISCIPLE-disciple-vs-VERONICA-matador)
2026-06-10T18:43:39.334Z [sparring] worker 0: BLACKFISH/orca vs VERONICA/matador @ arena 59 — series: BLACKFISH 3 — 0 VERONICA (20260610-184339-BLACKFISH-orca-vs-VERONICA-matador)
2026-06-10T18:43:43.388Z [sparring] worker 2: OKONKWO/reaper vs DISCIPLE/disciple @ arena 996 — series: OKONKWO 3 — 0 DISCIPLE (20260610-184343-OKONKWO-reaper-vs-DISCIPLE-disciple)
2026-06-10T18:43:43.413Z [sparring] worker 0: MIMIC/neural vs FALCONER/kestrel @ arena 925 — series: MIMIC 0 — 3 FALCONER (20260610-184343-MIMIC-neural-vs-FALCONER-kestrel)
2026-06-10T18:43:45.002Z [sparring] worker 1: BELMONTE/cuadrilla vs DISCIPLE/disciple @ arena 699 — series: BELMONTE 3 — 0 DISCIPLE (20260610-184344-BELMONTE-cuadrilla-vs-DISCIPLE-disciple)
2026-06-10T18:43:48.432Z [sparring] worker 0: VERONICA/matador vs ESCA/angler @ arena 64 — series: VERONICA 0 — 3 ESCA (20260610-184348-VERONICA-matador-vs-ESCA-angler)
2026-06-10T18:43:48.454Z [sparring] worker 2: BELMONTE/cuadrilla vs AKELA/wolf @ arena 434 — series: BELMONTE 3 — 0 AKELA (20260610-184348-BELMONTE-cuadrilla-vs-AKELA-wolf)
2026-06-10T18:43:49.523Z [sparring] worker 1: FALCONER/shrike vs OKONKWO/reaper @ arena 487 — series: FALCONER 3 — 0 OKONKWO (20260610-184349-FALCONER-shrike-vs-OKONKWO-reaper)
2026-06-10T18:43:52.491Z [sparring] worker 0: VEGA/pilot vs VERONICA/matador @ arena 978 — series: VEGA 1 — 2 VERONICA (20260610-184352-VEGA-pilot-vs-VERONICA-matador)
2026-06-10T18:43:53.715Z [sparring] worker 1: VEGA/pilot vs FALCONER/plover @ arena 453 — series: VEGA 1 — 2 FALCONER (20260610-184353-VEGA-pilot-vs-FALCONER-plover)
2026-06-10T18:43:54.181Z [sparring] worker 2: BELMONTE/cuadrilla vs LERNA/hydra @ arena 621 — series: BELMONTE 3 — 0 LERNA (20260610-184353-BELMONTE-cuadrilla-vs-LERNA-hydra)
2026-06-10T18:43:56.326Z [sparring] worker 0: ESCA/angler vs AKELA/wolf @ arena 224 — series: ESCA 2 — 0 AKELA (20260610-184356-ESCA-angler-vs-AKELA-wolf)
2026-06-10T18:43:59.215Z [sparring] worker 1: BELMONTE/cuadrilla vs BLACKFISH/orca @ arena 862 — series: BELMONTE 1 — 2 BLACKFISH (20260610-184358-BELMONTE-cuadrilla-vs-BLACKFISH-orca)
2026-06-10T18:43:59.529Z [sparring] worker 2: BELMONTE/cuadrilla vs BLACKFISH/orca @ arena 385 — series: BELMONTE 2 — 1 BLACKFISH (20260610-184359-BELMONTE-cuadrilla-vs-BLACKFISH-orca)
2026-06-10T18:44:00.681Z [sparring] worker 0: LERNA/hydra vs ESCA/angler @ arena 432 — series: LERNA 0 — 3 ESCA (20260610-184400-LERNA-hydra-vs-ESCA-angler)
2026-06-10T18:44:04.322Z [sparring] worker 1: FALCONER/kestrel vs FALCONER/plover @ arena 301 — series: FALCONER 3 — 0 FALCONER (20260610-184403-FALCONER-kestrel-vs-FALCONER-plover)
2026-06-10T18:44:04.442Z [sparring] worker 2: FALCONER/plover vs FALCONER/shrike @ arena 389 — series: FALCONER 0 — 3 FALCONER (20260610-184404-FALCONER-plover-vs-FALCONER-shrike)
2026-06-10T18:44:05.417Z [sparring] worker 0: LERNA/hydra vs FALCONER/plover @ arena 667 — series: LERNA 2 — 0 FALCONER (20260610-184405-LERNA-hydra-vs-FALCONER-plover)
2026-06-10T18:44:09.326Z [sparring] worker 1: LERNA/hydra vs VERONICA/matador @ arena 964 — series: LERNA 1 — 2 VERONICA (20260610-184409-LERNA-hydra-vs-VERONICA-matador)
2026-06-10T18:44:09.824Z [sparring] worker 0: VEGA/pilot vs OKONKWO/reaper @ arena 620 — series: VEGA 3 — 0 OKONKWO (20260610-184409-VEGA-pilot-vs-OKONKWO-reaper)
2026-06-10T18:44:09.984Z [sparring] worker 2: BELMONTE/cuadrilla vs ESCA/angler @ arena 669 — series: BELMONTE 3 — 0 ESCA (20260610-184409-BELMONTE-cuadrilla-vs-ESCA-angler)
2026-06-10T18:44:13.663Z [sparring] worker 1: MIMIC/neural vs VERONICA/matador @ arena 811 — series: MIMIC 0 — 3 VERONICA (20260610-184413-MIMIC-neural-vs-VERONICA-matador)
2026-06-10T18:44:14.537Z [sparring] worker 0: FALCONER/shrike vs FALCONER/kestrel @ arena 472 — series: FALCONER 3 — 0 FALCONER (20260610-184414-FALCONER-shrike-vs-FALCONER-kestrel)
2026-06-10T18:44:14.988Z [sparring] worker 2: MIMIC/neural vs FALCONER/shrike @ arena 983 — series: MIMIC 0 — 3 FALCONER (20260610-184414-MIMIC-neural-vs-FALCONER-shrike)
2026-06-10T18:44:19.142Z [sparring] worker 0: OKONKWO/reaper vs FALCONER/shrike @ arena 769 — series: OKONKWO 0 — 3 FALCONER (20260610-184418-OKONKWO-reaper-vs-FALCONER-shrike)
2026-06-10T18:44:19.637Z [sparring] worker 1: BELMONTE/cuadrilla vs ESCA/angler @ arena 378 — series: BELMONTE 1 — 2 ESCA (20260610-184419-BELMONTE-cuadrilla-vs-ESCA-angler)
2026-06-10T18:44:20.126Z [sparring] worker 2: BLACKFISH/orca vs ESCA/angler @ arena 934 — series: BLACKFISH 1 — 2 ESCA (20260610-184419-BLACKFISH-orca-vs-ESCA-angler)
2026-06-10T18:44:24.079Z [sparring] worker 0: AKELA/wolf vs LERNA/hydra @ arena 145 — series: AKELA 1 — 1 LERNA (20260610-184423-AKELA-wolf-vs-LERNA-hydra)
2026-06-10T18:44:24.251Z [sparring] worker 2: AKELA/wolf vs MIMIC/neural @ arena 415 — series: AKELA 3 — 0 MIMIC (20260610-184423-AKELA-wolf-vs-MIMIC-neural)
2026-06-10T18:44:24.780Z [sparring] worker 1: DISCIPLE/disciple vs FALCONER/shrike @ arena 285 — series: DISCIPLE 0 — 3 FALCONER (20260610-184424-DISCIPLE-disciple-vs-FALCONER-shrike)
2026-06-10T18:44:29.388Z [sparring] worker 1: FALCONER/plover vs LERNA/hydra @ arena 146 — series: FALCONER 0 — 3 LERNA (20260610-184429-FALCONER-plover-vs-LERNA-hydra)
2026-06-10T18:44:29.884Z [sparring] worker 2: VERONICA/matador vs LERNA/hydra @ arena 799 — series: VERONICA 3 — 0 LERNA (20260610-184429-VERONICA-matador-vs-LERNA-hydra)
2026-06-10T18:44:30.430Z [sparring] worker 0: FALCONER/plover vs BLACKFISH/orca @ arena 633 — series: FALCONER 0 — 3 BLACKFISH (20260610-184429-FALCONER-plover-vs-BLACKFISH-orca)
2026-06-10T18:44:34.138Z [sparring] worker 1: VERONICA/matador vs OKONKWO/reaper @ arena 437 — series: VERONICA 3 — 0 OKONKWO (20260610-184433-VERONICA-matador-vs-OKONKWO-reaper)
2026-06-10T18:44:35.530Z [sparring] worker 2: FALCONER/shrike vs BLACKFISH/orca @ arena 809 — series: FALCONER 0 — 3 BLACKFISH (20260610-184435-FALCONER-shrike-vs-BLACKFISH-orca)
2026-06-10T18:44:35.666Z [sparring] worker 0: VERONICA/matador vs BLACKFISH/orca @ arena 347 — series: VERONICA 0 — 3 BLACKFISH (20260610-184435-VERONICA-matador-vs-BLACKFISH-orca)
2026-06-10T18:44:38.459Z [sparring] worker 1: AKELA/wolf vs MIMIC/neural @ arena 683 — series: AKELA 3 — 0 MIMIC (20260610-184438-AKELA-wolf-vs-MIMIC-neural)
2026-06-10T18:44:40.533Z [sparring] worker 0: MIMIC/neural vs VERONICA/matador @ arena 362 — series: MIMIC 0 — 3 VERONICA (20260610-184440-MIMIC-neural-vs-VERONICA-matador)
2026-06-10T18:44:41.933Z [sparring] worker 2: FALCONER/plover vs BELMONTE/cuadrilla @ arena 426 — series: FALCONER 0 — 3 BELMONTE (20260610-184441-FALCONER-plover-vs-BELMONTE-cuadrilla)
2026-06-10T18:44:44.201Z [sparring] worker 1: FALCONER/plover vs MIMIC/neural @ arena 405 — series: FALCONER 3 — 0 MIMIC (20260610-184443-FALCONER-plover-vs-MIMIC-neural)
2026-06-10T18:44:45.676Z [sparring] worker 0: LERNA/hydra vs AKELA/wolf @ arena 760 — series: LERNA 0 — 3 AKELA (20260610-184445-LERNA-hydra-vs-AKELA-wolf)
2026-06-10T18:44:47.883Z [sparring] worker 2: BLACKFISH/orca vs FALCONER/shrike @ arena 859 — series: BLACKFISH 3 — 0 FALCONER (20260610-184447-BLACKFISH-orca-vs-FALCONER-shrike)
2026-06-10T18:44:48.596Z [sparring] worker 1: FALCONER/shrike vs FALCONER/kestrel @ arena 934 — series: FALCONER 3 — 0 FALCONER (20260610-184448-FALCONER-shrike-vs-FALCONER-kestrel)
2026-06-10T18:44:50.160Z [sparring] worker 0: AKELA/wolf vs LERNA/hydra @ arena 670 — series: AKELA 3 — 0 LERNA (20260610-184449-AKELA-wolf-vs-LERNA-hydra)
2026-06-10T18:44:52.669Z [sparring] worker 2: AKELA/wolf vs ESCA/angler @ arena 512 — series: AKELA 0 — 3 ESCA (20260610-184452-AKELA-wolf-vs-ESCA-angler)
2026-06-10T18:44:52.972Z [sparring] worker 1: VEGA/pilot vs VERONICA/matador @ arena 355 — series: VEGA 0 — 3 VERONICA (20260610-184452-VEGA-pilot-vs-VERONICA-matador)
2026-06-10T18:44:55.518Z [sparring] worker 0: FALCONER/plover vs OKONKWO/reaper @ arena 636 — series: FALCONER 3 — 0 OKONKWO (20260610-184455-FALCONER-plover-vs-OKONKWO-reaper)
2026-06-10T18:44:57.816Z [sparring] worker 2: FALCONER/plover vs VERONICA/matador @ arena 645 — series: FALCONER 0 — 3 VERONICA (20260610-184457-FALCONER-plover-vs-VERONICA-matador)
2026-06-10T18:44:58.722Z [sparring] worker 1: DISCIPLE/disciple vs BLACKFISH/orca @ arena 549 — series: DISCIPLE 0 — 3 BLACKFISH (20260610-184458-DISCIPLE-disciple-vs-BLACKFISH-orca)
2026-06-10T18:45:00.488Z [sparring] worker 0: VERONICA/matador vs VEGA/pilot @ arena 110 — series: VERONICA 3 — 0 VEGA (20260610-184500-VERONICA-matador-vs-VEGA-pilot)
2026-06-10T18:45:03.449Z [sparring] worker 2: FALCONER/shrike vs LERNA/hydra @ arena 62 — series: FALCONER 3 — 0 LERNA (20260610-184503-FALCONER-shrike-vs-LERNA-hydra)
2026-06-10T18:45:04.550Z [sparring] worker 1: BELMONTE/cuadrilla vs VERONICA/matador @ arena 17 — series: BELMONTE 3 — 0 VERONICA (20260610-184504-BELMONTE-cuadrilla-vs-VERONICA-matador)
2026-06-10T18:45:05.544Z [sparring] worker 0: VERONICA/matador vs BELMONTE/cuadrilla @ arena 611 — series: VERONICA 0 — 3 BELMONTE (20260610-184505-VERONICA-matador-vs-BELMONTE-cuadrilla)
2026-06-10T18:45:08.397Z [sparring] worker 1: VEGA/pilot vs FALCONER/kestrel @ arena 848 — series: VEGA 0 — 3 FALCONER (20260610-184508-VEGA-pilot-vs-FALCONER-kestrel)
2026-06-10T18:45:08.879Z [sparring] worker 2: FALCONER/plover vs FALCONER/shrike @ arena 282 — series: FALCONER 0 — 3 FALCONER (20260610-184508-FALCONER-plover-vs-FALCONER-shrike)
2026-06-10T18:45:11.438Z [sparring] worker 0: ESCA/angler vs BLACKFISH/orca @ arena 282 — series: ESCA 2 — 1 BLACKFISH (20260610-184511-ESCA-angler-vs-BLACKFISH-orca)
2026-06-10T18:45:13.110Z [sparring] worker 2: OKONKWO/reaper vs ESCA/angler @ arena 458 — series: OKONKWO 0 — 3 ESCA (20260610-184512-OKONKWO-reaper-vs-ESCA-angler)
2026-06-10T18:45:13.879Z [sparring] worker 1: ESCA/angler vs LERNA/hydra @ arena 127 — series: ESCA 2 — 0 LERNA (20260610-184513-ESCA-angler-vs-LERNA-hydra)
2026-06-10T18:45:15.555Z [sparring] worker 0: FALCONER/plover vs FALCONER/kestrel @ arena 845 — series: FALCONER 0 — 3 FALCONER (20260610-184515-FALCONER-plover-vs-FALCONER-kestrel)
2026-06-10T18:45:17.253Z [sparring] worker 2: FALCONER/kestrel vs AKELA/wolf @ arena 483 — series: FALCONER 1 — 2 AKELA (20260610-184516-FALCONER-kestrel-vs-AKELA-wolf)
2026-06-10T18:45:18.106Z [sparring] worker 1: AKELA/wolf vs MIMIC/neural @ arena 503 — series: AKELA 3 — 0 MIMIC (20260610-184517-AKELA-wolf-vs-MIMIC-neural)
2026-06-10T18:45:19.380Z [sparring] worker 0: AKELA/wolf vs VERONICA/matador @ arena 70 — series: AKELA 2 — 1 VERONICA (20260610-184519-AKELA-wolf-vs-VERONICA-matador)
2026-06-10T18:45:22.205Z [sparring] worker 2: ESCA/angler vs BLACKFISH/orca @ arena 32 — series: ESCA 1 — 2 BLACKFISH (20260610-184521-ESCA-angler-vs-BLACKFISH-orca)
2026-06-10T18:45:22.650Z [sparring] worker 1: MIMIC/neural vs FALCONER/plover @ arena 190 — series: MIMIC 0 — 3 FALCONER (20260610-184522-MIMIC-neural-vs-FALCONER-plover)
2026-06-10T18:45:24.590Z [sparring] worker 0: ESCA/angler vs FALCONER/plover @ arena 160 — series: ESCA 3 — 0 FALCONER (20260610-184524-ESCA-angler-vs-FALCONER-plover)
2026-06-10T18:45:27.194Z [sparring] worker 2: FALCONER/shrike vs AKELA/wolf @ arena 709 — series: FALCONER 0 — 3 AKELA (20260610-184526-FALCONER-shrike-vs-AKELA-wolf)
2026-06-10T18:45:27.226Z [sparring] worker 1: LERNA/hydra vs ESCA/angler @ arena 801 — series: LERNA 0 — 3 ESCA (20260610-184526-LERNA-hydra-vs-ESCA-angler)
2026-06-10T18:45:29.270Z [sparring] worker 0: BLACKFISH/orca vs FALCONER/kestrel @ arena 32 — series: BLACKFISH 3 — 0 FALCONER (20260610-184528-BLACKFISH-orca-vs-FALCONER-kestrel)
2026-06-10T18:45:31.890Z [sparring] worker 2: ESCA/angler vs VERONICA/matador @ arena 704 — series: ESCA 3 — 0 VERONICA (20260610-184531-ESCA-angler-vs-VERONICA-matador)
2026-06-10T18:45:32.167Z [sparring] worker 1: MIMIC/neural vs VEGA/pilot @ arena 680 — series: MIMIC 0 — 3 VEGA (20260610-184531-MIMIC-neural-vs-VEGA-pilot)
2026-06-10T18:45:35.062Z [sparring] worker 0: ESCA/angler vs BELMONTE/cuadrilla @ arena 76 — series: ESCA 0 — 3 BELMONTE (20260610-184534-ESCA-angler-vs-BELMONTE-cuadrilla)
2026-06-10T18:45:37.857Z [sparring] worker 2: FALCONER/shrike vs BLACKFISH/orca @ arena 930 — series: FALCONER 0 — 3 BLACKFISH (20260610-184537-FALCONER-shrike-vs-BLACKFISH-orca)
2026-06-10T18:45:37.860Z [sparring] worker 1: BELMONTE/cuadrilla vs VEGA/pilot @ arena 391 — series: BELMONTE 3 — 0 VEGA (20260610-184537-BELMONTE-cuadrilla-vs-VEGA-pilot)
2026-06-10T18:45:41.054Z [sparring] worker 0: DISCIPLE/disciple vs FALCONER/plover @ arena 833 — series: DISCIPLE 0 — 3 FALCONER (20260610-184540-DISCIPLE-disciple-vs-FALCONER-plover)
2026-06-10T18:45:42.502Z [sparring] worker 2: ESCA/angler vs VEGA/pilot @ arena 940 — series: ESCA 3 — 0 VEGA (20260610-184542-ESCA-angler-vs-VEGA-pilot)
2026-06-10T18:45:43.018Z [sparring] worker 1: VEGA/pilot vs OKONKWO/reaper @ arena 139 — series: VEGA 3 — 0 OKONKWO (20260610-184542-VEGA-pilot-vs-OKONKWO-reaper)
2026-06-10T18:45:45.942Z [sparring] worker 0: FALCONER/plover vs VEGA/pilot @ arena 69 — series: FALCONER 3 — 0 VEGA (20260610-184545-FALCONER-plover-vs-VEGA-pilot)
2026-06-10T18:45:47.401Z [sparring] worker 2: MIMIC/neural vs AKELA/wolf @ arena 566 — series: MIMIC 0 — 3 AKELA (20260610-184546-MIMIC-neural-vs-AKELA-wolf)
2026-06-10T18:45:49.208Z [sparring] worker 1: BLACKFISH/orca vs AKELA/wolf @ arena 564 — series: BLACKFISH 2 — 0 AKELA (20260610-184548-BLACKFISH-orca-vs-AKELA-wolf)
2026-06-10T18:45:50.758Z [sparring] worker 0: FALCONER/kestrel vs FALCONER/shrike @ arena 278 — series: FALCONER 1 — 2 FALCONER (20260610-184550-FALCONER-kestrel-vs-FALCONER-shrike)
2026-06-10T18:45:52.917Z [sparring] worker 2: ESCA/angler vs LERNA/hydra @ arena 483 — series: ESCA 3 — 0 LERNA (20260610-184552-ESCA-angler-vs-LERNA-hydra)
2026-06-10T18:45:54.699Z [sparring] worker 1: LERNA/hydra vs BELMONTE/cuadrilla @ arena 586 — series: LERNA 1 — 2 BELMONTE (20260610-184554-LERNA-hydra-vs-BELMONTE-cuadrilla)
2026-06-10T18:45:55.815Z [sparring] worker 0: MIMIC/neural vs LERNA/hydra @ arena 179 — series: MIMIC 0 — 3 LERNA (20260610-184555-MIMIC-neural-vs-LERNA-hydra)
2026-06-10T18:45:57.857Z [sparring] worker 2: ESCA/angler vs OKONKWO/reaper @ arena 668 — series: ESCA 3 — 0 OKONKWO (20260610-184557-ESCA-angler-vs-OKONKWO-reaper)
2026-06-10T18:45:58.985Z [sparring] worker 1: VERONICA/matador vs AKELA/wolf @ arena 336 — series: VERONICA 0 — 3 AKELA (20260610-184558-VERONICA-matador-vs-AKELA-wolf)
2026-06-10T18:46:01.906Z [sparring] worker 0: LERNA/hydra vs FALCONER/shrike @ arena 133 — series: LERNA 1 — 2 FALCONER (20260610-184601-LERNA-hydra-vs-FALCONER-shrike)
2026-06-10T18:46:03.056Z [sparring] worker 2: VERONICA/matador vs VEGA/pilot @ arena 544 — series: VERONICA 2 — 1 VEGA (20260610-184602-VERONICA-matador-vs-VEGA-pilot)
2026-06-10T18:46:04.309Z [sparring] worker 1: BLACKFISH/orca vs OKONKWO/reaper @ arena 68 — series: BLACKFISH 3 — 0 OKONKWO (20260610-184603-BLACKFISH-orca-vs-OKONKWO-reaper)
2026-06-10T18:46:07.159Z [sparring] worker 0: OKONKWO/reaper vs BLACKFISH/orca @ arena 950 — series: OKONKWO 0 — 3 BLACKFISH (20260610-184606-OKONKWO-reaper-vs-BLACKFISH-orca)
2026-06-10T18:46:07.676Z [sparring] worker 2: LERNA/hydra vs AKELA/wolf @ arena 698 — series: LERNA 2 — 1 AKELA (20260610-184607-LERNA-hydra-vs-AKELA-wolf)
2026-06-10T18:46:08.934Z [sparring] worker 1: VERONICA/matador vs FALCONER/shrike @ arena 759 — series: VERONICA 1 — 2 FALCONER (20260610-184608-VERONICA-matador-vs-FALCONER-shrike)
2026-06-10T18:46:12.395Z [sparring] worker 0: FALCONER/plover vs LERNA/hydra @ arena 963 — series: FALCONER 1 — 1 LERNA (20260610-184612-FALCONER-plover-vs-LERNA-hydra)
2026-06-10T18:46:12.806Z [sparring] worker 2: VERONICA/matador vs BELMONTE/cuadrilla @ arena 994 — series: VERONICA 0 — 3 BELMONTE (20260610-184612-VERONICA-matador-vs-BELMONTE-cuadrilla)
2026-06-10T18:46:12.838Z [sparring] worker 1: VERONICA/matador vs FALCONER/kestrel @ arena 400 — series: VERONICA 1 — 2 FALCONER (20260610-184612-VERONICA-matador-vs-FALCONER-kestrel)
2026-06-10T18:46:17.633Z [sparring] worker 0: BELMONTE/cuadrilla vs ESCA/angler @ arena 403 — series: BELMONTE 2 — 0 ESCA (20260610-184617-BELMONTE-cuadrilla-vs-ESCA-angler)
2026-06-10T18:46:17.863Z [sparring] worker 2: VEGA/pilot vs MIMIC/neural @ arena 214 — series: VEGA 3 — 0 MIMIC (20260610-184617-VEGA-pilot-vs-MIMIC-neural)
2026-06-10T18:46:18.073Z [sparring] worker 1: BELMONTE/cuadrilla vs FALCONER/kestrel @ arena 325 — series: BELMONTE 3 — 0 FALCONER (20260610-184617-BELMONTE-cuadrilla-vs-FALCONER-kestrel)
2026-06-10T18:46:23.157Z [sparring] worker 0: DISCIPLE/disciple vs FALCONER/shrike @ arena 928 — series: DISCIPLE 0 — 3 FALCONER (20260610-184622-DISCIPLE-disciple-vs-FALCONER-shrike)
2026-06-10T18:46:23.730Z [sparring] worker 1: OKONKWO/reaper vs DISCIPLE/disciple @ arena 581 — series: OKONKWO 3 — 0 DISCIPLE (20260610-184623-OKONKWO-reaper-vs-DISCIPLE-disciple)
2026-06-10T18:46:24.009Z [sparring] worker 2: AKELA/wolf vs BLACKFISH/orca @ arena 650 — series: AKELA 1 — 2 BLACKFISH (20260610-184623-AKELA-wolf-vs-BLACKFISH-orca)
2026-06-10T18:46:27.839Z [sparring] worker 0: BLACKFISH/orca vs VEGA/pilot @ arena 343 — series: BLACKFISH 3 — 0 VEGA (20260610-184627-BLACKFISH-orca-vs-VEGA-pilot)
2026-06-10T18:46:29.070Z [sparring] worker 2: ESCA/angler vs AKELA/wolf @ arena 104 — series: ESCA 2 — 1 AKELA (20260610-184628-ESCA-angler-vs-AKELA-wolf)
2026-06-10T18:46:29.747Z [sparring] worker 1: DISCIPLE/disciple vs OKONKWO/reaper @ arena 568 — series: DISCIPLE 0 — 3 OKONKWO (20260610-184629-DISCIPLE-disciple-vs-OKONKWO-reaper)
2026-06-10T18:46:32.513Z [sparring] worker 0: FALCONER/plover vs AKELA/wolf @ arena 890 — series: FALCONER 0 — 3 AKELA (20260610-184632-FALCONER-plover-vs-AKELA-wolf)
2026-06-10T18:46:33.891Z [sparring] worker 2: OKONKWO/reaper vs LERNA/hydra @ arena 484 — series: OKONKWO 0 — 3 LERNA (20260610-184633-OKONKWO-reaper-vs-LERNA-hydra)
2026-06-10T18:46:34.756Z [sparring] worker 1: FALCONER/shrike vs FALCONER/plover @ arena 711 — series: FALCONER 2 — 0 FALCONER (20260610-184634-FALCONER-shrike-vs-FALCONER-plover)
2026-06-10T18:46:37.328Z [sparring] worker 0: DISCIPLE/disciple vs FALCONER/plover @ arena 343 — series: DISCIPLE 0 — 3 FALCONER (20260610-184637-DISCIPLE-disciple-vs-FALCONER-plover)
2026-06-10T18:46:38.954Z [sparring] worker 2: AKELA/wolf vs BELMONTE/cuadrilla @ arena 208 — series: AKELA 0 — 3 BELMONTE (20260610-184638-AKELA-wolf-vs-BELMONTE-cuadrilla)
2026-06-10T18:46:39.400Z [sparring] worker 1: AKELA/wolf vs FALCONER/plover @ arena 791 — series: AKELA 3 — 0 FALCONER (20260610-184639-AKELA-wolf-vs-FALCONER-plover)
2026-06-10T18:46:41.475Z [sparring] worker 0: VERONICA/matador vs ESCA/angler @ arena 977 — series: VERONICA 0 — 3 ESCA (20260610-184641-VERONICA-matador-vs-ESCA-angler)
2026-06-10T18:46:43.261Z [sparring] worker 1: VEGA/pilot vs VERONICA/matador @ arena 360 — series: VEGA 0 — 2 VERONICA (20260610-184642-VEGA-pilot-vs-VERONICA-matador)
2026-06-10T18:46:43.396Z [sparring] worker 2: FALCONER/kestrel vs FALCONER/plover @ arena 362 — series: FALCONER 2 — 1 FALCONER (20260610-184643-FALCONER-kestrel-vs-FALCONER-plover)
2026-06-10T18:46:47.347Z [sparring] worker 0: ESCA/angler vs BELMONTE/cuadrilla @ arena 838 — series: ESCA 0 — 3 BELMONTE (20260610-184647-ESCA-angler-vs-BELMONTE-cuadrilla)
2026-06-10T18:46:47.891Z [sparring] worker 2: FALCONER/plover vs OKONKWO/reaper @ arena 695 — series: FALCONER 3 — 0 OKONKWO (20260610-184647-FALCONER-plover-vs-OKONKWO-reaper)
2026-06-10T18:46:48.342Z [sparring] worker 1: VEGA/pilot vs DISCIPLE/disciple @ arena 343 — series: VEGA 3 — 0 DISCIPLE (20260610-184647-VEGA-pilot-vs-DISCIPLE-disciple)
2026-06-10T18:46:51.852Z [sparring] worker 2: FALCONER/kestrel vs AKELA/wolf @ arena 403 — series: FALCONER 0 — 3 AKELA (20260610-184651-FALCONER-kestrel-vs-AKELA-wolf)
2026-06-10T18:46:53.122Z [sparring] worker 0: DISCIPLE/disciple vs LERNA/hydra @ arena 773 — series: DISCIPLE 0 — 3 LERNA (20260610-184652-DISCIPLE-disciple-vs-LERNA-hydra)
2026-06-10T18:46:54.034Z [sparring] worker 1: MIMIC/neural vs DISCIPLE/disciple @ arena 942 — series: MIMIC 0 — 3 DISCIPLE (20260610-184653-MIMIC-neural-vs-DISCIPLE-disciple)
2026-06-10T18:46:56.362Z [sparring] worker 2: VEGA/pilot vs DISCIPLE/disciple @ arena 854 — series: VEGA 3 — 0 DISCIPLE (20260610-184656-VEGA-pilot-vs-DISCIPLE-disciple)
2026-06-10T18:46:57.700Z [sparring] worker 0: LERNA/hydra vs ESCA/angler @ arena 120 — series: LERNA 0 — 3 ESCA (20260610-184657-LERNA-hydra-vs-ESCA-angler)
2026-06-10T18:46:58.783Z [sparring] worker 1: MIMIC/neural vs LERNA/hydra @ arena 41 — series: MIMIC 0 — 3 LERNA (20260610-184658-MIMIC-neural-vs-LERNA-hydra)
2026-06-10T18:47:00.940Z [sparring] worker 2: FALCONER/shrike vs FALCONER/kestrel @ arena 272 — series: FALCONER 3 — 0 FALCONER (20260610-184700-FALCONER-shrike-vs-FALCONER-kestrel)
2026-06-10T18:47:02.295Z [sparring] worker 0: FALCONER/kestrel vs FALCONER/shrike @ arena 726 — series: FALCONER 0 — 3 FALCONER (20260610-184701-FALCONER-kestrel-vs-FALCONER-shrike)
2026-06-10T18:47:03.648Z [sparring] worker 1: LERNA/hydra vs FALCONER/plover @ arena 498 — series: LERNA 2 — 1 FALCONER (20260610-184703-LERNA-hydra-vs-FALCONER-plover)
2026-06-10T18:47:05.247Z [sparring] worker 2: ESCA/angler vs OKONKWO/reaper @ arena 68 — series: ESCA 3 — 0 OKONKWO (20260610-184704-ESCA-angler-vs-OKONKWO-reaper)
2026-06-10T18:47:06.514Z [sparring] worker 0: FALCONER/shrike vs OKONKWO/reaper @ arena 327 — series: FALCONER 3 — 0 OKONKWO (20260610-184706-FALCONER-shrike-vs-OKONKWO-reaper)
2026-06-10T18:47:08.298Z [sparring] worker 1: BELMONTE/cuadrilla vs VEGA/pilot @ arena 21 — series: BELMONTE 3 — 0 VEGA (20260610-184707-BELMONTE-cuadrilla-vs-VEGA-pilot)
2026-06-10T18:47:09.549Z [sparring] worker 2: VEGA/pilot vs MIMIC/neural @ arena 88 — series: VEGA 3 — 0 MIMIC (20260610-184709-VEGA-pilot-vs-MIMIC-neural)
2026-06-10T18:47:11.175Z [sparring] worker 0: VEGA/pilot vs MIMIC/neural @ arena 662 — series: VEGA 3 — 0 MIMIC (20260610-184710-VEGA-pilot-vs-MIMIC-neural)
2026-06-10T18:47:12.690Z [sparring] worker 1: MIMIC/neural vs OKONKWO/reaper @ arena 442 — series: MIMIC 0 — 3 OKONKWO (20260610-184712-MIMIC-neural-vs-OKONKWO-reaper)
2026-06-10T18:47:14.370Z [sparring] worker 2: VEGA/pilot vs BLACKFISH/orca @ arena 590 — series: VEGA 0 — 3 BLACKFISH (20260610-184714-VEGA-pilot-vs-BLACKFISH-orca)
2026-06-10T18:47:16.062Z [sparring] worker 0: OKONKWO/reaper vs FALCONER/shrike @ arena 69 — series: OKONKWO 0 — 3 FALCONER (20260610-184715-OKONKWO-reaper-vs-FALCONER-shrike)
2026-06-10T18:47:17.685Z [sparring] worker 1: MIMIC/neural vs FALCONER/plover @ arena 521 — series: MIMIC 0 — 3 FALCONER (20260610-184717-MIMIC-neural-vs-FALCONER-plover)
2026-06-10T18:47:19.117Z [sparring] worker 2: LERNA/hydra vs FALCONER/shrike @ arena 426 — series: LERNA 1 — 2 FALCONER (20260610-184718-LERNA-hydra-vs-FALCONER-shrike)
2026-06-10T18:47:20.904Z [sparring] worker 0: VEGA/pilot vs BELMONTE/cuadrilla @ arena 415 — series: VEGA 0 — 3 BELMONTE (20260610-184720-VEGA-pilot-vs-BELMONTE-cuadrilla)
2026-06-10T18:47:23.196Z [sparring] worker 1: DISCIPLE/disciple vs MIMIC/neural @ arena 908 — series: DISCIPLE 3 — 0 MIMIC (20260610-184722-DISCIPLE-disciple-vs-MIMIC-neural)
2026-06-10T18:47:23.646Z [sparring] worker 2: AKELA/wolf vs BELMONTE/cuadrilla @ arena 269 — series: AKELA 0 — 3 BELMONTE (20260610-184723-AKELA-wolf-vs-BELMONTE-cuadrilla)
2026-06-10T18:47:27.606Z [sparring] worker 0: DISCIPLE/disciple vs BLACKFISH/orca @ arena 591 — series: DISCIPLE 0 — 3 BLACKFISH (20260610-184727-DISCIPLE-disciple-vs-BLACKFISH-orca)
2026-06-10T18:47:28.602Z [sparring] worker 1: FALCONER/plover vs FALCONER/shrike @ arena 679 — series: FALCONER 1 — 2 FALCONER (20260610-184728-FALCONER-plover-vs-FALCONER-shrike)
2026-06-10T18:47:29.302Z [sparring] worker 2: MIMIC/neural vs BELMONTE/cuadrilla @ arena 798 — series: MIMIC 0 — 3 BELMONTE (20260610-184728-MIMIC-neural-vs-BELMONTE-cuadrilla)
2026-06-10T18:47:32.694Z [sparring] worker 0: FALCONER/kestrel vs ESCA/angler @ arena 580 — series: FALCONER 0 — 2 ESCA (20260610-184732-FALCONER-kestrel-vs-ESCA-angler)
2026-06-10T18:47:33.184Z [sparring] worker 1: VEGA/pilot vs VERONICA/matador @ arena 127 — series: VEGA 1 — 2 VERONICA (20260610-184732-VEGA-pilot-vs-VERONICA-matador)
2026-06-10T18:47:34.429Z [sparring] worker 2: AKELA/wolf vs FALCONER/plover @ arena 709 — series: AKELA 3 — 0 FALCONER (20260610-184734-AKELA-wolf-vs-FALCONER-plover)
2026-06-10T18:47:36.939Z [sparring] worker 0: VEGA/pilot vs OKONKWO/reaper @ arena 683 — series: VEGA 1 — 1 OKONKWO (20260610-184736-VEGA-pilot-vs-OKONKWO-reaper)
2026-06-10T18:47:38.853Z [sparring] worker 1: BLACKFISH/orca vs FALCONER/plover @ arena 339 — series: BLACKFISH 3 — 0 FALCONER (20260610-184738-BLACKFISH-orca-vs-FALCONER-plover)
2026-06-10T18:47:40.580Z [sparring] worker 2: BELMONTE/cuadrilla vs BLACKFISH/orca @ arena 796 — series: BELMONTE 1 — 2 BLACKFISH (20260610-184740-BELMONTE-cuadrilla-vs-BLACKFISH-orca)
2026-06-10T18:47:42.830Z [sparring] worker 0: FALCONER/plover vs BELMONTE/cuadrilla @ arena 341 — series: FALCONER 0 — 3 BELMONTE (20260610-184742-FALCONER-plover-vs-BELMONTE-cuadrilla)
2026-06-10T18:47:43.040Z [sparring] worker 1: FALCONER/shrike vs FALCONER/kestrel @ arena 271 — series: FALCONER 1 — 2 FALCONER (20260610-184742-FALCONER-shrike-vs-FALCONER-kestrel)
2026-06-10T18:47:45.277Z [sparring] worker 2: BLACKFISH/orca vs AKELA/wolf @ arena 23 — series: BLACKFISH 3 — 0 AKELA (20260610-184744-BLACKFISH-orca-vs-AKELA-wolf)
2026-06-10T18:47:48.046Z [sparring] worker 0: LERNA/hydra vs ESCA/angler @ arena 326 — series: LERNA 0 — 3 ESCA (20260610-184747-LERNA-hydra-vs-ESCA-angler)
2026-06-10T18:47:48.324Z [sparring] worker 1: BLACKFISH/orca vs VERONICA/matador @ arena 158 — series: BLACKFISH 3 — 0 VERONICA (20260610-184747-BLACKFISH-orca-vs-VERONICA-matador)
2026-06-10T18:47:50.017Z [sparring] worker 2: OKONKWO/reaper vs FALCONER/kestrel @ arena 435 — series: OKONKWO 0 — 3 FALCONER (20260610-184749-OKONKWO-reaper-vs-FALCONER-kestrel)
2026-06-10T18:47:52.847Z [sparring] worker 1: LERNA/hydra vs VEGA/pilot @ arena 515 — series: LERNA 3 — 0 VEGA (20260610-184752-LERNA-hydra-vs-VEGA-pilot)
2026-06-10T18:47:54.296Z [sparring] worker 0: FALCONER/shrike vs DISCIPLE/disciple @ arena 508 — series: FALCONER 3 — 0 DISCIPLE (20260610-184753-FALCONER-shrike-vs-DISCIPLE-disciple)
2026-06-10T18:47:54.984Z [sparring] worker 2: OKONKWO/reaper vs LERNA/hydra @ arena 399 — series: OKONKWO 0 — 3 LERNA (20260610-184754-OKONKWO-reaper-vs-LERNA-hydra)
2026-06-10T18:47:58.277Z [sparring] worker 1: FALCONER/kestrel vs ESCA/angler @ arena 808 — series: FALCONER 0 — 3 ESCA (20260610-184757-FALCONER-kestrel-vs-ESCA-angler)
2026-06-10T18:48:00.120Z [sparring] worker 0: VEGA/pilot vs BLACKFISH/orca @ arena 746 — series: VEGA 0 — 3 BLACKFISH (20260610-184759-VEGA-pilot-vs-BLACKFISH-orca)
2026-06-10T18:48:00.628Z [sparring] worker 2: MIMIC/neural vs FALCONER/kestrel @ arena 677 — series: MIMIC 0 — 3 FALCONER (20260610-184800-MIMIC-neural-vs-FALCONER-kestrel)
2026-06-10T18:48:03.708Z [sparring] worker 1: VEGA/pilot vs FALCONER/kestrel @ arena 898 — series: VEGA 0 — 3 FALCONER (20260610-184803-VEGA-pilot-vs-FALCONER-kestrel)
2026-06-10T18:48:04.889Z [sparring] worker 0: OKONKWO/reaper vs FALCONER/plover @ arena 305 — series: OKONKWO 1 — 2 FALCONER (20260610-184804-OKONKWO-reaper-vs-FALCONER-plover)
2026-06-10T18:48:06.616Z [sparring] worker 2: DISCIPLE/disciple vs BLACKFISH/orca @ arena 878 — series: DISCIPLE 0 — 3 BLACKFISH (20260610-184806-DISCIPLE-disciple-vs-BLACKFISH-orca)
2026-06-10T18:48:08.205Z [sparring] worker 1: FALCONER/kestrel vs OKONKWO/reaper @ arena 628 — series: FALCONER 3 — 0 OKONKWO (20260610-184807-FALCONER-kestrel-vs-OKONKWO-reaper)
2026-06-10T18:48:10.280Z [sparring] worker 0: VEGA/pilot vs BLACKFISH/orca @ arena 56 — series: VEGA 0 — 3 BLACKFISH (20260610-184809-VEGA-pilot-vs-BLACKFISH-orca)
2026-06-10T18:48:11.579Z [sparring] worker 2: LERNA/hydra vs FALCONER/plover @ arena 209 — series: LERNA 2 — 1 FALCONER (20260610-184811-LERNA-hydra-vs-FALCONER-plover)
2026-06-10T18:48:13.705Z [sparring] worker 1: MIMIC/neural vs DISCIPLE/disciple @ arena 41 — series: MIMIC 0 — 3 DISCIPLE (20260610-184813-MIMIC-neural-vs-DISCIPLE-disciple)
2026-06-10T18:48:14.557Z [sparring] worker 0: FALCONER/kestrel vs OKONKWO/reaper @ arena 20 — series: FALCONER 3 — 0 OKONKWO (20260610-184814-FALCONER-kestrel-vs-OKONKWO-reaper)
2026-06-10T18:48:15.839Z [sparring] worker 2: FALCONER/shrike vs OKONKWO/reaper @ arena 830 — series: FALCONER 3 — 0 OKONKWO (20260610-184815-FALCONER-shrike-vs-OKONKWO-reaper)
2026-06-10T18:48:18.317Z [sparring] worker 1: FALCONER/kestrel vs MIMIC/neural @ arena 728 — series: FALCONER 3 — 0 MIMIC (20260610-184817-FALCONER-kestrel-vs-MIMIC-neural)
2026-06-10T18:48:19.644Z [sparring] worker 0: LERNA/hydra vs ESCA/angler @ arena 770 — series: LERNA 0 — 3 ESCA (20260610-184819-LERNA-hydra-vs-ESCA-angler)
2026-06-10T18:48:21.016Z [sparring] worker 2: BELMONTE/cuadrilla vs FALCONER/shrike @ arena 721 — series: BELMONTE 3 — 0 FALCONER (20260610-184820-BELMONTE-cuadrilla-vs-FALCONER-shrike)
2026-06-10T18:48:22.716Z [sparring] worker 1: FALCONER/kestrel vs ESCA/angler @ arena 287 — series: FALCONER 0 — 3 ESCA (20260610-184822-FALCONER-kestrel-vs-ESCA-angler)
2026-06-10T18:48:23.710Z [sparring] worker 0: VEGA/pilot vs MIMIC/neural @ arena 978 — series: VEGA 3 — 0 MIMIC (20260610-184823-VEGA-pilot-vs-MIMIC-neural)
2026-06-10T18:48:25.865Z [sparring] worker 2: ESCA/angler vs MIMIC/neural @ arena 824 — series: ESCA 3 — 0 MIMIC (20260610-184825-ESCA-angler-vs-MIMIC-neural)
2026-06-10T18:48:26.906Z [sparring] worker 1: VEGA/pilot vs MIMIC/neural @ arena 424 — series: VEGA 3 — 0 MIMIC (20260610-184826-VEGA-pilot-vs-MIMIC-neural)
2026-06-10T18:48:27.937Z [sparring] worker 0: FALCONER/shrike vs OKONKWO/reaper @ arena 293 — series: FALCONER 3 — 0 OKONKWO (20260610-184827-FALCONER-shrike-vs-OKONKWO-reaper)
2026-06-10T18:48:30.407Z [sparring] worker 2: VERONICA/matador vs FALCONER/shrike @ arena 455 — series: VERONICA 0 — 3 FALCONER (20260610-184830-VERONICA-matador-vs-FALCONER-shrike)
2026-06-10T18:48:31.591Z [sparring] worker 1: VERONICA/matador vs FALCONER/kestrel @ arena 636 — series: VERONICA 3 — 0 FALCONER (20260610-184831-VERONICA-matador-vs-FALCONER-kestrel)
2026-06-10T18:48:32.818Z [sparring] worker 0: VEGA/pilot vs FALCONER/plover @ arena 117 — series: VEGA 0 — 3 FALCONER (20260610-184832-VEGA-pilot-vs-FALCONER-plover)
2026-06-10T18:48:35.474Z [sparring] worker 2: FALCONER/plover vs LERNA/hydra @ arena 275 — series: FALCONER 1 — 1 LERNA (20260610-184835-FALCONER-plover-vs-LERNA-hydra)
2026-06-10T18:48:37.031Z [sparring] worker 1: FALCONER/kestrel vs BLACKFISH/orca @ arena 880 — series: FALCONER 0 — 3 BLACKFISH (20260610-184836-FALCONER-kestrel-vs-BLACKFISH-orca)
2026-06-10T18:48:37.258Z [sparring] worker 0: AKELA/wolf vs DISCIPLE/disciple @ arena 810 — series: AKELA 3 — 0 DISCIPLE (20260610-184836-AKELA-wolf-vs-DISCIPLE-disciple)
2026-06-10T18:48:39.905Z [sparring] worker 2: LERNA/hydra vs FALCONER/kestrel @ arena 594 — series: LERNA 1 — 1 FALCONER (20260610-184839-LERNA-hydra-vs-FALCONER-kestrel)
2026-06-10T18:48:40.857Z [sparring] worker 0: OKONKWO/reaper vs VERONICA/matador @ arena 385 — series: OKONKWO 0 — 3 VERONICA (20260610-184840-OKONKWO-reaper-vs-VERONICA-matador)
2026-06-10T18:48:41.751Z [sparring] worker 1: BLACKFISH/orca vs VERONICA/matador @ arena 704 — series: BLACKFISH 3 — 0 VERONICA (20260610-184841-BLACKFISH-orca-vs-VERONICA-matador)
2026-06-10T18:48:44.425Z [sparring] worker 2: VEGA/pilot vs FALCONER/shrike @ arena 323 — series: VEGA 1 — 2 FALCONER (20260610-184844-VEGA-pilot-vs-FALCONER-shrike)
2026-06-10T18:48:44.585Z [sparring] worker 0: FALCONER/kestrel vs OKONKWO/reaper @ arena 38 — series: FALCONER 3 — 0 OKONKWO (20260610-184844-FALCONER-kestrel-vs-OKONKWO-reaper)
2026-06-10T18:48:45.872Z [sparring] worker 1: VERONICA/matador vs FALCONER/kestrel @ arena 3 — series: VERONICA 3 — 0 FALCONER (20260610-184845-VERONICA-matador-vs-FALCONER-kestrel)
2026-06-10T18:48:49.123Z [sparring] worker 0: FALCONER/plover vs AKELA/wolf @ arena 28 — series: FALCONER 0 — 3 AKELA (20260610-184848-FALCONER-plover-vs-AKELA-wolf)
2026-06-10T18:48:49.174Z [sparring] worker 2: LERNA/hydra vs VERONICA/matador @ arena 527 — series: LERNA 1 — 2 VERONICA (20260610-184848-LERNA-hydra-vs-VERONICA-matador)
2026-06-10T18:48:50.710Z [sparring] worker 1: FALCONER/kestrel vs FALCONER/plover @ arena 84 — series: FALCONER 1 — 1 FALCONER (20260610-184850-FALCONER-kestrel-vs-FALCONER-plover)
2026-06-10T18:48:53.841Z [sparring] worker 0: VEGA/pilot vs LERNA/hydra @ arena 129 — series: VEGA 0 — 3 LERNA (20260610-184853-VEGA-pilot-vs-LERNA-hydra)
2026-06-10T18:48:54.882Z [sparring] worker 2: BELMONTE/cuadrilla vs OKONKWO/reaper @ arena 82 — series: BELMONTE 3 — 0 OKONKWO (20260610-184854-BELMONTE-cuadrilla-vs-OKONKWO-reaper)
2026-06-10T18:48:55.455Z [sparring] worker 1: FALCONER/shrike vs FALCONER/plover @ arena 5 — series: FALCONER 3 — 0 FALCONER (20260610-184855-FALCONER-shrike-vs-FALCONER-plover)
2026-06-10T18:48:59.656Z [sparring] worker 2: BELMONTE/cuadrilla vs OKONKWO/reaper @ arena 469 — series: BELMONTE 2 — 0 OKONKWO (20260610-184859-BELMONTE-cuadrilla-vs-OKONKWO-reaper)
2026-06-10T18:48:59.689Z [sparring] worker 0: FALCONER/shrike vs DISCIPLE/disciple @ arena 650 — series: FALCONER 3 — 0 DISCIPLE (20260610-184859-FALCONER-shrike-vs-DISCIPLE-disciple)
2026-06-10T18:49:00.328Z [sparring] worker 1: FALCONER/kestrel vs LERNA/hydra @ arena 768 — series: FALCONER 3 — 0 LERNA (20260610-184900-FALCONER-kestrel-vs-LERNA-hydra)
2026-06-10T18:49:05.200Z [sparring] worker 0: MIMIC/neural vs FALCONER/plover @ arena 969 — series: MIMIC 0 — 3 FALCONER (20260610-184904-MIMIC-neural-vs-FALCONER-plover)
2026-06-10T18:49:05.211Z [sparring] worker 2: DISCIPLE/disciple vs VEGA/pilot @ arena 12 — series: DISCIPLE 0 — 3 VEGA (20260610-184904-DISCIPLE-disciple-vs-VEGA-pilot)
2026-06-10T18:49:06.256Z [sparring] worker 1: ESCA/angler vs DISCIPLE/disciple @ arena 160 — series: ESCA 3 — 0 DISCIPLE (20260610-184905-ESCA-angler-vs-DISCIPLE-disciple)
2026-06-10T18:49:09.596Z [sparring] worker 0: FALCONER/shrike vs VERONICA/matador @ arena 338 — series: FALCONER 2 — 0 VERONICA (20260610-184909-FALCONER-shrike-vs-VERONICA-matador)
2026-06-10T18:49:10.633Z [sparring] worker 2: DISCIPLE/disciple vs ESCA/angler @ arena 132 — series: DISCIPLE 0 — 3 ESCA (20260610-184910-DISCIPLE-disciple-vs-ESCA-angler)
2026-06-10T18:49:11.559Z [sparring] worker 1: BELMONTE/cuadrilla vs FALCONER/plover @ arena 444 — series: BELMONTE 3 — 0 FALCONER (20260610-184911-BELMONTE-cuadrilla-vs-FALCONER-plover)
2026-06-10T18:49:13.982Z [sparring] worker 0: VEGA/pilot vs MIMIC/neural @ arena 82 — series: VEGA 3 — 0 MIMIC (20260610-184913-VEGA-pilot-vs-MIMIC-neural)
2026-06-10T18:49:16.024Z [sparring] worker 1: VERONICA/matador vs VEGA/pilot @ arena 976 — series: VERONICA 3 — 0 VEGA (20260610-184915-VERONICA-matador-vs-VEGA-pilot)
2026-06-10T18:49:16.081Z [sparring] worker 2: LERNA/hydra vs DISCIPLE/disciple @ arena 653 — series: LERNA 3 — 0 DISCIPLE (20260610-184915-LERNA-hydra-vs-DISCIPLE-disciple)
2026-06-10T18:49:19.487Z [sparring] worker 0: BELMONTE/cuadrilla vs ESCA/angler @ arena 818 — series: BELMONTE 2 — 1 ESCA (20260610-184919-BELMONTE-cuadrilla-vs-ESCA-angler)
2026-06-10T18:49:20.698Z [sparring] worker 1: OKONKWO/reaper vs FALCONER/plover @ arena 299 — series: OKONKWO 0 — 3 FALCONER (20260610-184920-OKONKWO-reaper-vs-FALCONER-plover)
2026-06-10T18:49:22.384Z [sparring] worker 2: BELMONTE/cuadrilla vs ESCA/angler @ arena 290 — series: BELMONTE 2 — 0 ESCA (20260610-184922-BELMONTE-cuadrilla-vs-ESCA-angler)
2026-06-10T18:49:23.423Z [sparring] worker 0: AKELA/wolf vs FALCONER/kestrel @ arena 989 — series: AKELA 3 — 0 FALCONER (20260610-184923-AKELA-wolf-vs-FALCONER-kestrel)
2026-06-10T18:49:25.359Z [sparring] worker 1: OKONKWO/reaper vs VEGA/pilot @ arena 235 — series: OKONKWO 1 — 2 VEGA (20260610-184925-OKONKWO-reaper-vs-VEGA-pilot)
2026-06-10T18:49:26.246Z [sparring] worker 2: MIMIC/neural vs AKELA/wolf @ arena 795 — series: MIMIC 0 — 3 AKELA (20260610-184925-MIMIC-neural-vs-AKELA-wolf)
2026-06-10T18:49:28.082Z [sparring] worker 0: BLACKFISH/orca vs VEGA/pilot @ arena 239 — series: BLACKFISH 3 — 0 VEGA (20260610-184927-BLACKFISH-orca-vs-VEGA-pilot)
2026-06-10T18:49:30.484Z [sparring] worker 1: BLACKFISH/orca vs MIMIC/neural @ arena 680 — series: BLACKFISH 3 — 0 MIMIC (20260610-184930-BLACKFISH-orca-vs-MIMIC-neural)
2026-06-10T18:49:31.367Z [sparring] worker 2: OKONKWO/reaper vs DISCIPLE/disciple @ arena 542 — series: OKONKWO 3 — 0 DISCIPLE (20260610-184930-OKONKWO-reaper-vs-DISCIPLE-disciple)
2026-06-10T18:49:32.699Z [sparring] worker 0: FALCONER/shrike vs LERNA/hydra @ arena 977 — series: FALCONER 2 — 0 LERNA (20260610-184932-FALCONER-shrike-vs-LERNA-hydra)
2026-06-10T18:49:34.738Z [sparring] worker 1: VERONICA/matador vs ESCA/angler @ arena 565 — series: VERONICA 0 — 3 ESCA (20260610-184934-VERONICA-matador-vs-ESCA-angler)
2026-06-10T18:49:35.641Z [sparring] worker 2: MIMIC/neural vs VEGA/pilot @ arena 603 — series: MIMIC 0 — 3 VEGA (20260610-184935-MIMIC-neural-vs-VEGA-pilot)
2026-06-10T18:49:37.590Z [sparring] worker 0: FALCONER/plover vs BELMONTE/cuadrilla @ arena 559 — series: FALCONER 0 — 3 BELMONTE (20260610-184937-FALCONER-plover-vs-BELMONTE-cuadrilla)
2026-06-10T18:49:40.342Z [sparring] worker 1: DISCIPLE/disciple vs BLACKFISH/orca @ arena 6 — series: DISCIPLE 0 — 3 BLACKFISH (20260610-184940-DISCIPLE-disciple-vs-BLACKFISH-orca)
2026-06-10T18:49:40.421Z [sparring] worker 2: FALCONER/plover vs ESCA/angler @ arena 633 — series: FALCONER 0 — 3 ESCA (20260610-184940-FALCONER-plover-vs-ESCA-angler)
2026-06-10T18:49:42.526Z [sparring] worker 0: VEGA/pilot vs BLACKFISH/orca @ arena 558 — series: VEGA 0 — 3 BLACKFISH (20260610-184942-VEGA-pilot-vs-BLACKFISH-orca)
2026-06-10T18:49:45.053Z [sparring] worker 2: FALCONER/kestrel vs FALCONER/plover @ arena 614 — series: FALCONER 1 — 2 FALCONER (20260610-184944-FALCONER-kestrel-vs-FALCONER-plover)
2026-06-10T18:49:45.245Z [sparring] worker 1: FALCONER/kestrel vs VERONICA/matador @ arena 773 — series: FALCONER 1 — 2 VERONICA (20260610-184944-FALCONER-kestrel-vs-VERONICA-matador)
2026-06-10T18:49:47.084Z [sparring] worker 0: BELMONTE/cuadrilla vs FALCONER/kestrel @ arena 910 — series: BELMONTE 3 — 0 FALCONER (20260610-184946-BELMONTE-cuadrilla-vs-FALCONER-kestrel)
2026-06-10T18:49:50.206Z [sparring] worker 2: DISCIPLE/disciple vs FALCONER/plover @ arena 973 — series: DISCIPLE 0 — 3 FALCONER (20260610-184949-DISCIPLE-disciple-vs-FALCONER-plover)
2026-06-10T18:49:50.288Z [sparring] worker 1: BELMONTE/cuadrilla vs VERONICA/matador @ arena 249 — series: BELMONTE 3 — 0 VERONICA (20260610-184949-BELMONTE-cuadrilla-vs-VERONICA-matador)
2026-06-10T18:49:51.863Z [sparring] worker 0: BLACKFISH/orca vs FALCONER/kestrel @ arena 321 — series: BLACKFISH 3 — 0 FALCONER (20260610-184951-BLACKFISH-orca-vs-FALCONER-kestrel)
2026-06-10T18:49:54.921Z [sparring] worker 2: AKELA/wolf vs MIMIC/neural @ arena 599 — series: AKELA 3 — 0 MIMIC (20260610-184954-AKELA-wolf-vs-MIMIC-neural)
2026-06-10T18:49:55.209Z [sparring] worker 1: MIMIC/neural vs VEGA/pilot @ arena 617 — series: MIMIC 0 — 3 VEGA (20260610-184954-MIMIC-neural-vs-VEGA-pilot)
2026-06-10T18:49:56.202Z [sparring] worker 0: FALCONER/shrike vs VEGA/pilot @ arena 815 — series: FALCONER 3 — 0 VEGA (20260610-184955-FALCONER-shrike-vs-VEGA-pilot)
2026-06-10T18:49:59.245Z [sparring] worker 2: AKELA/wolf vs OKONKWO/reaper @ arena 597 — series: AKELA 3 — 0 OKONKWO (20260610-184958-AKELA-wolf-vs-OKONKWO-reaper)
2026-06-10T18:50:00.087Z [sparring] worker 1: ESCA/angler vs BELMONTE/cuadrilla @ arena 54 — series: ESCA 1 — 2 BELMONTE (20260610-184959-ESCA-angler-vs-BELMONTE-cuadrilla)
2026-06-10T18:50:00.506Z [sparring] worker 0: LERNA/hydra vs VEGA/pilot @ arena 424 — series: LERNA 3 — 0 VEGA (20260610-185000-LERNA-hydra-vs-VEGA-pilot)
2026-06-10T18:50:04.677Z [sparring] worker 2: LERNA/hydra vs DISCIPLE/disciple @ arena 635 — series: LERNA 3 — 0 DISCIPLE (20260610-185004-LERNA-hydra-vs-DISCIPLE-disciple)
2026-06-10T18:50:05.105Z [sparring] worker 0: FALCONER/kestrel vs FALCONER/plover @ arena 352 — series: FALCONER 3 — 0 FALCONER (20260610-185004-FALCONER-kestrel-vs-FALCONER-plover)
2026-06-10T18:50:05.629Z [sparring] worker 1: LERNA/hydra vs DISCIPLE/disciple @ arena 932 — series: LERNA 3 — 0 DISCIPLE (20260610-185005-LERNA-hydra-vs-DISCIPLE-disciple)
2026-06-10T18:50:08.927Z [sparring] worker 2: VERONICA/matador vs FALCONER/shrike @ arena 103 — series: VERONICA 1 — 2 FALCONER (20260610-185008-VERONICA-matador-vs-FALCONER-shrike)
2026-06-10T18:50:10.312Z [sparring] worker 0: LERNA/hydra vs FALCONER/shrike @ arena 476 — series: LERNA 0 — 3 FALCONER (20260610-185009-LERNA-hydra-vs-FALCONER-shrike)
2026-06-10T18:50:10.372Z [sparring] worker 1: DISCIPLE/disciple vs VEGA/pilot @ arena 137 — series: DISCIPLE 0 — 3 VEGA (20260610-185010-DISCIPLE-disciple-vs-VEGA-pilot)
2026-06-10T18:50:14.188Z [sparring] worker 2: ESCA/angler vs BELMONTE/cuadrilla @ arena 310 — series: ESCA 2 — 1 BELMONTE (20260610-185013-ESCA-angler-vs-BELMONTE-cuadrilla)
2026-06-10T18:50:14.604Z [sparring] worker 0: VERONICA/matador vs FALCONER/kestrel @ arena 153 — series: VERONICA 2 — 0 FALCONER (20260610-185014-VERONICA-matador-vs-FALCONER-kestrel)
2026-06-10T18:50:14.728Z [sparring] worker 1: FALCONER/kestrel vs VERONICA/matador @ arena 738 — series: FALCONER 1 — 2 VERONICA (20260610-185014-FALCONER-kestrel-vs-VERONICA-matador)
2026-06-10T18:50:18.681Z [sparring] worker 2: FALCONER/plover vs FALCONER/kestrel @ arena 460 — series: FALCONER 0 — 2 FALCONER (20260610-185018-FALCONER-plover-vs-FALCONER-kestrel)
2026-06-10T18:50:18.800Z [sparring] worker 0: AKELA/wolf vs FALCONER/kestrel @ arena 667 — series: AKELA 3 — 0 FALCONER (20260610-185018-AKELA-wolf-vs-FALCONER-kestrel)
2026-06-10T18:50:19.218Z [sparring] worker 1: MIMIC/neural vs VERONICA/matador @ arena 223 — series: MIMIC 0 — 3 VERONICA (20260610-185018-MIMIC-neural-vs-VERONICA-matador)
2026-06-10T18:50:23.938Z [sparring] worker 2: BELMONTE/cuadrilla vs VEGA/pilot @ arena 2 — series: BELMONTE 3 — 0 VEGA (20260610-185023-BELMONTE-cuadrilla-vs-VEGA-pilot)
2026-06-10T18:50:24.492Z [sparring] worker 0: BLACKFISH/orca vs OKONKWO/reaper @ arena 67 — series: BLACKFISH 3 — 0 OKONKWO (20260610-185024-BLACKFISH-orca-vs-OKONKWO-reaper)
2026-06-10T18:50:24.770Z [sparring] worker 1: ESCA/angler vs BELMONTE/cuadrilla @ arena 296 — series: ESCA 0 — 3 BELMONTE (20260610-185024-ESCA-angler-vs-BELMONTE-cuadrilla)
2026-06-10T18:50:28.395Z [sparring] worker 2: FALCONER/plover vs VERONICA/matador @ arena 136 — series: FALCONER 1 — 2 VERONICA (20260610-185028-FALCONER-plover-vs-VERONICA-matador)
2026-06-10T18:50:28.826Z [sparring] worker 0: MIMIC/neural vs VERONICA/matador @ arena 902 — series: MIMIC 0 — 3 VERONICA (20260610-185028-MIMIC-neural-vs-VERONICA-matador)
2026-06-10T18:50:30.696Z [sparring] worker 1: BLACKFISH/orca vs DISCIPLE/disciple @ arena 571 — series: BLACKFISH 3 — 0 DISCIPLE (20260610-185030-BLACKFISH-orca-vs-DISCIPLE-disciple)
2026-06-10T18:50:33.960Z [sparring] worker 0: FALCONER/plover vs OKONKWO/reaper @ arena 894 — series: FALCONER 2 — 1 OKONKWO (20260610-185033-FALCONER-plover-vs-OKONKWO-reaper)
2026-06-10T18:50:34.109Z [sparring] worker 2: VEGA/pilot vs BELMONTE/cuadrilla @ arena 431 — series: VEGA 0 — 3 BELMONTE (20260610-185033-VEGA-pilot-vs-BELMONTE-cuadrilla)
2026-06-10T18:50:36.588Z [sparring] worker 1: ESCA/angler vs BLACKFISH/orca @ arena 953 — series: ESCA 1 — 1 BLACKFISH (20260610-185036-ESCA-angler-vs-BLACKFISH-orca)
2026-06-10T18:50:39.146Z [sparring] worker 2: BELMONTE/cuadrilla vs VERONICA/matador @ arena 644 — series: BELMONTE 3 — 0 VERONICA (20260610-185038-BELMONTE-cuadrilla-vs-VERONICA-matador)
2026-06-10T18:50:39.238Z [sparring] worker 0: VERONICA/matador vs BELMONTE/cuadrilla @ arena 818 — series: VERONICA 0 — 3 BELMONTE (20260610-185038-VERONICA-matador-vs-BELMONTE-cuadrilla)
2026-06-10T18:50:41.534Z [sparring] worker 1: BLACKFISH/orca vs LERNA/hydra @ arena 389 — series: BLACKFISH 3 — 0 LERNA (20260610-185041-BLACKFISH-orca-vs-LERNA-hydra)
2026-06-10T18:50:43.678Z [sparring] worker 2: VEGA/pilot vs FALCONER/shrike @ arena 820 — series: VEGA 0 — 3 FALCONER (20260610-185043-VEGA-pilot-vs-FALCONER-shrike)
2026-06-10T18:50:44.848Z [sparring] worker 0: FALCONER/shrike vs BLACKFISH/orca @ arena 314 — series: FALCONER 0 — 3 BLACKFISH (20260610-185044-FALCONER-shrike-vs-BLACKFISH-orca)
2026-06-10T18:50:46.411Z [sparring] worker 1: AKELA/wolf vs DISCIPLE/disciple @ arena 744 — series: AKELA 3 — 0 DISCIPLE (20260610-185046-AKELA-wolf-vs-DISCIPLE-disciple)
2026-06-10T18:50:48.790Z [sparring] worker 0: FALCONER/shrike vs AKELA/wolf @ arena 394 — series: FALCONER 1 — 1 AKELA (20260610-185048-FALCONER-shrike-vs-AKELA-wolf)
2026-06-10T18:50:48.854Z [sparring] worker 2: BLACKFISH/orca vs MIMIC/neural @ arena 882 — series: BLACKFISH 3 — 0 MIMIC (20260610-185048-BLACKFISH-orca-vs-MIMIC-neural)
2026-06-10T18:50:50.817Z [sparring] worker 1: AKELA/wolf vs BELMONTE/cuadrilla @ arena 362 — series: AKELA 0 — 3 BELMONTE (20260610-185050-AKELA-wolf-vs-BELMONTE-cuadrilla)
2026-06-10T18:50:53.393Z [sparring] worker 0: FALCONER/plover vs VEGA/pilot @ arena 819 — series: FALCONER 2 — 1 VEGA (20260610-185053-FALCONER-plover-vs-VEGA-pilot)
2026-06-10T18:50:53.884Z [sparring] worker 2: MIMIC/neural vs FALCONER/plover @ arena 439 — series: MIMIC 0 — 3 FALCONER (20260610-185053-MIMIC-neural-vs-FALCONER-plover)
2026-06-10T18:50:55.017Z [sparring] worker 1: MIMIC/neural vs AKELA/wolf @ arena 200 — series: MIMIC 0 — 3 AKELA (20260610-185054-MIMIC-neural-vs-AKELA-wolf)
2026-06-10T18:50:58.701Z [sparring] worker 0: AKELA/wolf vs DISCIPLE/disciple @ arena 508 — series: AKELA 3 — 0 DISCIPLE (20260610-185058-AKELA-wolf-vs-DISCIPLE-disciple)
2026-06-10T18:50:59.907Z [sparring] worker 1: OKONKWO/reaper vs LERNA/hydra @ arena 664 — series: OKONKWO 0 — 3 LERNA (20260610-185059-OKONKWO-reaper-vs-LERNA-hydra)
2026-06-10T18:51:00.069Z [sparring] worker 2: BLACKFISH/orca vs LERNA/hydra @ arena 457 — series: BLACKFISH 3 — 0 LERNA (20260610-185059-BLACKFISH-orca-vs-LERNA-hydra)
2026-06-10T18:51:04.107Z [sparring] worker 0: BELMONTE/cuadrilla vs FALCONER/shrike @ arena 310 — series: BELMONTE 3 — 0 FALCONER (20260610-185103-BELMONTE-cuadrilla-vs-FALCONER-shrike)
2026-06-10T18:51:04.526Z [sparring] worker 1: VERONICA/matador vs VEGA/pilot @ arena 954 — series: VERONICA 2 — 1 VEGA (20260610-185104-VERONICA-matador-vs-VEGA-pilot)
2026-06-10T18:51:05.220Z [sparring] worker 2: DISCIPLE/disciple vs FALCONER/plover @ arena 700 — series: DISCIPLE 0 — 3 FALCONER (20260610-185104-DISCIPLE-disciple-vs-FALCONER-plover)
2026-06-10T18:51:08.668Z [sparring] worker 0: VERONICA/matador vs BELMONTE/cuadrilla @ arena 467 — series: VERONICA 0 — 3 BELMONTE (20260610-185108-VERONICA-matador-vs-BELMONTE-cuadrilla)
2026-06-10T18:51:09.335Z [sparring] worker 2: OKONKWO/reaper vs VERONICA/matador @ arena 409 — series: OKONKWO 0 — 3 VERONICA (20260610-185109-OKONKWO-reaper-vs-VERONICA-matador)
2026-06-10T18:51:09.908Z [sparring] worker 1: BLACKFISH/orca vs FALCONER/kestrel @ arena 252 — series: BLACKFISH 3 — 0 FALCONER (20260610-185109-BLACKFISH-orca-vs-FALCONER-kestrel)
2026-06-10T18:51:12.689Z [sparring] worker 0: VEGA/pilot vs VERONICA/matador @ arena 494 — series: VEGA 1 — 2 VERONICA (20260610-185112-VEGA-pilot-vs-VERONICA-matador)
2026-06-10T18:51:13.887Z [sparring] worker 1: FALCONER/kestrel vs VERONICA/matador @ arena 302 — series: FALCONER 0 — 3 VERONICA (20260610-185113-FALCONER-kestrel-vs-VERONICA-matador)
2026-06-10T18:51:13.900Z [sparring] worker 2: LERNA/hydra vs VEGA/pilot @ arena 415 — series: LERNA 2 — 1 VEGA (20260610-185113-LERNA-hydra-vs-VEGA-pilot)
2026-06-10T18:51:17.307Z [sparring] worker 0: FALCONER/shrike vs AKELA/wolf @ arena 74 — series: FALCONER 0 — 2 AKELA (20260610-185117-FALCONER-shrike-vs-AKELA-wolf)
2026-06-10T18:51:19.028Z [sparring] worker 1: ESCA/angler vs MIMIC/neural @ arena 16 — series: ESCA 3 — 0 MIMIC (20260610-185118-ESCA-angler-vs-MIMIC-neural)
2026-06-10T18:51:19.157Z [sparring] worker 2: BELMONTE/cuadrilla vs OKONKWO/reaper @ arena 192 — series: BELMONTE 3 — 0 OKONKWO (20260610-185118-BELMONTE-cuadrilla-vs-OKONKWO-reaper)
2026-06-10T18:51:21.270Z [sparring] worker 0: AKELA/wolf vs ESCA/angler @ arena 955 — series: AKELA 0 — 3 ESCA (20260610-185120-AKELA-wolf-vs-ESCA-angler)
2026-06-10T18:51:23.316Z [sparring] worker 1: FALCONER/kestrel vs VERONICA/matador @ arena 285 — series: FALCONER 1 — 2 VERONICA (20260610-185123-FALCONER-kestrel-vs-VERONICA-matador)
2026-06-10T18:51:23.724Z [sparring] worker 2: FALCONER/kestrel vs AKELA/wolf @ arena 117 — series: FALCONER 1 — 2 AKELA (20260610-185123-FALCONER-kestrel-vs-AKELA-wolf)
2026-06-10T18:51:25.873Z [sparring] worker 0: FALCONER/shrike vs LERNA/hydra @ arena 905 — series: FALCONER 2 — 0 LERNA (20260610-185125-FALCONER-shrike-vs-LERNA-hydra)
2026-06-10T18:51:27.341Z [sparring] worker 1: ESCA/angler vs FALCONER/kestrel @ arena 794 — series: ESCA 3 — 0 FALCONER (20260610-185127-ESCA-angler-vs-FALCONER-kestrel)
2026-06-10T18:51:27.709Z [sparring] worker 2: ESCA/angler vs AKELA/wolf @ arena 103 — series: ESCA 3 — 0 AKELA (20260610-185127-ESCA-angler-vs-AKELA-wolf)
2026-06-10T18:51:30.392Z [sparring] worker 0: AKELA/wolf vs BELMONTE/cuadrilla @ arena 283 — series: AKELA 1 — 2 BELMONTE (20260610-185130-AKELA-wolf-vs-BELMONTE-cuadrilla)
2026-06-10T18:51:31.968Z [sparring] worker 1: MIMIC/neural vs OKONKWO/reaper @ arena 410 — series: MIMIC 0 — 3 OKONKWO (20260610-185131-MIMIC-neural-vs-OKONKWO-reaper)
2026-06-10T18:51:32.500Z [sparring] worker 2: VERONICA/matador vs FALCONER/plover @ arena 492 — series: VERONICA 3 — 0 FALCONER (20260610-185132-VERONICA-matador-vs-FALCONER-plover)
2026-06-10T18:51:34.946Z [sparring] worker 0: MIMIC/neural vs ESCA/angler @ arena 531 — series: MIMIC 0 — 3 ESCA (20260610-185134-MIMIC-neural-vs-ESCA-angler)
2026-06-10T18:51:36.805Z [sparring] worker 1: AKELA/wolf vs DISCIPLE/disciple @ arena 99 — series: AKELA 3 — 0 DISCIPLE (20260610-185136-AKELA-wolf-vs-DISCIPLE-disciple)
2026-06-10T18:51:36.904Z [sparring] worker 2: BELMONTE/cuadrilla vs AKELA/wolf @ arena 590 — series: BELMONTE 3 — 0 AKELA (20260610-185136-BELMONTE-cuadrilla-vs-AKELA-wolf)
2026-06-10T18:51:39.418Z [sparring] worker 0: MIMIC/neural vs VEGA/pilot @ arena 524 — series: MIMIC 0 — 3 VEGA (20260610-185139-MIMIC-neural-vs-VEGA-pilot)
2026-06-10T18:51:41.457Z [sparring] worker 2: FALCONER/plover vs MIMIC/neural @ arena 646 — series: FALCONER 3 — 0 MIMIC (20260610-185141-FALCONER-plover-vs-MIMIC-neural)
2026-06-10T18:51:42.373Z [sparring] worker 1: DISCIPLE/disciple vs LERNA/hydra @ arena 528 — series: DISCIPLE 0 — 3 LERNA (20260610-185142-DISCIPLE-disciple-vs-LERNA-hydra)
2026-06-10T18:51:44.539Z [sparring] worker 0: FALCONER/shrike vs BELMONTE/cuadrilla @ arena 528 — series: FALCONER 0 — 3 BELMONTE (20260610-185144-FALCONER-shrike-vs-BELMONTE-cuadrilla)
2026-06-10T18:51:46.590Z [sparring] worker 1: LERNA/hydra vs VEGA/pilot @ arena 626 — series: LERNA 3 — 0 VEGA (20260610-185146-LERNA-hydra-vs-VEGA-pilot)
2026-06-10T18:51:47.623Z [sparring] worker 2: BELMONTE/cuadrilla vs FALCONER/shrike @ arena 870 — series: BELMONTE 3 — 0 FALCONER (20260610-185147-BELMONTE-cuadrilla-vs-FALCONER-shrike)
2026-06-10T18:51:49.957Z [sparring] worker 0: MIMIC/neural vs DISCIPLE/disciple @ arena 43 — series: MIMIC 0 — 3 DISCIPLE (20260610-185149-MIMIC-neural-vs-DISCIPLE-disciple)
2026-06-10T18:51:50.609Z [sparring] worker 1: ESCA/angler vs AKELA/wolf @ arena 255 — series: ESCA 1 — 2 AKELA (20260610-185150-ESCA-angler-vs-AKELA-wolf)
2026-06-10T18:51:52.776Z [sparring] worker 2: LERNA/hydra vs DISCIPLE/disciple @ arena 839 — series: LERNA 3 — 0 DISCIPLE (20260610-185152-LERNA-hydra-vs-DISCIPLE-disciple)
2026-06-10T18:51:54.282Z [sparring] worker 0: MIMIC/neural vs ESCA/angler @ arena 602 — series: MIMIC 0 — 3 ESCA (20260610-185153-MIMIC-neural-vs-ESCA-angler)
2026-06-10T18:51:54.698Z [sparring] worker 1: FALCONER/plover vs AKELA/wolf @ arena 710 — series: FALCONER 1 — 2 AKELA (20260610-185154-FALCONER-plover-vs-AKELA-wolf)
2026-06-10T18:51:56.799Z [sparring] worker 2: AKELA/wolf vs LERNA/hydra @ arena 646 — series: AKELA 2 — 1 LERNA (20260610-185156-AKELA-wolf-vs-LERNA-hydra)
2026-06-10T18:51:59.350Z [sparring] worker 0: BELMONTE/cuadrilla vs FALCONER/kestrel @ arena 111 — series: BELMONTE 3 — 0 FALCONER (20260610-185159-BELMONTE-cuadrilla-vs-FALCONER-kestrel)
2026-06-10T18:51:59.854Z [sparring] worker 1: FALCONER/shrike vs FALCONER/plover @ arena 796 — series: FALCONER 1 — 2 FALCONER (20260610-185159-FALCONER-shrike-vs-FALCONER-plover)
2026-06-10T18:52:02.230Z [sparring] worker 2: LERNA/hydra vs FALCONER/shrike @ arena 181 — series: LERNA 0 — 3 FALCONER (20260610-185201-LERNA-hydra-vs-FALCONER-shrike)
2026-06-10T18:52:03.594Z [sparring] worker 0: FALCONER/shrike vs VERONICA/matador @ arena 225 — series: FALCONER 1 — 2 VERONICA (20260610-185203-FALCONER-shrike-vs-VERONICA-matador)
2026-06-10T18:52:04.970Z [sparring] worker 1: FALCONER/shrike vs ESCA/angler @ arena 160 — series: FALCONER 0 — 3 ESCA (20260610-185204-FALCONER-shrike-vs-ESCA-angler)
2026-06-10T18:52:06.562Z [sparring] worker 2: ESCA/angler vs OKONKWO/reaper @ arena 920 — series: ESCA 3 — 0 OKONKWO (20260610-185206-ESCA-angler-vs-OKONKWO-reaper)
2026-06-10T18:52:09.073Z [sparring] worker 0: ESCA/angler vs BLACKFISH/orca @ arena 879 — series: ESCA 1 — 2 BLACKFISH (20260610-185208-ESCA-angler-vs-BLACKFISH-orca)
2026-06-10T18:52:09.281Z [sparring] worker 1: VERONICA/matador vs ESCA/angler @ arena 310 — series: VERONICA 0 — 3 ESCA (20260610-185208-VERONICA-matador-vs-ESCA-angler)
2026-06-10T18:52:11.577Z [sparring] worker 2: FALCONER/shrike vs DISCIPLE/disciple @ arena 603 — series: FALCONER 3 — 0 DISCIPLE (20260610-185211-FALCONER-shrike-vs-DISCIPLE-disciple)
2026-06-10T18:52:14.031Z [sparring] worker 0: DISCIPLE/disciple vs FALCONER/kestrel @ arena 21 — series: DISCIPLE 0 — 3 FALCONER (20260610-185213-DISCIPLE-disciple-vs-FALCONER-kestrel)
2026-06-10T18:52:14.936Z [sparring] worker 1: BLACKFISH/orca vs LERNA/hydra @ arena 288 — series: BLACKFISH 1 — 2 LERNA (20260610-185214-BLACKFISH-orca-vs-LERNA-hydra)
2026-06-10T18:52:16.440Z [sparring] worker 2: BLACKFISH/orca vs VEGA/pilot @ arena 440 — series: BLACKFISH 3 — 0 VEGA (20260610-185216-BLACKFISH-orca-vs-VEGA-pilot)
2026-06-10T18:52:18.182Z [sparring] worker 0: FALCONER/kestrel vs MIMIC/neural @ arena 346 — series: FALCONER 3 — 0 MIMIC (20260610-185217-FALCONER-kestrel-vs-MIMIC-neural)
2026-06-10T18:52:19.044Z [sparring] worker 1: AKELA/wolf vs FALCONER/kestrel @ arena 875 — series: AKELA 3 — 0 FALCONER (20260610-185218-AKELA-wolf-vs-FALCONER-kestrel)
2026-06-10T18:52:21.971Z [sparring] worker 2: BLACKFISH/orca vs MIMIC/neural @ arena 288 — series: BLACKFISH 3 — 0 MIMIC (20260610-185221-BLACKFISH-orca-vs-MIMIC-neural)
2026-06-10T18:52:23.537Z [sparring] worker 1: LERNA/hydra vs OKONKWO/reaper @ arena 718 — series: LERNA 3 — 0 OKONKWO (20260610-185223-LERNA-hydra-vs-OKONKWO-reaper)
2026-06-10T18:52:23.724Z [sparring] worker 0: DISCIPLE/disciple vs FALCONER/shrike @ arena 94 — series: DISCIPLE 0 — 3 FALCONER (20260610-185223-DISCIPLE-disciple-vs-FALCONER-shrike)
2026-06-10T18:52:27.361Z [sparring] worker 2: DISCIPLE/disciple vs ESCA/angler @ arena 823 — series: DISCIPLE 0 — 3 ESCA (20260610-185227-DISCIPLE-disciple-vs-ESCA-angler)
2026-06-10T18:52:27.902Z [sparring] worker 0: AKELA/wolf vs VERONICA/matador @ arena 197 — series: AKELA 3 — 0 VERONICA (20260610-185227-AKELA-wolf-vs-VERONICA-matador)
2026-06-10T18:52:28.382Z [sparring] worker 1: DISCIPLE/disciple vs VERONICA/matador @ arena 306 — series: DISCIPLE 0 — 3 VERONICA (20260610-185227-DISCIPLE-disciple-vs-VERONICA-matador)
2026-06-10T18:52:32.871Z [sparring] worker 2: OKONKWO/reaper vs FALCONER/plover @ arena 290 — series: OKONKWO 1 — 2 FALCONER (20260610-185232-OKONKWO-reaper-vs-FALCONER-plover)
2026-06-10T18:52:33.618Z [sparring] worker 0: BLACKFISH/orca vs LERNA/hydra @ arena 875 — series: BLACKFISH 3 — 0 LERNA (20260610-185233-BLACKFISH-orca-vs-LERNA-hydra)
2026-06-10T18:52:33.791Z [sparring] worker 1: FALCONER/shrike vs DISCIPLE/disciple @ arena 614 — series: FALCONER 3 — 0 DISCIPLE (20260610-185233-FALCONER-shrike-vs-DISCIPLE-disciple)
2026-06-10T18:52:37.372Z [sparring] worker 2: FALCONER/plover vs FALCONER/shrike @ arena 146 — series: FALCONER 0 — 3 FALCONER (20260610-185237-FALCONER-plover-vs-FALCONER-shrike)
2026-06-10T18:52:38.646Z [sparring] worker 0: MIMIC/neural vs FALCONER/plover @ arena 116 — series: MIMIC 0 — 3 FALCONER (20260610-185238-MIMIC-neural-vs-FALCONER-plover)
2026-06-10T18:52:39.493Z [sparring] worker 1: BLACKFISH/orca vs AKELA/wolf @ arena 835 — series: BLACKFISH 2 — 1 AKELA (20260610-185239-BLACKFISH-orca-vs-AKELA-wolf)
2026-06-10T18:52:41.054Z [sparring] worker 2: AKELA/wolf vs OKONKWO/reaper @ arena 553 — series: AKELA 2 — 0 OKONKWO (20260610-185240-AKELA-wolf-vs-OKONKWO-reaper)
2026-06-10T18:52:43.496Z [sparring] worker 0: MIMIC/neural vs BELMONTE/cuadrilla @ arena 910 — series: MIMIC 0 — 3 BELMONTE (20260610-185243-MIMIC-neural-vs-BELMONTE-cuadrilla)
2026-06-10T18:52:44.048Z [sparring] worker 1: ESCA/angler vs FALCONER/kestrel @ arena 832 — series: ESCA 3 — 0 FALCONER (20260610-185243-ESCA-angler-vs-FALCONER-kestrel)
2026-06-10T18:52:46.042Z [sparring] worker 2: FALCONER/kestrel vs BLACKFISH/orca @ arena 177 — series: FALCONER 0 — 3 BLACKFISH (20260610-185245-FALCONER-kestrel-vs-BLACKFISH-orca)
2026-06-10T18:52:48.555Z [sparring] worker 0: BLACKFISH/orca vs AKELA/wolf @ arena 323 — series: BLACKFISH 3 — 0 AKELA (20260610-185248-BLACKFISH-orca-vs-AKELA-wolf)
2026-06-10T18:52:49.274Z [sparring] worker 1: MIMIC/neural vs BELMONTE/cuadrilla @ arena 484 — series: MIMIC 0 — 3 BELMONTE (20260610-185248-MIMIC-neural-vs-BELMONTE-cuadrilla)
2026-06-10T18:52:51.491Z [sparring] worker 2: DISCIPLE/disciple vs MIMIC/neural @ arena 983 — series: DISCIPLE 3 — 0 MIMIC (20260610-185251-DISCIPLE-disciple-vs-MIMIC-neural)
2026-06-10T18:52:52.746Z [sparring] worker 0: FALCONER/plover vs AKELA/wolf @ arena 111 — series: FALCONER 0 — 3 AKELA (20260610-185252-FALCONER-plover-vs-AKELA-wolf)
2026-06-10T18:52:54.136Z [sparring] worker 1: BLACKFISH/orca vs ESCA/angler @ arena 433 — series: BLACKFISH 1 — 2 ESCA (20260610-185253-BLACKFISH-orca-vs-ESCA-angler)
2026-06-10T18:52:55.872Z [sparring] worker 2: MIMIC/neural vs OKONKWO/reaper @ arena 987 — series: MIMIC 0 — 3 OKONKWO (20260610-185255-MIMIC-neural-vs-OKONKWO-reaper)
2026-06-10T18:52:57.907Z [sparring] worker 0: BELMONTE/cuadrilla vs BLACKFISH/orca @ arena 570 — series: BELMONTE 2 — 0 BLACKFISH (20260610-185257-BELMONTE-cuadrilla-vs-BLACKFISH-orca)
2026-06-10T18:52:58.684Z [sparring] worker 1: ESCA/angler vs FALCONER/kestrel @ arena 759 — series: ESCA 3 — 0 FALCONER (20260610-185258-ESCA-angler-vs-FALCONER-kestrel)
2026-06-10T18:53:01.041Z [sparring] worker 2: FALCONER/kestrel vs BELMONTE/cuadrilla @ arena 447 — series: FALCONER 0 — 3 BELMONTE (20260610-185300-FALCONER-kestrel-vs-BELMONTE-cuadrilla)
2026-06-10T18:53:03.129Z [sparring] worker 0: ESCA/angler vs LERNA/hydra @ arena 236 — series: ESCA 3 — 0 LERNA (20260610-185302-ESCA-angler-vs-LERNA-hydra)
2026-06-10T18:53:04.575Z [sparring] worker 1: BLACKFISH/orca vs MIMIC/neural @ arena 782 — series: BLACKFISH 3 — 0 MIMIC (20260610-185304-BLACKFISH-orca-vs-MIMIC-neural)
2026-06-10T18:53:05.274Z [sparring] worker 2: VERONICA/matador vs MIMIC/neural @ arena 70 — series: VERONICA 3 — 0 MIMIC (20260610-185304-VERONICA-matador-vs-MIMIC-neural)
2026-06-10T18:53:07.886Z [sparring] worker 0: VERONICA/matador vs BELMONTE/cuadrilla @ arena 143 — series: VERONICA 0 — 3 BELMONTE (20260610-185307-VERONICA-matador-vs-BELMONTE-cuadrilla)
2026-06-10T18:53:09.920Z [sparring] worker 1: FALCONER/shrike vs BELMONTE/cuadrilla @ arena 296 — series: FALCONER 0 — 3 BELMONTE (20260610-185309-FALCONER-shrike-vs-BELMONTE-cuadrilla)
2026-06-10T18:53:10.635Z [sparring] worker 2: MIMIC/neural vs BLACKFISH/orca @ arena 648 — series: MIMIC 0 — 3 BLACKFISH (20260610-185310-MIMIC-neural-vs-BLACKFISH-orca)
2026-06-10T18:53:11.755Z [sparring] worker 0: AKELA/wolf vs VEGA/pilot @ arena 254 — series: AKELA 3 — 0 VEGA (20260610-185311-AKELA-wolf-vs-VEGA-pilot)
2026-06-10T18:53:14.734Z [sparring] worker 1: ESCA/angler vs VEGA/pilot @ arena 328 — series: ESCA 3 — 0 VEGA (20260610-185314-ESCA-angler-vs-VEGA-pilot)
2026-06-10T18:53:15.163Z [sparring] worker 2: VERONICA/matador vs FALCONER/plover @ arena 365 — series: VERONICA 1 — 2 FALCONER (20260610-185314-VERONICA-matador-vs-FALCONER-plover)
2026-06-10T18:53:16.155Z [sparring] worker 0: FALCONER/plover vs OKONKWO/reaper @ arena 409 — series: FALCONER 2 — 1 OKONKWO (20260610-185315-FALCONER-plover-vs-OKONKWO-reaper)
2026-06-10T18:53:19.659Z [sparring] worker 2: LERNA/hydra vs VERONICA/matador @ arena 251 — series: LERNA 2 — 1 VERONICA (20260610-185319-LERNA-hydra-vs-VERONICA-matador)
2026-06-10T18:53:19.720Z [sparring] worker 1: FALCONER/shrike vs OKONKWO/reaper @ arena 56 — series: FALCONER 3 — 0 OKONKWO (20260610-185319-FALCONER-shrike-vs-OKONKWO-reaper)
2026-06-10T18:53:20.669Z [sparring] worker 0: VEGA/pilot vs ESCA/angler @ arena 230 — series: VEGA 0 — 3 ESCA (20260610-185320-VEGA-pilot-vs-ESCA-angler)
2026-06-10T18:53:24.171Z [sparring] worker 1: VEGA/pilot vs OKONKWO/reaper @ arena 760 — series: VEGA 3 — 0 OKONKWO (20260610-185323-VEGA-pilot-vs-OKONKWO-reaper)
2026-06-10T18:53:25.947Z [sparring] worker 2: MIMIC/neural vs BELMONTE/cuadrilla @ arena 246 — series: MIMIC 0 — 3 BELMONTE (20260610-185325-MIMIC-neural-vs-BELMONTE-cuadrilla)
2026-06-10T18:53:25.968Z [sparring] worker 0: FALCONER/kestrel vs ESCA/angler @ arena 466 — series: FALCONER 0 — 3 ESCA (20260610-185325-FALCONER-kestrel-vs-ESCA-angler)
2026-06-10T18:53:28.595Z [sparring] worker 1: ESCA/angler vs MIMIC/neural @ arena 120 — series: ESCA 3 — 0 MIMIC (20260610-185328-ESCA-angler-vs-MIMIC-neural)
2026-06-10T18:53:30.790Z [sparring] worker 2: MIMIC/neural vs OKONKWO/reaper @ arena 552 — series: MIMIC 0 — 3 OKONKWO (20260610-185330-MIMIC-neural-vs-OKONKWO-reaper)
2026-06-10T18:53:30.841Z [sparring] worker 0: FALCONER/shrike vs BLACKFISH/orca @ arena 596 — series: FALCONER 0 — 2 BLACKFISH (20260610-185330-FALCONER-shrike-vs-BLACKFISH-orca)
2026-06-10T18:53:33.210Z [sparring] worker 1: FALCONER/shrike vs MIMIC/neural @ arena 682 — series: FALCONER 3 — 0 MIMIC (20260610-185332-FALCONER-shrike-vs-MIMIC-neural)
2026-06-10T18:53:35.148Z [sparring] worker 0: VEGA/pilot vs FALCONER/shrike @ arena 219 — series: VEGA 0 — 3 FALCONER (20260610-185334-VEGA-pilot-vs-FALCONER-shrike)
2026-06-10T18:53:35.173Z [sparring] worker 2: FALCONER/kestrel vs LERNA/hydra @ arena 940 — series: FALCONER 2 — 1 LERNA (20260610-185334-FALCONER-kestrel-vs-LERNA-hydra)
2026-06-10T18:53:38.215Z [sparring] worker 1: ESCA/angler vs FALCONER/shrike @ arena 160 — series: ESCA 3 — 0 FALCONER (20260610-185337-ESCA-angler-vs-FALCONER-shrike)
2026-06-10T18:53:39.825Z [sparring] worker 0: FALCONER/shrike vs AKELA/wolf @ arena 28 — series: FALCONER 1 — 1 AKELA (20260610-185339-FALCONER-shrike-vs-AKELA-wolf)
2026-06-10T18:53:40.109Z [sparring] worker 2: DISCIPLE/disciple vs ESCA/angler @ arena 687 — series: DISCIPLE 0 — 3 ESCA (20260610-185339-DISCIPLE-disciple-vs-ESCA-angler)
2026-06-10T18:53:43.891Z [sparring] worker 1: MIMIC/neural vs BELMONTE/cuadrilla @ arena 499 — series: MIMIC 0 — 3 BELMONTE (20260610-185343-MIMIC-neural-vs-BELMONTE-cuadrilla)
2026-06-10T18:53:44.547Z [sparring] worker 2: ESCA/angler vs AKELA/wolf @ arena 292 — series: ESCA 2 — 1 AKELA (20260610-185344-ESCA-angler-vs-AKELA-wolf)
2026-06-10T18:53:45.043Z [sparring] worker 0: LERNA/hydra vs BLACKFISH/orca @ arena 631 — series: LERNA 1 — 2 BLACKFISH (20260610-185344-LERNA-hydra-vs-BLACKFISH-orca)
2026-06-10T18:53:48.694Z [sparring] worker 1: BELMONTE/cuadrilla vs AKELA/wolf @ arena 778 — series: BELMONTE 3 — 0 AKELA (20260610-185348-BELMONTE-cuadrilla-vs-AKELA-wolf)
2026-06-10T18:53:49.507Z [sparring] worker 0: AKELA/wolf vs BELMONTE/cuadrilla @ arena 475 — series: AKELA 0 — 3 BELMONTE (20260610-185349-AKELA-wolf-vs-BELMONTE-cuadrilla)
2026-06-10T18:53:50.174Z [sparring] worker 2: BLACKFISH/orca vs AKELA/wolf @ arena 73 — series: BLACKFISH 3 — 0 AKELA (20260610-185349-BLACKFISH-orca-vs-AKELA-wolf)
2026-06-10T18:53:53.536Z [sparring] worker 1: FALCONER/shrike vs VEGA/pilot @ arena 954 — series: FALCONER 3 — 0 VEGA (20260610-185353-FALCONER-shrike-vs-VEGA-pilot)
2026-06-10T18:53:55.052Z [sparring] worker 2: DISCIPLE/disciple vs FALCONER/kestrel @ arena 830 — series: DISCIPLE 0 — 3 FALCONER (20260610-185354-DISCIPLE-disciple-vs-FALCONER-kestrel)
2026-06-10T18:53:55.544Z [sparring] worker 0: DISCIPLE/disciple vs BLACKFISH/orca @ arena 620 — series: DISCIPLE 0 — 3 BLACKFISH (20260610-185355-DISCIPLE-disciple-vs-BLACKFISH-orca)
2026-06-10T18:53:58.179Z [sparring] worker 1: BLACKFISH/orca vs VERONICA/matador @ arena 767 — series: BLACKFISH 3 — 0 VERONICA (20260610-185357-BLACKFISH-orca-vs-VERONICA-matador)
2026-06-10T18:53:59.816Z [sparring] worker 2: FALCONER/plover vs FALCONER/shrike @ arena 63 — series: FALCONER 1 — 2 FALCONER (20260610-185359-FALCONER-plover-vs-FALCONER-shrike)
2026-06-10T18:54:00.705Z [sparring] worker 0: FALCONER/plover vs DISCIPLE/disciple @ arena 376 — series: FALCONER 3 — 0 DISCIPLE (20260610-185400-FALCONER-plover-vs-DISCIPLE-disciple)
2026-06-10T18:54:03.245Z [sparring] worker 1: BLACKFISH/orca vs MIMIC/neural @ arena 81 — series: BLACKFISH 3 — 0 MIMIC (20260610-185402-BLACKFISH-orca-vs-MIMIC-neural)
2026-06-10T18:54:04.557Z [sparring] worker 2: BELMONTE/cuadrilla vs OKONKWO/reaper @ arena 333 — series: BELMONTE 3 — 0 OKONKWO (20260610-185404-BELMONTE-cuadrilla-vs-OKONKWO-reaper)
2026-06-10T18:54:06.094Z [sparring] worker 0: FALCONER/plover vs DISCIPLE/disciple @ arena 569 — series: FALCONER 3 — 0 DISCIPLE (20260610-185405-FALCONER-plover-vs-DISCIPLE-disciple)
2026-06-10T18:54:07.776Z [sparring] worker 1: FALCONER/shrike vs FALCONER/plover @ arena 810 — series: FALCONER 3 — 0 FALCONER (20260610-185407-FALCONER-shrike-vs-FALCONER-plover)
2026-06-10T18:54:08.953Z [sparring] worker 2: VERONICA/matador vs MIMIC/neural @ arena 292 — series: VERONICA 3 — 0 MIMIC (20260610-185408-VERONICA-matador-vs-MIMIC-neural)
2026-06-10T18:54:11.168Z [sparring] worker 0: BELMONTE/cuadrilla vs AKELA/wolf @ arena 7 — series: BELMONTE 3 — 0 AKELA (20260610-185410-BELMONTE-cuadrilla-vs-AKELA-wolf)
2026-06-10T18:54:13.069Z [sparring] worker 1: BLACKFISH/orca vs AKELA/wolf @ arena 300 — series: BLACKFISH 3 — 0 AKELA (20260610-185412-BLACKFISH-orca-vs-AKELA-wolf)
2026-06-10T18:54:13.493Z [sparring] worker 2: LERNA/hydra vs FALCONER/kestrel @ arena 350 — series: LERNA 2 — 1 FALCONER (20260610-185413-LERNA-hydra-vs-FALCONER-kestrel)
2026-06-10T18:54:16.448Z [sparring] worker 0: LERNA/hydra vs BLACKFISH/orca @ arena 750 — series: LERNA 0 — 3 BLACKFISH (20260610-185416-LERNA-hydra-vs-BLACKFISH-orca)
2026-06-10T18:54:17.066Z [sparring] worker 1: FALCONER/kestrel vs VEGA/pilot @ arena 471 — series: FALCONER 2 — 1 VEGA (20260610-185416-FALCONER-kestrel-vs-VEGA-pilot)
2026-06-10T18:54:17.999Z [sparring] worker 2: AKELA/wolf vs ESCA/angler @ arena 859 — series: AKELA 1 — 2 ESCA (20260610-185417-AKELA-wolf-vs-ESCA-angler)
2026-06-10T18:54:21.106Z [sparring] worker 0: AKELA/wolf vs FALCONER/shrike @ arena 703 — series: AKELA 3 — 0 FALCONER (20260610-185420-AKELA-wolf-vs-FALCONER-shrike)
2026-06-10T18:54:21.387Z [sparring] worker 1: AKELA/wolf vs MIMIC/neural @ arena 492 — series: AKELA 3 — 0 MIMIC (20260610-185421-AKELA-wolf-vs-MIMIC-neural)
2026-06-10T18:54:22.771Z [sparring] worker 2: MIMIC/neural vs FALCONER/shrike @ arena 174 — series: MIMIC 0 — 3 FALCONER (20260610-185422-MIMIC-neural-vs-FALCONER-shrike)
2026-06-10T18:54:25.314Z [sparring] worker 0: OKONKWO/reaper vs FALCONER/kestrel @ arena 441 — series: OKONKWO 0 — 3 FALCONER (20260610-185424-OKONKWO-reaper-vs-FALCONER-kestrel)
2026-06-10T18:54:25.740Z [sparring] worker 1: FALCONER/kestrel vs VEGA/pilot @ arena 739 — series: FALCONER 3 — 0 VEGA (20260610-185425-FALCONER-kestrel-vs-VEGA-pilot)
2026-06-10T18:54:27.356Z [sparring] worker 2: FALCONER/shrike vs AKELA/wolf @ arena 690 — series: FALCONER 2 — 0 AKELA (20260610-185427-FALCONER-shrike-vs-AKELA-wolf)
2026-06-10T18:54:30.716Z [sparring] worker 0: ESCA/angler vs VERONICA/matador @ arena 687 — series: ESCA 3 — 0 VERONICA (20260610-185430-ESCA-angler-vs-VERONICA-matador)
2026-06-10T18:54:31.172Z [sparring] worker 1: FALCONER/plover vs MIMIC/neural @ arena 837 — series: FALCONER 3 — 0 MIMIC (20260610-185430-FALCONER-plover-vs-MIMIC-neural)
2026-06-10T18:54:33.412Z [sparring] worker 2: DISCIPLE/disciple vs FALCONER/shrike @ arena 409 — series: DISCIPLE 0 — 3 FALCONER (20260610-185433-DISCIPLE-disciple-vs-FALCONER-shrike)
2026-06-10T18:54:35.019Z [sparring] worker 0: AKELA/wolf vs VEGA/pilot @ arena 654 — series: AKELA 3 — 0 VEGA (20260610-185434-AKELA-wolf-vs-VEGA-pilot)
2026-06-10T18:54:35.437Z [sparring] worker 1: VEGA/pilot vs VERONICA/matador @ arena 763 — series: VEGA 1 — 2 VERONICA (20260610-185435-VEGA-pilot-vs-VERONICA-matador)
2026-06-10T18:54:38.336Z [sparring] worker 2: BELMONTE/cuadrilla vs FALCONER/kestrel @ arena 792 — series: BELMONTE 3 — 0 FALCONER (20260610-185438-BELMONTE-cuadrilla-vs-FALCONER-kestrel)
2026-06-10T18:54:39.659Z [sparring] worker 0: FALCONER/kestrel vs MIMIC/neural @ arena 133 — series: FALCONER 3 — 0 MIMIC (20260610-185439-FALCONER-kestrel-vs-MIMIC-neural)
2026-06-10T18:54:39.778Z [sparring] worker 1: LERNA/hydra vs VERONICA/matador @ arena 220 — series: LERNA 1 — 2 VERONICA (20260610-185439-LERNA-hydra-vs-VERONICA-matador)
2026-06-10T18:54:43.393Z [sparring] worker 2: OKONKWO/reaper vs BELMONTE/cuadrilla @ arena 942 — series: OKONKWO 0 — 3 BELMONTE (20260610-185443-OKONKWO-reaper-vs-BELMONTE-cuadrilla)
2026-06-10T18:54:44.569Z [sparring] worker 0: VEGA/pilot vs BELMONTE/cuadrilla @ arena 704 — series: VEGA 0 — 3 BELMONTE (20260610-185444-VEGA-pilot-vs-BELMONTE-cuadrilla)
2026-06-10T18:54:44.994Z [sparring] worker 1: VERONICA/matador vs BLACKFISH/orca @ arena 208 — series: VERONICA 0 — 3 BLACKFISH (20260610-185444-VERONICA-matador-vs-BLACKFISH-orca)
2026-06-10T18:54:48.582Z [sparring] worker 2: BELMONTE/cuadrilla vs VERONICA/matador @ arena 189 — series: BELMONTE 3 — 0 VERONICA (20260610-185448-BELMONTE-cuadrilla-vs-VERONICA-matador)
2026-06-10T18:54:49.755Z [sparring] worker 0: BLACKFISH/orca vs MIMIC/neural @ arena 803 — series: BLACKFISH 3 — 0 MIMIC (20260610-185449-BLACKFISH-orca-vs-MIMIC-neural)
2026-06-10T18:54:50.318Z [sparring] worker 1: AKELA/wolf vs BELMONTE/cuadrilla @ arena 85 — series: AKELA 0 — 3 BELMONTE (20260610-185450-AKELA-wolf-vs-BELMONTE-cuadrilla)
2026-06-10T18:54:52.684Z [sparring] worker 2: OKONKWO/reaper vs AKELA/wolf @ arena 109 — series: OKONKWO 0 — 3 AKELA (20260610-185452-OKONKWO-reaper-vs-AKELA-wolf)
2026-06-10T18:54:54.071Z [sparring] worker 0: ESCA/angler vs OKONKWO/reaper @ arena 164 — series: ESCA 3 — 0 OKONKWO (20260610-185453-ESCA-angler-vs-OKONKWO-reaper)
2026-06-10T18:54:54.612Z [sparring] worker 1: LERNA/hydra vs FALCONER/kestrel @ arena 379 — series: LERNA 0 — 2 FALCONER (20260610-185454-LERNA-hydra-vs-FALCONER-kestrel)
2026-06-10T18:54:57.069Z [sparring] worker 2: AKELA/wolf vs ESCA/angler @ arena 399 — series: AKELA 0 — 2 ESCA (20260610-185456-AKELA-wolf-vs-ESCA-angler)
2026-06-10T18:54:58.082Z [sparring] worker 0: AKELA/wolf vs VERONICA/matador @ arena 896 — series: AKELA 3 — 0 VERONICA (20260610-185457-AKELA-wolf-vs-VERONICA-matador)
2026-06-10T18:54:58.659Z [sparring] worker 1: VERONICA/matador vs VEGA/pilot @ arena 582 — series: VERONICA 2 — 1 VEGA (20260610-185458-VERONICA-matador-vs-VEGA-pilot)
2026-06-10T18:55:02.090Z [sparring] worker 2: VEGA/pilot vs FALCONER/shrike @ arena 157 — series: VEGA 0 — 3 FALCONER (20260610-185501-VEGA-pilot-vs-FALCONER-shrike)
2026-06-10T18:55:03.334Z [sparring] worker 0: DISCIPLE/disciple vs FALCONER/kestrel @ arena 201 — series: DISCIPLE 0 — 3 FALCONER (20260610-185503-DISCIPLE-disciple-vs-FALCONER-kestrel)
2026-06-10T18:55:03.496Z [sparring] worker 1: BELMONTE/cuadrilla vs AKELA/wolf @ arena 613 — series: BELMONTE 2 — 1 AKELA (20260610-185503-BELMONTE-cuadrilla-vs-AKELA-wolf)
2026-06-10T18:55:06.575Z [sparring] worker 2: BELMONTE/cuadrilla vs VERONICA/matador @ arena 611 — series: BELMONTE 2 — 1 VERONICA (20260610-185506-BELMONTE-cuadrilla-vs-VERONICA-matador)
2026-06-10T18:55:08.264Z [sparring] worker 0: LERNA/hydra vs FALCONER/shrike @ arena 78 — series: LERNA 0 — 3 FALCONER (20260610-185507-LERNA-hydra-vs-FALCONER-shrike)
2026-06-10T18:55:08.891Z [sparring] worker 1: BELMONTE/cuadrilla vs OKONKWO/reaper @ arena 928 — series: BELMONTE 3 — 0 OKONKWO (20260610-185508-BELMONTE-cuadrilla-vs-OKONKWO-reaper)
2026-06-10T18:55:10.985Z [sparring] worker 2: OKONKWO/reaper vs BELMONTE/cuadrilla @ arena 518 — series: OKONKWO 0 — 3 BELMONTE (20260610-185510-OKONKWO-reaper-vs-BELMONTE-cuadrilla)
2026-06-10T18:55:12.334Z [sparring] worker 0: VERONICA/matador vs ESCA/angler @ arena 970 — series: VERONICA 0 — 3 ESCA (20260610-185512-VERONICA-matador-vs-ESCA-angler)
2026-06-10T18:55:13.175Z [sparring] worker 1: VERONICA/matador vs AKELA/wolf @ arena 907 — series: VERONICA 1 — 2 AKELA (20260610-185512-VERONICA-matador-vs-AKELA-wolf)
2026-06-10T18:55:16.140Z [sparring] worker 2: FALCONER/shrike vs LERNA/hydra @ arena 591 — series: FALCONER 2 — 1 LERNA (20260610-185515-FALCONER-shrike-vs-LERNA-hydra)
2026-06-10T18:55:16.738Z [sparring] worker 0: OKONKWO/reaper vs MIMIC/neural @ arena 803 — series: OKONKWO 3 — 0 MIMIC (20260610-185516-OKONKWO-reaper-vs-MIMIC-neural)
2026-06-10T18:55:17.917Z [sparring] worker 1: MIMIC/neural vs FALCONER/plover @ arena 832 — series: MIMIC 0 — 3 FALCONER (20260610-185517-MIMIC-neural-vs-FALCONER-plover)
2026-06-10T18:55:21.081Z [sparring] worker 2: FALCONER/plover vs FALCONER/kestrel @ arena 374 — series: FALCONER 1 — 2 FALCONER (20260610-185520-FALCONER-plover-vs-FALCONER-kestrel)
2026-06-10T18:55:21.311Z [sparring] worker 0: LERNA/hydra vs FALCONER/plover @ arena 975 — series: LERNA 3 — 0 FALCONER (20260610-185520-LERNA-hydra-vs-FALCONER-plover)
2026-06-10T18:55:23.314Z [sparring] worker 1: BELMONTE/cuadrilla vs VEGA/pilot @ arena 971 — series: BELMONTE 3 — 0 VEGA (20260610-185522-BELMONTE-cuadrilla-vs-VEGA-pilot)
2026-06-10T18:55:25.497Z [sparring] worker 2: FALCONER/shrike vs AKELA/wolf @ arena 710 — series: FALCONER 1 — 2 AKELA (20260610-185525-FALCONER-shrike-vs-AKELA-wolf)
2026-06-10T18:55:27.973Z [sparring] worker 0: DISCIPLE/disciple vs BELMONTE/cuadrilla @ arena 491 — series: DISCIPLE 0 — 3 BELMONTE (20260610-185527-DISCIPLE-disciple-vs-BELMONTE-cuadrilla)
2026-06-10T18:55:29.284Z [sparring] worker 1: BLACKFISH/orca vs MIMIC/neural @ arena 246 — series: BLACKFISH 3 — 0 MIMIC (20260610-185528-BLACKFISH-orca-vs-MIMIC-neural)
2026-06-10T18:55:29.313Z [sparring] worker 2: VERONICA/matador vs VEGA/pilot @ arena 992 — series: VERONICA 3 — 0 VEGA (20260610-185529-VERONICA-matador-vs-VEGA-pilot)
2026-06-10T18:55:31.961Z [sparring] worker 0: AKELA/wolf vs FALCONER/kestrel @ arena 371 — series: AKELA 3 — 0 FALCONER (20260610-185531-AKELA-wolf-vs-FALCONER-kestrel)
2026-06-10T18:55:34.164Z [sparring] worker 1: AKELA/wolf vs LERNA/hydra @ arena 378 — series: AKELA 2 — 1 LERNA (20260610-185533-AKELA-wolf-vs-LERNA-hydra)
2026-06-10T18:55:34.635Z [sparring] worker 2: OKONKWO/reaper vs BELMONTE/cuadrilla @ arena 24 — series: OKONKWO 0 — 3 BELMONTE (20260610-185534-OKONKWO-reaper-vs-BELMONTE-cuadrilla)
2026-06-10T18:55:36.347Z [sparring] worker 0: MIMIC/neural vs AKELA/wolf @ arena 690 — series: MIMIC 0 — 3 AKELA (20260610-185536-MIMIC-neural-vs-AKELA-wolf)
2026-06-10T18:55:38.577Z [sparring] worker 1: FALCONER/shrike vs VEGA/pilot @ arena 955 — series: FALCONER 3 — 0 VEGA (20260610-185538-FALCONER-shrike-vs-VEGA-pilot)
2026-06-10T18:55:39.573Z [sparring] worker 2: VEGA/pilot vs LERNA/hydra @ arena 880 — series: VEGA 0 — 3 LERNA (20260610-185539-VEGA-pilot-vs-LERNA-hydra)
2026-06-10T18:55:41.224Z [sparring] worker 0: MIMIC/neural vs VEGA/pilot @ arena 966 — series: MIMIC 0 — 3 VEGA (20260610-185540-MIMIC-neural-vs-VEGA-pilot)
2026-06-10T18:55:43.537Z [sparring] worker 1: BLACKFISH/orca vs VERONICA/matador @ arena 824 — series: BLACKFISH 3 — 0 VERONICA (20260610-185543-BLACKFISH-orca-vs-VERONICA-matador)
2026-06-10T18:55:44.199Z [sparring] worker 2: VEGA/pilot vs DISCIPLE/disciple @ arena 432 — series: VEGA 3 — 0 DISCIPLE (20260610-185543-VEGA-pilot-vs-DISCIPLE-disciple)
2026-06-10T18:55:46.592Z [sparring] worker 0: LERNA/hydra vs BLACKFISH/orca @ arena 875 — series: LERNA 0 — 3 BLACKFISH (20260610-185546-LERNA-hydra-vs-BLACKFISH-orca)
2026-06-10T18:55:48.006Z [sparring] worker 1: OKONKWO/reaper vs ESCA/angler @ arena 668 — series: OKONKWO 0 — 3 ESCA (20260610-185547-OKONKWO-reaper-vs-ESCA-angler)
2026-06-10T18:55:49.041Z [sparring] worker 2: BLACKFISH/orca vs FALCONER/kestrel @ arena 797 — series: BLACKFISH 3 — 0 FALCONER (20260610-185548-BLACKFISH-orca-vs-FALCONER-kestrel)
2026-06-10T18:55:51.007Z [sparring] worker 0: AKELA/wolf vs BLACKFISH/orca @ arena 266 — series: AKELA 0 — 3 BLACKFISH (20260610-185550-AKELA-wolf-vs-BLACKFISH-orca)
2026-06-10T18:55:52.871Z [sparring] worker 1: DISCIPLE/disciple vs VEGA/pilot @ arena 702 — series: DISCIPLE 0 — 3 VEGA (20260610-185552-DISCIPLE-disciple-vs-VEGA-pilot)
2026-06-10T18:55:53.733Z [sparring] worker 2: LERNA/hydra vs VERONICA/matador @ arena 662 — series: LERNA 1 — 2 VERONICA (20260610-185553-LERNA-hydra-vs-VERONICA-matador)
2026-06-10T18:55:55.415Z [sparring] worker 0: FALCONER/kestrel vs MIMIC/neural @ arena 983 — series: FALCONER 3 — 0 MIMIC (20260610-185555-FALCONER-kestrel-vs-MIMIC-neural)
2026-06-10T18:55:57.964Z [sparring] worker 1: FALCONER/shrike vs FALCONER/plover @ arena 350 — series: FALCONER 3 — 0 FALCONER (20260610-185557-FALCONER-shrike-vs-FALCONER-plover)
2026-06-10T18:55:58.615Z [sparring] worker 2: VEGA/pilot vs BELMONTE/cuadrilla @ arena 494 — series: VEGA 0 — 3 BELMONTE (20260610-185558-VEGA-pilot-vs-BELMONTE-cuadrilla)
2026-06-10T18:56:00.358Z [sparring] worker 0: VERONICA/matador vs DISCIPLE/disciple @ arena 233 — series: VERONICA 3 — 0 DISCIPLE (20260610-185600-VERONICA-matador-vs-DISCIPLE-disciple)
2026-06-10T18:56:02.984Z [sparring] worker 2: FALCONER/shrike vs FALCONER/plover @ arena 540 — series: FALCONER 2 — 1 FALCONER (20260610-185602-FALCONER-shrike-vs-FALCONER-plover)
2026-06-10T18:56:04.433Z [sparring] worker 1: LERNA/hydra vs BELMONTE/cuadrilla @ arena 866 — series: LERNA 0 — 3 BELMONTE (20260610-185603-LERNA-hydra-vs-BELMONTE-cuadrilla)
2026-06-10T18:56:05.655Z [sparring] worker 0: AKELA/wolf vs BLACKFISH/orca @ arena 652 — series: AKELA 0 — 3 BLACKFISH (20260610-185605-AKELA-wolf-vs-BLACKFISH-orca)
2026-06-10T18:56:08.782Z [sparring] worker 2: BLACKFISH/orca vs FALCONER/kestrel @ arena 86 — series: BLACKFISH 3 — 0 FALCONER (20260610-185608-BLACKFISH-orca-vs-FALCONER-kestrel)
2026-06-10T18:56:08.967Z [sparring] worker 1: FALCONER/kestrel vs ESCA/angler @ arena 248 — series: FALCONER 0 — 3 ESCA (20260610-185608-FALCONER-kestrel-vs-ESCA-angler)
2026-06-10T18:56:10.739Z [sparring] worker 0: OKONKWO/reaper vs LERNA/hydra @ arena 729 — series: OKONKWO 0 — 3 LERNA (20260610-185610-OKONKWO-reaper-vs-LERNA-hydra)
2026-06-10T18:56:13.733Z [sparring] worker 2: LERNA/hydra vs VERONICA/matador @ arena 129 — series: LERNA 1 — 2 VERONICA (20260610-185613-LERNA-hydra-vs-VERONICA-matador)
2026-06-10T18:56:14.782Z [sparring] worker 1: BELMONTE/cuadrilla vs LERNA/hydra @ arena 620 — series: BELMONTE 3 — 0 LERNA (20260610-185614-BELMONTE-cuadrilla-vs-LERNA-hydra)
2026-06-10T18:56:16.619Z [sparring] worker 0: FALCONER/shrike vs BLACKFISH/orca @ arena 193 — series: FALCONER 0 — 3 BLACKFISH (20260610-185616-FALCONER-shrike-vs-BLACKFISH-orca)
2026-06-10T18:56:18.166Z [sparring] worker 2: VEGA/pilot vs OKONKWO/reaper @ arena 478 — series: VEGA 3 — 0 OKONKWO (20260610-185617-VEGA-pilot-vs-OKONKWO-reaper)
2026-06-10T18:56:21.300Z [sparring] worker 1: BELMONTE/cuadrilla vs DISCIPLE/disciple @ arena 97 — series: BELMONTE 3 — 0 DISCIPLE (20260610-185620-BELMONTE-cuadrilla-vs-DISCIPLE-disciple)
2026-06-10T18:56:23.374Z [sparring] worker 2: DISCIPLE/disciple vs LERNA/hydra @ arena 675 — series: DISCIPLE 0 — 3 LERNA (20260610-185622-DISCIPLE-disciple-vs-LERNA-hydra)
2026-06-10T18:56:23.380Z [sparring] worker 0: BLACKFISH/orca vs DISCIPLE/disciple @ arena 521 — series: BLACKFISH 3 — 0 DISCIPLE (20260610-185622-BLACKFISH-orca-vs-DISCIPLE-disciple)
2026-06-10T18:56:26.681Z [sparring] worker 1: ESCA/angler vs AKELA/wolf @ arena 156 — series: ESCA 3 — 0 AKELA (20260610-185626-ESCA-angler-vs-AKELA-wolf)
2026-06-10T18:56:28.135Z [sparring] worker 2: LERNA/hydra vs AKELA/wolf @ arena 137 — series: LERNA 0 — 3 AKELA (20260610-185627-LERNA-hydra-vs-AKELA-wolf)
2026-06-10T18:56:28.776Z [sparring] worker 0: ESCA/angler vs VEGA/pilot @ arena 638 — series: ESCA 3 — 0 VEGA (20260610-185628-ESCA-angler-vs-VEGA-pilot)
2026-06-10T18:56:32.474Z [sparring] worker 1: FALCONER/shrike vs MIMIC/neural @ arena 564 — series: FALCONER 3 — 0 MIMIC (20260610-185632-FALCONER-shrike-vs-MIMIC-neural)
2026-06-10T18:56:34.197Z [sparring] worker 2: FALCONER/shrike vs BLACKFISH/orca @ arena 406 — series: FALCONER 0 — 3 BLACKFISH (20260610-185633-FALCONER-shrike-vs-BLACKFISH-orca)
2026-06-10T18:56:34.630Z [sparring] worker 0: DISCIPLE/disciple vs FALCONER/shrike @ arena 5 — series: DISCIPLE 0 — 3 FALCONER (20260610-185634-DISCIPLE-disciple-vs-FALCONER-shrike)
2026-06-10T18:56:36.470Z [sparring] worker 1: AKELA/wolf vs FALCONER/kestrel @ arena 656 — series: AKELA 3 — 0 FALCONER (20260610-185636-AKELA-wolf-vs-FALCONER-kestrel)
2026-06-10T18:56:38.756Z [sparring] worker 0: OKONKWO/reaper vs AKELA/wolf @ arena 679 — series: OKONKWO 0 — 3 AKELA (20260610-185638-OKONKWO-reaper-vs-AKELA-wolf)
2026-06-10T18:56:38.988Z [sparring] worker 2: FALCONER/shrike vs OKONKWO/reaper @ arena 55 — series: FALCONER 3 — 0 OKONKWO (20260610-185638-FALCONER-shrike-vs-OKONKWO-reaper)
2026-06-10T18:56:40.806Z [sparring] worker 1: OKONKWO/reaper vs MIMIC/neural @ arena 610 — series: OKONKWO 3 — 0 MIMIC (20260610-185640-OKONKWO-reaper-vs-MIMIC-neural)
2026-06-10T18:56:43.276Z [sparring] worker 2: MIMIC/neural vs VERONICA/matador @ arena 224 — series: MIMIC 0 — 3 VERONICA (20260610-185642-MIMIC-neural-vs-VERONICA-matador)
2026-06-10T18:56:43.688Z [sparring] worker 0: VERONICA/matador vs BELMONTE/cuadrilla @ arena 553 — series: VERONICA 0 — 3 BELMONTE (20260610-185643-VERONICA-matador-vs-BELMONTE-cuadrilla)
2026-06-10T18:56:45.098Z [sparring] worker 1: FALCONER/plover vs FALCONER/kestrel @ arena 984 — series: FALCONER 0 — 3 FALCONER (20260610-185644-FALCONER-plover-vs-FALCONER-kestrel)
2026-06-10T18:56:48.195Z [sparring] worker 0: FALCONER/plover vs LERNA/hydra @ arena 551 — series: FALCONER 1 — 1 LERNA (20260610-185647-FALCONER-plover-vs-LERNA-hydra)
2026-06-10T18:56:48.618Z [sparring] worker 2: VEGA/pilot vs BELMONTE/cuadrilla @ arena 339 — series: VEGA 0 — 3 BELMONTE (20260610-185648-VEGA-pilot-vs-BELMONTE-cuadrilla)
2026-06-10T18:56:50.131Z [sparring] worker 1: MIMIC/neural vs BELMONTE/cuadrilla @ arena 355 — series: MIMIC 0 — 3 BELMONTE (20260610-185649-MIMIC-neural-vs-BELMONTE-cuadrilla)
2026-06-10T18:56:52.407Z [sparring] worker 0: VERONICA/matador vs VEGA/pilot @ arena 6 — series: VERONICA 2 — 0 VEGA (20260610-185652-VERONICA-matador-vs-VEGA-pilot)
2026-06-10T18:56:52.950Z [sparring] worker 2: AKELA/wolf vs FALCONER/shrike @ arena 733 — series: AKELA 0 — 3 FALCONER (20260610-185652-AKELA-wolf-vs-FALCONER-shrike)
2026-06-10T18:56:54.906Z [sparring] worker 1: MIMIC/neural vs LERNA/hydra @ arena 492 — series: MIMIC 0 — 3 LERNA (20260610-185654-MIMIC-neural-vs-LERNA-hydra)
2026-06-10T18:56:57.280Z [sparring] worker 2: FALCONER/shrike vs AKELA/wolf @ arena 923 — series: FALCONER 0 — 3 AKELA (20260610-185656-FALCONER-shrike-vs-AKELA-wolf)
2026-06-10T18:56:58.308Z [sparring] worker 0: DISCIPLE/disciple vs FALCONER/plover @ arena 115 — series: DISCIPLE 0 — 3 FALCONER (20260610-185657-DISCIPLE-disciple-vs-FALCONER-plover)
2026-06-10T18:56:59.088Z [sparring] worker 1: AKELA/wolf vs ESCA/angler @ arena 906 — series: AKELA 1 — 2 ESCA (20260610-185658-AKELA-wolf-vs-ESCA-angler)
2026-06-10T18:57:01.864Z [sparring] worker 2: FALCONER/kestrel vs VERONICA/matador @ arena 393 — series: FALCONER 0 — 3 VERONICA (20260610-185701-FALCONER-kestrel-vs-VERONICA-matador)
2026-06-10T18:57:03.776Z [sparring] worker 1: VERONICA/matador vs AKELA/wolf @ arena 533 — series: VERONICA 0 — 3 AKELA (20260610-185703-VERONICA-matador-vs-AKELA-wolf)
2026-06-10T18:57:04.024Z [sparring] worker 0: FALCONER/plover vs DISCIPLE/disciple @ arena 242 — series: FALCONER 3 — 0 DISCIPLE (20260610-185703-FALCONER-plover-vs-DISCIPLE-disciple)
2026-06-10T18:57:06.419Z [sparring] worker 2: BLACKFISH/orca vs VEGA/pilot @ arena 487 — series: BLACKFISH 3 — 0 VEGA (20260610-185706-BLACKFISH-orca-vs-VEGA-pilot)
2026-06-10T18:57:08.532Z [sparring] worker 1: ESCA/angler vs OKONKWO/reaper @ arena 537 — series: ESCA 3 — 0 OKONKWO (20260610-185708-ESCA-angler-vs-OKONKWO-reaper)
2026-06-10T18:57:08.687Z [sparring] worker 0: FALCONER/kestrel vs DISCIPLE/disciple @ arena 50 — series: FALCONER 3 — 0 DISCIPLE (20260610-185708-FALCONER-kestrel-vs-DISCIPLE-disciple)
2026-06-10T18:57:11.358Z [sparring] worker 2: BELMONTE/cuadrilla vs LERNA/hydra @ arena 403 — series: BELMONTE 2 — 0 LERNA (20260610-185711-BELMONTE-cuadrilla-vs-LERNA-hydra)
2026-06-10T18:57:12.397Z [sparring] worker 0: AKELA/wolf vs VEGA/pilot @ arena 861 — series: AKELA 3 — 0 VEGA (20260610-185712-AKELA-wolf-vs-VEGA-pilot)
2026-06-10T18:57:13.241Z [sparring] worker 1: BELMONTE/cuadrilla vs VERONICA/matador @ arena 910 — series: BELMONTE 3 — 0 VERONICA (20260610-185712-BELMONTE-cuadrilla-vs-VERONICA-matador)
2026-06-10T18:57:15.996Z [sparring] worker 2: BLACKFISH/orca vs AKELA/wolf @ arena 126 — series: BLACKFISH 2 — 1 AKELA (20260610-185715-BLACKFISH-orca-vs-AKELA-wolf)
2026-06-10T18:57:16.236Z [sparring] worker 0: VEGA/pilot vs VERONICA/matador @ arena 641 — series: VEGA 1 — 2 VERONICA (20260610-185715-VEGA-pilot-vs-VERONICA-matador)
2026-06-10T18:57:18.185Z [sparring] worker 1: BLACKFISH/orca vs ESCA/angler @ arena 934 — series: BLACKFISH 1 — 2 ESCA (20260610-185717-BLACKFISH-orca-vs-ESCA-angler)
2026-06-10T18:57:19.936Z [sparring] worker 2: FALCONER/plover vs AKELA/wolf @ arena 600 — series: FALCONER 0 — 3 AKELA (20260610-185719-FALCONER-plover-vs-AKELA-wolf)
2026-06-10T18:57:20.917Z [sparring] worker 0: FALCONER/shrike vs OKONKWO/reaper @ arena 662 — series: FALCONER 3 — 0 OKONKWO (20260610-185720-FALCONER-shrike-vs-OKONKWO-reaper)
2026-06-10T18:57:22.455Z [sparring] worker 1: FALCONER/kestrel vs MIMIC/neural @ arena 818 — series: FALCONER 3 — 0 MIMIC (20260610-185722-FALCONER-kestrel-vs-MIMIC-neural)
2026-06-10T18:57:24.316Z [sparring] worker 2: DISCIPLE/disciple vs AKELA/wolf @ arena 785 — series: DISCIPLE 0 — 3 AKELA (20260610-185724-DISCIPLE-disciple-vs-AKELA-wolf)
2026-06-10T18:57:26.211Z [sparring] worker 0: LERNA/hydra vs BLACKFISH/orca @ arena 424 — series: LERNA 0 — 3 BLACKFISH (20260610-185725-LERNA-hydra-vs-BLACKFISH-orca)
2026-06-10T18:57:27.797Z [sparring] worker 1: DISCIPLE/disciple vs LERNA/hydra @ arena 388 — series: DISCIPLE 0 — 3 LERNA (20260610-185727-DISCIPLE-disciple-vs-LERNA-hydra)
2026-06-10T18:57:28.289Z [sparring] worker 2: FALCONER/shrike vs VERONICA/matador @ arena 402 — series: FALCONER 3 — 0 VERONICA (20260610-185728-FALCONER-shrike-vs-VERONICA-matador)
2026-06-10T18:57:31.385Z [sparring] worker 0: AKELA/wolf vs DISCIPLE/disciple @ arena 639 — series: AKELA 3 — 0 DISCIPLE (20260610-185731-AKELA-wolf-vs-DISCIPLE-disciple)
2026-06-10T18:57:32.664Z [sparring] worker 1: OKONKWO/reaper vs AKELA/wolf @ arena 907 — series: OKONKWO 0 — 3 AKELA (20260610-185732-OKONKWO-reaper-vs-AKELA-wolf)
2026-06-10T18:57:34.129Z [sparring] worker 2: MIMIC/neural vs BELMONTE/cuadrilla @ arena 197 — series: MIMIC 0 — 3 BELMONTE (20260610-185733-MIMIC-neural-vs-BELMONTE-cuadrilla)
2026-06-10T18:57:35.626Z [sparring] worker 0: LERNA/hydra vs VEGA/pilot @ arena 672 — series: LERNA 3 — 0 VEGA (20260610-185735-LERNA-hydra-vs-VEGA-pilot)
2026-06-10T18:57:36.489Z [sparring] worker 1: VEGA/pilot vs AKELA/wolf @ arena 451 — series: VEGA 0 — 3 AKELA (20260610-185736-VEGA-pilot-vs-AKELA-wolf)
2026-06-10T18:57:38.859Z [sparring] worker 2: FALCONER/shrike vs BELMONTE/cuadrilla @ arena 949 — series: FALCONER 0 — 3 BELMONTE (20260610-185738-FALCONER-shrike-vs-BELMONTE-cuadrilla)
2026-06-10T18:57:40.195Z [sparring] worker 0: BLACKFISH/orca vs AKELA/wolf @ arena 100 — series: BLACKFISH 3 — 0 AKELA (20260610-185739-BLACKFISH-orca-vs-AKELA-wolf)
2026-06-10T18:57:41.360Z [sparring] worker 1: BELMONTE/cuadrilla vs FALCONER/shrike @ arena 60 — series: BELMONTE 2 — 1 FALCONER (20260610-185740-BELMONTE-cuadrilla-vs-FALCONER-shrike)
2026-06-10T18:57:43.165Z [sparring] worker 2: AKELA/wolf vs FALCONER/plover @ arena 71 — series: AKELA 3 — 0 FALCONER (20260610-185742-AKELA-wolf-vs-FALCONER-plover)
2026-06-10T18:57:44.785Z [sparring] worker 0: DISCIPLE/disciple vs VEGA/pilot @ arena 418 — series: DISCIPLE 0 — 3 VEGA (20260610-185744-DISCIPLE-disciple-vs-VEGA-pilot)
2026-06-10T18:57:45.423Z [sparring] worker 1: VEGA/pilot vs FALCONER/shrike @ arena 60 — series: VEGA 0 — 3 FALCONER (20260610-185745-VEGA-pilot-vs-FALCONER-shrike)
2026-06-10T18:57:47.757Z [sparring] worker 2: DISCIPLE/disciple vs FALCONER/kestrel @ arena 266 — series: DISCIPLE 0 — 3 FALCONER (20260610-185747-DISCIPLE-disciple-vs-FALCONER-kestrel)
2026-06-10T18:57:48.757Z [sparring] worker 0: FALCONER/shrike vs FALCONER/kestrel @ arena 708 — series: FALCONER 1 — 2 FALCONER (20260610-185748-FALCONER-shrike-vs-FALCONER-kestrel)
2026-06-10T18:57:51.116Z [sparring] worker 1: MIMIC/neural vs BLACKFISH/orca @ arena 499 — series: MIMIC 0 — 3 BLACKFISH (20260610-185750-MIMIC-neural-vs-BLACKFISH-orca)
2026-06-10T18:57:52.630Z [sparring] worker 2: LERNA/hydra vs BLACKFISH/orca @ arena 72 — series: LERNA 0 — 3 BLACKFISH (20260610-185752-LERNA-hydra-vs-BLACKFISH-orca)
2026-06-10T18:57:53.280Z [sparring] worker 0: FALCONER/plover vs FALCONER/kestrel @ arena 831 — series: FALCONER 1 — 2 FALCONER (20260610-185752-FALCONER-plover-vs-FALCONER-kestrel)
2026-06-10T18:57:56.062Z [sparring] worker 1: FALCONER/kestrel vs BLACKFISH/orca @ arena 198 — series: FALCONER 0 — 3 BLACKFISH (20260610-185755-FALCONER-kestrel-vs-BLACKFISH-orca)
2026-06-10T18:57:57.828Z [sparring] worker 2: VEGA/pilot vs BELMONTE/cuadrilla @ arena 798 — series: VEGA 0 — 3 BELMONTE (20260610-185757-VEGA-pilot-vs-BELMONTE-cuadrilla)
2026-06-10T18:57:58.375Z [sparring] worker 0: OKONKWO/reaper vs DISCIPLE/disciple @ arena 555 — series: OKONKWO 3 — 0 DISCIPLE (20260610-185758-OKONKWO-reaper-vs-DISCIPLE-disciple)
